/**
 * generated by fontconvert.py
 * name: bitter_12_italic
 * size: 12
 * mode: 2-bit  compressed: true
 * Command used: fontconvert.py bitter_12_italic 12 ../builtinFonts/source/Bitter/Bitter-Italic.ttf ../builtinFonts/source/NotoSerifGreek/NotoSerifGreek-Italic.ttf ../builtinFonts/source/ChareInk7/ChareInk7-Italic.ttf ../builtinFonts/source/NotoSymbols/NotoSansSymbols-Regular.ttf --additional-intervals 0x03BB,0x03BB --additional-intervals 0x0410,0x0414 --additional-intervals 0x0418,0x0418 --additional-intervals 0x041B,0x041B --additional-intervals 0x041D,0x0423 --additional-intervals 0x0425,0x0425 --additional-intervals 0x0427,0x0427 --additional-intervals 0x042B,0x042C --additional-intervals 0x042E,0x0432 --additional-intervals 0x0434,0x0435 --additional-intervals 0x0437,0x0437 --additional-intervals 0x043A,0x043A --additional-intervals 0x043D,0x043E --additional-intervals 0x0440,0x0440 --additional-intervals 0x0442,0x0442 --additional-intervals 0x0446,0x0446 --additional-intervals 0x044C,0x044C --additional-intervals 0x044E,0x044E --additional-intervals 0x2113,0x2113 --additional-intervals 0x037E,0x037E --additional-intervals 0x0384,0x038A --additional-intervals 0x038C,0x038C --additional-intervals 0x038E,0x03A1 --additional-intervals 0x03A3,0x03CE --additional-intervals 0x2669,0x266F --font-include-intervals 1:0x037E,0x037E --font-include-intervals 1:0x0384,0x038A --font-include-intervals 1:0x038C,0x038C --font-include-intervals 1:0x038E,0x03A1 --font-include-intervals 1:0x03A3,0x03CE --font-exclude-intervals 0:0x037E,0x037E --font-exclude-intervals 0:0x0384,0x038A --font-exclude-intervals 0:0x038C,0x038C --font-exclude-intervals 0:0x038E,0x03A1 --font-exclude-intervals 0:0x03A3,0x03CE --font-include-intervals 2:0x03BB,0x03BB --font-include-intervals 2:0x0410,0x0414 --font-include-intervals 2:0x0418,0x0418 --font-include-intervals 2:0x041B,0x041B --font-include-intervals 2:0x041D,0x0423 --font-include-intervals 2:0x0425,0x0425 --font-include-intervals 2:0x0427,0x0427 --font-include-intervals 2:0x042B,0x042C --font-include-intervals 2:0x042E,0x0432 --font-include-intervals 2:0x0434,0x0435 --font-include-intervals 2:0x0437,0x0437 --font-include-intervals 2:0x043A,0x043A --font-include-intervals 2:0x043D,0x043E --font-include-intervals 2:0x0440,0x0440 --font-include-intervals 2:0x0442,0x0442 --font-include-intervals 2:0x0446,0x0446 --font-include-intervals 2:0x044C,0x044C --font-include-intervals 2:0x044E,0x044E --font-include-intervals 2:0x2113,0x2113 --font-include-intervals 3:0x2669,0x266F --2bit --compress --pnum --darken-aa --zopfli
 */
#pragma once
#include "EpdFontData.h"

static const uint8_t bitter_12_italicBitmaps[24533] = {
    0xA5, 0x98, 0x01, 0xA4, 0x25, 0x59, 0x7A, 0xC7, 0x7F, 0x55, 0x67, 0xBB, 0x8B, 0x29, 0xC9, 0x59,
    0xF4, 0xC8, 0x66, 0x56, 0xA6, 0x16, 0x83, 0x35, 0x99, 0x79, 0x05, 0xC1, 0xE2, 0xDE, 0x5B, 0x87,
    0x00, 0x82, 0x6D, 0x4C, 0x27, 0x18, 0x64, 0x10, 0xB0, 0xF0, 0x82, 0x41, 0x27, 0xEE, 0x7D, 0x75,
    0x76, 0x07, 0x00, 0xD3, 0x88, 0x20, 0x81, 0x87, 0x25, 0x3D, 0x6F, 0x44, 0x2F, 0x1E, 0x9A, 0xDC,
    0x7E, 0x75, 0x32, 0x03, 0x18, 0x4C, 0xC1, 0x0A, 0x42, 0xB6, 0x76, 0x33, 0x1D, 0x32, 0x30, 0x67,
    0x77, 0x2A, 0x52, 0xD3, 0x53, 0xF7, 0x7E, 0x39, 0xA7, 0xEA, 0xBE, 0x7E, 0xEF, 0x8D, 0x99, 0xB0,
    0x49, 0x9D, 0xF3, 0xFF, 0xD7, 0x73, 0xEB, 0x9D, 0xFF, 0xF9, 0xCE, 0x57, 0xDF, 0x77, 0xBE, 0xAA,
    0x4A, 0x4E, 0x95, 0x57, 0x5D, 0x68, 0x6D, 0xE6, 0x72, 0x97, 0xDB, 0xDC, 0x6A, 0xA3, 0xD1, 0x7C,
    0x0B, 0x80, 0x25, 0x35, 0x1B, 0xE0, 0xCE, 0x9D, 0xED, 0xFA, 0xF1, 0xF6, 0xFC, 0xB1, 0x3F, 0xF7,
    0xE1, 0x00, 0x6E, 0x9B, 0xB7, 0xD0, 0xC6, 0xA3, 0xF1, 0x1C, 0xA5, 0x1D, 0x4B, 0xD5, 0xE6, 0x22,
    0xFB, 0xDB, 0xFB, 0x47, 0xFF, 0xC9, 0x63, 0x6D, 0xF0, 0x1A, 0x7C, 0x41, 0xDA, 0x1D, 0xF1, 0x7B,
    0x4F, 0x4F, 0x4C, 0x23, 0xD2, 0x7D, 0xF7, 0xE7, 0x4F, 0x8C, 0xB6, 0xFD, 0x34, 0xA4, 0x48, 0xE6,
    0x61, 0x10, 0x90, 0x04, 0xA4, 0x2D, 0x64, 0x9F, 0x40, 0x23, 0x4E, 0xED, 0x1F, 0xB9, 0xBC, 0x55,
    0x4E, 0xBB, 0x00, 0x9B, 0x1A, 0xED, 0x40, 0x0F, 0xA0, 0xA4, 0x83, 0x66, 0x84, 0x54, 0x80, 0x8A,
    0xEF, 0x51, 0xF2, 0x76, 0xC0, 0x39, 0x2B, 0x86, 0x64, 0x44, 0xC4, 0x53, 0x8A, 0x81, 0x73, 0xE0,
    0x67, 0x80, 0x07, 0xEE, 0x42, 0x3A, 0x90, 0x1B, 0x2D, 0x14, 0x2C, 0x73, 0xBB, 0xE0, 0x7E, 0x66,
    0x7B, 0xCE, 0xB3, 0x77, 0x5A, 0x7C, 0xFE, 0x27, 0x96, 0x5E, 0x17, 0xB0, 0x39, 0x59, 0x40, 0xD9,
    0xF7, 0x90, 0xFC, 0xF1, 0x2F, 0x77, 0x90, 0x7F, 0x2C, 0x86, 0xE2, 0x48, 0x39, 0x16, 0x8B, 0x40,
    0xFD, 0x7D, 0xE5, 0xD2, 0x2E, 0x50, 0xE6, 0xEE, 0x07, 0x29, 0x96, 0xC7, 0x2C, 0x29, 0x06, 0xEE,
    0x90, 0x18, 0x78, 0x61, 0x6F, 0x68, 0xC4, 0xA7, 0xBB, 0x3F, 0xEB, 0xB2, 0x2E, 0x6D, 0x73, 0x97,
    0xBA, 0xDC, 0x41, 0xD6, 0x82, 0xFA, 0xE2, 0xDE, 0x1B, 0x34, 0xB2, 0x53, 0x22, 0xBD, 0x76, 0x59,
    0x5B, 0x91, 0xB9, 0x15, 0xB9, 0xDB, 0xA0, 0xDD, 0x09, 0x85, 0xA9, 0x4C, 0x4D, 0x29, 0x23, 0xB9,
    0x74, 0x70, 0x27, 0xF4, 0xED, 0xE3, 0xE8, 0x60, 0x50, 0x06, 0xED, 0x28, 0x61, 0x0D, 0x03, 0xA9,
    0x47, 0x75, 0xE4, 0x0E, 0x6D, 0x29, 0x0C, 0x25, 0x54, 0xB0, 0x82, 0xE5, 0xD4, 0x17, 0xB1, 0x1F,
    0xFE, 0x5E, 0x41, 0x09, 0x1A, 0xB4, 0x25, 0x73, 0x28, 0x07, 0xC0, 0xF7, 0x60, 0x80, 0xF5, 0xE5,
    0xE5, 0x02, 0xB4, 0x99, 0xBA, 0xBD, 0xD6, 0x0D, 0x05, 0x07, 0xE9, 0x25, 0x6C, 0x6F, 0xCC, 0x5B,
    0xC0, 0x0A, 0xEE, 0x73, 0x79, 0x78, 0xE8, 0xF8, 0xC1, 0xBF, 0x9A, 0xBA, 0x31, 0xAA, 0x43, 0xFF,
    0x8C, 0xE5, 0x82, 0xEF, 0xBF, 0x02, 0xFA, 0xB2, 0xBF, 0x0C, 0x47, 0xD4, 0xB2, 0x6F, 0x44, 0x66,
    0xFB, 0xE2, 0xE0, 0xC7, 0x70, 0x0E, 0x77, 0xD1, 0x94, 0xB6, 0x34, 0x05, 0x4B, 0xCE, 0x39, 0xE5,
    0xC5, 0x7B, 0xB5, 0xD4, 0xFB, 0xE5, 0xC5, 0x06, 0x00, 0x7E, 0x17, 0x5E, 0x9B, 0x06, 0x9C, 0x83,
    0x27, 0xE9, 0x50, 0x8E, 0xCC, 0x1E, 0x64, 0x5F, 0x9F, 0xA5, 0xAE, 0xAE, 0x84, 0x9E, 0x9B, 0xC3,
    0x84, 0xF3, 0x15, 0x80, 0xEF, 0x7E, 0x02, 0x22, 0x64, 0x5F, 0x1C, 0x3B, 0xDD, 0xE6, 0x6D, 0x19,
    0x8C, 0xAC, 0x50, 0xDD, 0x26, 0x60, 0x3B, 0xA3, 0xDD, 0x92, 0xBB, 0x2D, 0xDA, 0x6D, 0x28, 0x4D,
    0xC5, 0x05, 0x85, 0x0C, 0x64, 0xD2, 0xC2, 0x1D, 0xA0, 0x30, 0x88, 0xC9, 0x85, 0xEA, 0x98, 0xEF,
    0xCC, 0x9E, 0x9E, 0x9D, 0xBD, 0x86, 0x2D, 0x8C, 0xB1, 0x97, 0x62, 0x1B, 0x71, 0x1C, 0x7F, 0x42,
    0x2E, 0x82, 0x7E, 0xDA, 0x58, 0x8D, 0x76, 0x11, 0xB7, 0xD0, 0x16, 0x4A, 0xE0, 0x02, 0xD2, 0x01,
    0x74, 0x07, 0x8D, 0x21, 0x1B, 0xA0, 0x6A, 0xA1, 0x16, 0xA1, 0x09, 0xE0, 0x0F, 0x07, 0x94, 0x88,
    0x51, 0x4F, 0x8F, 0x5D, 0x66, 0x73, 0x97, 0x99, 0xDC, 0x25, 0xE4, 0x8E, 0x69, 0x7C, 0x13, 0x7A,
    0x1F, 0x30, 0x02, 0x35, 0xB3, 0x5E, 0x71, 0x38, 0x57, 0xBC, 0x9D, 0xEC, 0x10, 0xE9, 0x29, 0xC5,
    0xC1, 0x5D, 0x60, 0x1A, 0x57, 0x06, 0xD4, 0x01, 0xE2, 0x50, 0xBF, 0x70, 0xE8, 0x77, 0x2D, 0xA5,
    0xB6, 0x6C, 0x0B, 0x93, 0xF8, 0x12, 0xD5, 0x96, 0x68, 0x53, 0x51, 0xDD, 0xAB, 0xEF, 0x56, 0x22,
    0x3E, 0x02, 0xD6, 0xC0, 0x16, 0x18, 0x67, 0x9C, 0x9D, 0x59, 0x44, 0x5C, 0xB2, 0x3F, 0xB3, 0xA9,
    0x87, 0x08, 0x15, 0xD1, 0x05, 0x3C, 0x33, 0x64, 0x32, 0x70, 0xFB, 0xFD, 0x3D, 0x50, 0x7D, 0x05,
    0x17, 0xBC, 0x92, 0x8E, 0x34, 0x53, 0x0A, 0x5A, 0x78, 0x03, 0x48, 0x1A, 0x8B, 0x16, 0x47, 0xFD,
    0xD4, 0x26, 0xE3, 0xAC, 0xA3, 0x0F, 0xAB, 0x2B, 0x5F, 0x38, 0xA5, 0x92, 0x3D, 0xD5, 0xD3, 0x86,
    0x13, 0x0A, 0x1B, 0xF3, 0x21, 0x20, 0x9C, 0x0B, 0xBB, 0xA2, 0xA2, 0x32, 0x7B, 0xB4, 0x0C, 0xA8,
    0xC3, 0x1D, 0x79, 0xF5, 0xEC, 0x8C, 0x4A, 0xC4, 0x44, 0xDF, 0xC5, 0x74, 0xF7, 0x8C, 0x90, 0x0C,
    0xB3, 0x68, 0xDE, 0xCE, 0xC2, 0x25, 0x70, 0x02, 0x5F, 0x77, 0xA9, 0x3A, 0x5C, 0x9A, 0xA3, 0x63,
    0x00, 0x11, 0xD4, 0x50, 0xBA, 0x3C, 0x34, 0x6D, 0xB3, 0x80, 0x70, 0x76, 0x85, 0xCD, 0xFB, 0x0B,
    0x52, 0xF1, 0x28, 0x19, 0x28, 0x7E, 0xBC, 0x27, 0xDA, 0xB2, 0xA5, 0x60, 0xA0, 0x64, 0xA4, 0xE2,
    0x09, 0x3B, 0x2A, 0xE9, 0xD1, 0x62, 0xE1, 0x6E, 0xD4, 0xEA, 0x40, 0xF6, 0x21, 0xCF, 0x6B, 0xA3,
    0x67, 0x05, 0x57, 0x12, 0xF3, 0x7C, 0x46, 0x69, 0x4B, 0xA7, 0x45, 0x5C, 0x2A, 0xEF, 0x3A, 0x28,
    0x0C, 0x54, 0xC0, 0x13, 0x48, 0x47, 0x28, 0x3C, 0x95, 0x58, 0xAA, 0x1D, 0xDC, 0x32, 0x90, 0xDB,
    0xA0, 0x60, 0xB9, 0x76, 0x2C, 0xB9, 0x60, 0x03, 0xA4, 0x5D, 0xDC, 0xA2, 0xB9, 0x76, 0xC4, 0x0C,
    0x2A, 0xA6, 0x0C, 0xBA, 0xCF, 0x29, 0x00, 0x1C, 0x91, 0x09, 0x4D, 0x9F, 0xEF, 0xA9, 0x5B, 0x2E,
    0xA0, 0xEA, 0x49, 0xC5, 0x50, 0xF6, 0x24, 0x3D, 0x7C, 0x5B, 0x8B, 0xD8, 0x22, 0x00, 0x00, 0x98,
    0xBD, 0x2F, 0xC2, 0xE5, 0x91, 0x5B, 0xD0, 0x03, 0x24, 0xD2, 0x42, 0xBE, 0x03, 0x1A, 0x13, 0x00,
    0xC5, 0x40, 0x1A, 0xAD, 0xEC, 0x61, 0x05, 0x00, 0xDC, 0xDE, 0x53, 0x8A, 0xFB, 0x9D, 0x37, 0x3B,
    0xD4, 0xD4, 0xB5, 0xA3, 0x32, 0xC9, 0x38, 0xFD, 0x69, 0xD1, 0x50, 0xC0, 0xB7, 0xAE, 0x16, 0x41,
    0x7D, 0x35, 0x34, 0x2E, 0x34, 0x95, 0x3D, 0x94, 0x9F, 0x36, 0x8E, 0x1D, 0x61, 0x61, 0x1E, 0x86,
    0xDC, 0xD5, 0xFD, 0x42, 0xAB, 0x67, 0xFD, 0xA2, 0xCC, 0x9D, 0x5F, 0x2E, 0x35, 0x7E, 0xB9, 0x38,
    0x0A, 0xB4, 0x7E, 0x3D, 0xED, 0x16, 0xEB, 0xA5, 0xEA, 0xD6, 0xEB, 0x65, 0xDE, 0xF6, 0xEB, 0xF2,
    0x1F, 0x7F, 0xE5, 0x17, 0xDA, 0x8B, 0x5B, 0xC2, 0xEF, 0x53, 0x00, 0xE8, 0xF6, 0x76, 0xD4, 0x14,
    0xA0, 0xFC, 0x04, 0xE0, 0x05, 0xC3, 0x9C, 0x0B, 0x54, 0x91, 0xFE, 0x29, 0xD2, 0xE7, 0x2D, 0xA4,
    0xFF, 0xDE, 0x81, 0xFA, 0xC0, 0x43, 0xFE, 0x93, 0x40, 0x3A, 0x09, 0x74, 0x44, 0x0F, 0x0B, 0x06,
    0x68, 0x24, 0x90, 0xC8, 0x88, 0xF2, 0x04, 0x72, 0x6C, 0xD1, 0x8E, 0x0D, 0x75, 0x17, 0x96, 0x2F,
    0x3E, 0x17, 0x97, 0x9E, 0xBD, 0x47, 0x26, 0xD2, 0xB1, 0x7B, 0x73, 0x60, 0xCB, 0x38, 0xB5, 0x21,
    0xB6, 0xA4, 0x4F, 0xFA, 0xBC, 0x0B, 0x36, 0x98, 0x00, 0xAB, 0x7C, 0xDE, 0x29, 0x1F, 0x5A, 0x97,
    0xFA, 0xAC, 0x0D, 0x70, 0xE1, 0x17, 0x57, 0xB4, 0xC7, 0xE1, 0xBA, 0xC8, 0x00, 0xE9, 0xDE, 0x50,
    0xC9, 0x80, 0xFC, 0xDD, 0xA0, 0x7A, 0xFA, 0xBC, 0xC5, 0x6B, 0xCB, 0xE9, 0x9C, 0xDA, 0xB0, 0x02,
    0x36, 0xC0, 0x93, 0x03, 0x36, 0xCF, 0xD3, 0x2C, 0xA5, 0x68, 0x0B, 0x9B, 0x8B, 0x90, 0x48, 0x0F,
    0xB7, 0x20, 0x3D, 0x3B, 0x33, 0xD1, 0xA8, 0x1E, 0xF6, 0xEF, 0xEF, 0x60, 0x4B, 0x05, 0x23, 0x85,
    0x65, 0x40, 0xBB, 0x89, 0x92, 0x3E, 0x50, 0xEA, 0x0F, 0x14, 0xAC, 0x23, 0xEE, 0x87, 0x54, 0x04,
    0xAA, 0xC9, 0x5A, 0x46, 0x82, 0x85, 0x03, 0xC1, 0xC4, 0x8E, 0x60, 0xA3, 0x25, 0x1A, 0x19, 0x95,
    0x1F, 0x06, 0xE1, 0x91, 0xFD, 0xD9, 0x63, 0xB6, 0xDC, 0x67, 0xE4, 0x8F, 0x18, 0x20, 0x22, 0xE9,
    0x67, 0x8F, 0x47, 0xA8, 0xAB, 0x2D, 0x22, 0x8A, 0x99, 0xA0, 0xE5, 0xF2, 0x80, 0xA0, 0xE4, 0x24,
    0xA8, 0x05, 0x9D, 0x9F, 0x06, 0x9D, 0x21, 0xE8, 0x44, 0xAF, 0x9D, 0x33, 0xF2, 0x97, 0x37, 0x75,
    0xF6, 0x13, 0xD4, 0x7F, 0xBD, 0x71, 0x4D, 0x27, 0xC0, 0x41, 0x1E, 0x70, 0x3C, 0x80, 0x8C, 0x40,
    0x2A, 0x0F, 0xA0, 0x94, 0x1D, 0xC8, 0xDF, 0xEE, 0x50, 0x03, 0x0B, 0xF2, 0x2E, 0x90, 0x76, 0x7C,
    0x9F, 0x12, 0xA0, 0x02, 0x58, 0x01, 0x6C, 0x78, 0xE1, 0x8C, 0x27, 0x68, 0x09, 0x94, 0xF6, 0x6C,
    0x48, 0x3D, 0xAB, 0x48, 0x15, 0x71, 0xFD, 0x2E, 0xEB, 0xD0, 0x22, 0xED, 0x1C, 0x8A, 0xDC, 0x22,
    0x2E, 0xD7, 0xBE, 0xF4, 0x5E, 0x26, 0x6D, 0xB5, 0x67, 0x47, 0xB8, 0xBC, 0x9D, 0x3D, 0x93, 0x3B,
    0x06, 0xF2, 0xEB, 0x8E, 0x8C, 0x6B, 0x8A, 0x64, 0x94, 0xA7, 0x98, 0xD4, 0x98, 0xBC, 0x99, 0xB5,
    0x91, 0x1C, 0xB1, 0xBC, 0xB3, 0xE4, 0xB8, 0x8F, 0x61, 0x33, 0x4E, 0x61, 0x63, 0x83, 0x2E, 0xBB,
    0xCB, 0xDA, 0x31, 0xC4, 0x1E, 0xB4, 0x52, 0x1F, 0xBB, 0x9A, 0x7B, 0x17, 0xC7, 0x67, 0x8E, 0xDC,
    0x85, 0x91, 0xC8, 0x48, 0x5C, 0x00, 0xA5, 0x80, 0xEA, 0xAF, 0xFC, 0x7B, 0xE9, 0x9B, 0xDC, 0xCD,
    0xD0, 0x97, 0xB0, 0x01, 0xE6, 0x7A, 0x81, 0xB8, 0x8A, 0xA4, 0x35, 0x24, 0x23, 0x54, 0x3E, 0xC0,
    0x4E, 0xEB, 0x3C, 0x7B, 0x90, 0xC9, 0x07, 0x31, 0x8C, 0x39, 0x81, 0x2D, 0x23, 0x8C, 0xE9, 0x9C,
    0x84, 0x81, 0xB4, 0x21, 0xE9, 0x57, 0x90, 0xCA, 0x78, 0x20, 0xE5, 0x9F, 0x44, 0xAA, 0x02, 0x75,
    0xA5, 0x21, 0x6B, 0xB5, 0x23, 0x73, 0x79, 0x4B, 0xEE, 0x94, 0x8F, 0xEB, 0xDC, 0x23, 0x23, 0x12,
    0x94, 0x1F, 0xCC, 0x15, 0x74, 0x77, 0x55, 0x52, 0x6E, 0xDC, 0x68, 0x3F, 0xE3, 0x66, 0xC0, 0x28,
    0x13, 0xB4, 0x4C, 0xEE, 0x74, 0x0C, 0x3D, 0x44, 0xA2, 0x0E, 0xBC, 0x74, 0x9A, 0x09, 0xD4, 0x1E,
    0xB1, 0x08, 0x34, 0x2E, 0xDD, 0x83, 0xB8, 0x2C, 0xF0, 0x97, 0xAD, 0xDE, 0xC0, 0xE7, 0xBE, 0x5C,
    0x93, 0xFC, 0xC6, 0x2F, 0xD6, 0xA4, 0xBF, 0xEE, 0xFB, 0x2D, 0x69, 0xF7, 0xCC, 0x8F, 0xA8, 0xB6,
    0x71, 0x03, 0xCA, 0xD5, 0xA6, 0x0F, 0x5C, 0xE1, 0xC9, 0xDC, 0x77, 0x92, 0xC8, 0x71, 0xEA, 0xDC,
    0x46, 0x3E, 0xEE, 0x28, 0x06, 0xA4, 0xA7, 0xDA, 0xC5, 0xB9, 0x5E, 0x08, 0x77, 0x9D, 0x62, 0x4F,
    0xCC, 0x5B, 0x1A, 0xA7, 0x5A, 0xBE, 0xEC, 0x94, 0x0B, 0x13, 0x04, 0xFA, 0x4D, 0x9F, 0xB9, 0xC4,
    0x8F, 0x99, 0x4B, 0xFD, 0x36, 0xB7, 0x69, 0xB7, 0xD2, 0x56, 0xB5, 0x95, 0x36, 0xAA, 0x2D, 0x7E,
    0x88, 0x72, 0xFA, 0xE3, 0xE8, 0x88, 0xCF, 0x02, 0xA9, 0x3D, 0xB9, 0x0D, 0x74, 0xDC, 0xC5, 0xC2,
    0xDC, 0x33, 0xCE, 0x49, 0x4E, 0x29, 0x1E, 0xE4, 0xEF, 0x47, 0xD4, 0xC0, 0x05, 0x79, 0x47, 0x85,
    0x76, 0x94, 0x94, 0x26, 0x50, 0x45, 0x38, 0xAF, 0x02, 0x71, 0x42, 0xAC, 0x2D, 0x07, 0x3A, 0x61,
    0x03, 0x63, 0x38, 0x25, 0xC3, 0x65, 0xB8, 0x96, 0x2D, 0x5A, 0xC4, 0x90, 0xCA, 0xF0, 0x3C, 0x5C,
    0xE7, 0xBD, 0x28, 0x64, 0x7D, 0xCF, 0x36, 0x19, 0x18, 0x43, 0x0B, 0x3C, 0xEF, 0x46, 0x69, 0x9F,
    0xFA, 0xDC, 0xA7, 0xCF, 0xC2, 0x72, 0x62, 0x66, 0x3D, 0x7B, 0xF0, 0xCD, 0x59, 0xF5, 0xDB, 0x98,
    0xB9, 0x79, 0x6E, 0xE6, 0xF6, 0xB9, 0x99, 0xAB, 0x6B, 0x66, 0x16, 0x37, 0xCC, 0xCC, 0x3A, 0x80,
    0x1D, 0x06, 0xAA, 0xCF, 0x1C, 0xE4, 0x62, 0x81, 0x87, 0x71, 0x63, 0xB9, 0x34, 0x7D, 0xDE, 0x46,
    0x6F, 0x98, 0xAE, 0x7C, 0xFA, 0xC5, 0xA3, 0x36, 0x9D, 0xCC, 0x1E, 0x51, 0x7E, 0x85, 0xEA, 0x62,
    0x45, 0x9D, 0xAA, 0xF4, 0x54, 0xAF, 0x8F, 0x07, 0xD5, 0xCB, 0xA8, 0x06, 0x6E, 0xEF, 0x0D, 0xB5,
    0xF8, 0x64, 0xFF, 0xA7, 0x5E, 0x79, 0xBC, 0x6A, 0x93, 0x2E, 0x6E, 0x40, 0x53, 0x6C, 0xED, 0x01,
    0xE9, 0xA1, 0xDC, 0x43, 0x22, 0x06, 0xCA, 0x29, 0x55, 0x5E, 0x0B, 0x58, 0xA0, 0xED, 0x92, 0x9A,
    0x4A, 0x46, 0xCA, 0xC3, 0x73, 0xF7, 0x4B, 0x61, 0x93, 0xAA, 0x44, 0xFA, 0xD5, 0xA3, 0x4F, 0x43,
    0x1D, 0x72, 0xFE, 0x6D, 0x6D, 0x3D, 0xDA, 0x42, 0x11, 0x87, 0x7E, 0x4D, 0x56, 0x6D, 0xB8, 0xF1,
    0xE8, 0x14, 0xD7, 0x56, 0x88, 0xE3, 0x47, 0x0F, 0x43, 0x7E, 0xC9, 0x90, 0x8B, 0x2B, 0x1C, 0xBB,
    0xA8, 0x30, 0x46, 0x89, 0x81, 0x92, 0x89, 0x92, 0x9E, 0x8A, 0xD4, 0xCF, 0xB4, 0x42, 0x79, 0x96,
    0xA8, 0x8E, 0x35, 0x6A, 0xDE, 0x71, 0xE6, 0xA2, 0x13, 0xC8, 0x52, 0x87, 0x46, 0x25, 0xBB, 0x28,
    0xDE, 0x31, 0x59, 0xC9, 0xAB, 0xEF, 0x25, 0x67, 0x0F, 0xEA, 0xBD, 0x92, 0x4E, 0x77, 0x9C, 0x90,
    0x1D, 0x46, 0x0E, 0x28, 0x9F, 0x78, 0x62, 0xC5, 0x09, 0x34, 0xC5, 0xBA, 0xB6, 0x24, 0x7D, 0xC1,
    0x9C, 0xCB, 0x0C, 0x6B, 0x60, 0x1C, 0x80, 0x9D, 0x07, 0x9A, 0x2E, 0x92, 0x03, 0x6A, 0x0B, 0x54,
    0x00, 0x44, 0xF9, 0x87, 0x9C, 0x26, 0x67, 0xB6, 0x1E, 0x93, 0x41, 0x89, 0xD3, 0xAD, 0x1A, 0xD8,
    0x90, 0xBB, 0x6C, 0x8C, 0xB6, 0x39, 0x3D, 0xD2, 0xC7, 0x1B, 0xB1, 0x8D, 0x53, 0xB5, 0x47, 0xEB,
    0x38, 0x59, 0xBB, 0x58, 0x2B, 0x87, 0xEA, 0x1E, 0x2F, 0x73, 0x1B, 0x4E, 0x7E, 0xA5, 0x41, 0xFD,
    0xD2, 0xAF, 0x4A, 0x50, 0x9F, 0xB7, 0xAB, 0x25, 0xA4, 0x9F, 0xBB, 0x72, 0x0D, 0xE9, 0x97, 0xB6,
    0x7C, 0x0C, 0x89, 0x50, 0x78, 0x48, 0xF6, 0x14, 0x1D, 0x30, 0xA2, 0x1D, 0xCC, 0xA5, 0xEA, 0xF9,
    0x71, 0x76, 0xFA, 0xEA, 0xC3, 0x54, 0x7C, 0x35, 0xCE, 0x51, 0x58, 0xD8, 0x82, 0x70, 0x5E, 0x43,
    0xD6, 0xF5, 0x51, 0xB6, 0x8B, 0x32, 0x16, 0x10, 0x80, 0x3D, 0xA0, 0x04, 0xC8, 0x3F, 0xB6, 0x50,
    0xE4, 0x0E, 0xD6, 0xCA, 0x43, 0xC8, 0x01, 0x54, 0xC7, 0x48, 0xD9, 0x67, 0x62, 0x9A, 0x41, 0x8B,
    0x7D, 0xF5, 0xE1, 0xED, 0x33, 0xEA, 0x51, 0xCB, 0xBC, 0x97, 0x67, 0x6D, 0x5C, 0x41, 0x37, 0xBB,
    0x2B, 0xEE, 0x7A, 0x47, 0x97, 0x9E, 0xDA, 0xF6, 0x40, 0xD5, 0x45, 0x72, 0x40, 0x69, 0xE0, 0x66,
    0x81, 0x99, 0x29, 0x15, 0x0B, 0x99, 0xB8, 0xB9, 0x56, 0x2A, 0x91, 0x51, 0x7D, 0x7A, 0x36, 0x66,
    0x56, 0xF9, 0x0C, 0xED, 0xA0, 0x32, 0xF0, 0x04, 0x92, 0x01, 0x32, 0x7F, 0xF5, 0x1C, 0xBA, 0x83,
    0xB4, 0x87, 0xBC, 0xC3, 0x16, 0x2E, 0x75, 0x15, 0xCA, 0xC9, 0xA1, 0x56, 0x72, 0xCF, 0x20, 0x9E,
    0x67, 0x0F, 0x12, 0x4F, 0xE8, 0x69, 0xC7, 0xE4, 0x64, 0x94, 0x8B, 0x7D, 0x2E, 0x0F, 0xF3, 0xAB,
    0x9A, 0x26, 0xF6, 0x02, 0x4A, 0x38, 0xBA, 0xF6, 0x22, 0xB8, 0x81, 0xDA, 0xF3, 0xA3, 0x53, 0xC0,
    0x4F, 0xED, 0x3C, 0xB4, 0xFB, 0xFC, 0x80, 0xC5, 0xA1, 0xBD, 0xC6, 0xEB, 0xBC, 0x1C, 0x9A, 0x3E,
    0xB4, 0x9C, 0xDC, 0x64, 0x06, 0xB8, 0x77, 0x17, 0xE9, 0x78, 0xFF, 0xE6, 0x64, 0xB9, 0xBD, 0x9A,
    0xAF, 0x98, 0xFA, 0x11, 0xAC, 0xAE, 0xBD, 0x75, 0xAE, 0x61, 0x0B, 0x03, 0xF4, 0xD1, 0xE0, 0x66,
    0x9E, 0xBA, 0x80, 0xCA, 0xD0, 0xD8, 0xE4, 0x73, 0xA7, 0x3E, 0x6C, 0xF5, 0x4F, 0x7C, 0x81, 0x5F,
    0x30, 0x3C, 0xE6, 0xFE, 0x8B, 0xF7, 0xEE, 0xD1, 0x88, 0xD8, 0x7B, 0xE1, 0x0C, 0x0B, 0x6A, 0xA3,
    0xDB, 0xB4, 0xE7, 0x7B, 0xDC, 0x3E, 0x8D, 0xB9, 0xEC, 0xD2, 0xF0, 0xEA, 0x9F, 0x75, 0xB9, 0xD3,
    0xA1, 0x95, 0x68, 0x5B, 0x05, 0xAC, 0x28, 0xCC, 0x8A, 0x8A, 0x19, 0x42, 0xA5, 0xF6, 0x94, 0x52,
    0xBB, 0x7C, 0xAC, 0x5A, 0x0C, 0xBC, 0x18, 0x50, 0x75, 0x50, 0x7C, 0xB5, 0x30, 0xFE, 0xF8, 0x14,
    0xFD, 0xEE, 0x0E, 0x7D, 0xD2, 0x50, 0xF8, 0xD2, 0x94, 0x2E, 0xBE, 0x6F, 0x4F, 0x9A, 0x26, 0x6A,
    0x2E, 0x29, 0x59, 0x53, 0xB1, 0x8D, 0x2D, 0x1D, 0x10, 0xE9, 0x90, 0x3D, 0x24, 0x06, 0xB8, 0xFD,
    0x80, 0x46, 0xD2, 0x5D, 0x93, 0xB7, 0x2F, 0x6B, 0xFB, 0xF2, 0xE5, 0x0B, 0xF7, 0xDC, 0xE7, 0x1D,
    0xF1, 0x2D, 0x2D, 0x5E, 0x49, 0xCB, 0x1D, 0xE0, 0xD6, 0x5D, 0x28, 0x3C, 0xE4, 0x37, 0xCB, 0xDB,
    0xED, 0x7F, 0x68, 0xFF, 0xAF, 0x8B, 0x8A, 0x06, 0xD0, 0xEC, 0x48, 0xBF, 0x68, 0xC8, 0xDB, 0x22,
    0x98, 0x5D, 0x50, 0x52, 0x53, 0xBD, 0x39, 0x52, 0x49, 0x4B, 0xF5, 0x37, 0xB0, 0x62, 0x46, 0xC9,
    0x2B, 0xE8, 0x2F, 0x07, 0xD4, 0x61, 0x33, 0x9B, 0x07, 0xD7, 0x3D, 0xEC, 0xDF, 0xBA, 0xF1, 0x48,
    0x95, 0x07, 0x34, 0x62, 0x78, 0xF4, 0x29, 0x68, 0xFB, 0xBF, 0x3F, 0x36, 0x2C, 0xAF, 0x6D, 0x70,
    0x11, 0x23, 0xD0, 0xCF, 0x2B, 0x6B, 0x5A, 0x10, 0xE0, 0xB7, 0xBF, 0x69, 0x27, 0xE4, 0xE3, 0x12,
    0xCC, 0xE2, 0x20, 0x3A, 0x70, 0x37, 0x16, 0x5D, 0x69, 0x39, 0xDE, 0xC3, 0xAD, 0x6B, 0x37, 0x32,
    0xFB, 0xEA, 0x8D, 0xFC, 0xE1, 0xE5, 0x8D, 0xAC, 0x62, 0x3D, 0xA4, 0x32, 0x01, 0x51, 0x3B, 0xB4,
    0x65, 0xC0, 0x9A, 0x0D, 0xDB, 0xC0, 0xDB, 0xD0, 0x46, 0xC4, 0x0C, 0x88, 0x05, 0x20, 0x66, 0xB8,
    0x57, 0x1D, 0xC4, 0x40, 0x69, 0x5C, 0xE9, 0xB4, 0xD5, 0xA6, 0x30, 0x25, 0xE5, 0x61, 0xF4, 0x86,
    0xDA, 0x36, 0xEE, 0xF2, 0x7F, 0xC9, 0x7C, 0x64, 0x98, 0x07, 0xD0, 0x38, 0x4A, 0x77, 0xE3, 0xF3,
    0xC8, 0xF5, 0x58, 0xD8, 0x5C, 0x7D, 0x12, 0x98, 0x73, 0x20, 0xAE, 0xA6, 0x45, 0xE0, 0xD6, 0x37,
    0x05, 0xA5, 0xBD, 0x67, 0xF4, 0x3B, 0xE2, 0xB4, 0xD9, 0x51, 0xD0, 0x53, 0xAA, 0x8E, 0x4A, 0x3B,
    0x2A, 0x81, 0xEA, 0x91, 0x61, 0xA9, 0x1D, 0xEB, 0xDC, 0xB1, 0x55, 0x5D, 0x80, 0x67, 0x4C, 0x77,
    0x0C, 0xEC, 0x83, 0x5E, 0xD5, 0x15, 0x6D, 0xEE, 0x26, 0x2F, 0xDB, 0x69, 0x0D, 0x5C, 0x7A, 0x60,
    0x79, 0x58, 0xB7, 0x18, 0xB1, 0xD1, 0xE8, 0x9F, 0x26, 0xA7, 0x34, 0x1F, 0xED, 0xF4, 0x48, 0x79,
    0xD1, 0xAC, 0xF6, 0x68, 0x5F, 0xFA, 0x0A, 0xDD, 0x96, 0xAE, 0xA2, 0xB0, 0xA5, 0xA9, 0x88, 0x58,
    0x4D, 0xE3, 0x97, 0x93, 0xC2, 0x7A, 0x52, 0xD9, 0x06, 0x8E, 0x4A, 0x9B, 0x80, 0x91, 0x75, 0x80,
    0x98, 0xD9, 0x9B, 0x00, 0x93, 0x72, 0xD0, 0x15, 0xCA, 0xA6, 0x31, 0xDA, 0x17, 0x56, 0xB7, 0xDA,
    0x16, 0x2E, 0xF8, 0x32, 0xDA, 0xF2, 0xDC, 0x9A, 0xB9, 0x6D, 0x26, 0xAB, 0x6A, 0xBB, 0xE5, 0xE0,
    0xDB, 0x97, 0x4C, 0x2A, 0xBD, 0xFE, 0x8F, 0xB1, 0x34, 0xAB, 0x15, 0xD5, 0x96, 0x72, 0xA4, 0x1C,
    0xA8, 0xA6, 0xBE, 0x19, 0x19, 0x9F, 0xA4, 0x7D, 0xF5, 0x59, 0xA7, 0xC5, 0x70, 0x17, 0xEE, 0xA5,
    0x0F, 0x52, 0x29, 0x07, 0x2E, 0xF6, 0x3B, 0xAA, 0x76, 0x45, 0x65, 0x2A, 0x6A, 0x2A, 0x9E, 0x04,
    0x44, 0x2B, 0xC7, 0x80, 0x81, 0xED, 0xFC, 0xC4, 0x90, 0xF9, 0x64, 0x7A, 0xC3, 0xDE, 0xA1, 0x7E,
    0x0D, 0xAA, 0x3B, 0xA0, 0x85, 0x6A, 0x84, 0x7A, 0xFC, 0xFF, 0x04, 0xEA, 0x57, 0xBE, 0x8E, 0x44,
    0xF3, 0x02, 0x5E, 0x34, 0xA7, 0xCD, 0x47, 0xBE, 0xBC, 0xF0, 0xDA, 0x7B, 0xDD, 0x3E, 0x28, 0x1C,
    0xA5, 0xF9, 0xFA, 0xB8, 0xE0, 0xA5, 0xB0, 0x90, 0x31, 0x7F, 0xBA, 0xD6, 0x76, 0xA1, 0xCD, 0x1D,
    0xDD, 0x92, 0xEF, 0x49, 0xA4, 0xA5, 0xF0, 0xA4, 0xFD, 0xFD, 0xA4, 0x3F, 0x57, 0xFE, 0xA2, 0x69,
    0x1B, 0x31, 0x89, 0x21, 0x79, 0x80, 0x9A, 0x5F, 0x02, 0x7E, 0x8E, 0x88, 0x09, 0x59, 0xFA, 0x4D,
    0x71, 0x17, 0x7A, 0x35, 0xF9, 0x2F, 0x81, 0x17, 0xC3, 0x50, 0xB1, 0xDA, 0x1D, 0x4F, 0x51, 0x11,
    0xE3, 0xE2, 0x32, 0xBA, 0xAF, 0x67, 0xC8, 0x05, 0x9B, 0x64, 0xC7, 0x2A, 0xDB, 0x52, 0x49, 0x6D,
    0x8B, 0xA1, 0x71, 0x89, 0x09, 0x63, 0xC3, 0xCE, 0x55, 0x9B, 0xCA, 0x17, 0xB6, 0x88, 0x4E, 0x21,
    0x77, 0x65, 0xC0, 0x02, 0xE5, 0xB6, 0xA8, 0xD6, 0xA3, 0x7E, 0xE5, 0x63, 0x01, 0x27, 0xF9, 0xD2,
    0x81, 0x30, 0x63, 0x04, 0x98, 0xC6, 0x86, 0xB9, 0x2B, 0x5B, 0x5A, 0x71, 0x85, 0xAD, 0xEC, 0x09,
    0xDA, 0xD6, 0x76, 0x11, 0x58, 0xDC, 0x63, 0x72, 0xF7, 0xDF, 0xCE, 0x93, 0x7F, 0xF0, 0x2F, 0xFF,
    0xDC, 0x91, 0x7D, 0xF8, 0xE1, 0x87, 0x8E, 0xEC, 0xA3, 0x77, 0x02, 0xAB, 0x8F, 0xD5, 0x47, 0x06,
    0xF5, 0x6F, 0xEA, 0x17, 0xA0, 0x46, 0xB5, 0x8F, 0x9C, 0x8E, 0x81, 0xFB, 0x74, 0xE0, 0x70, 0x24,
    0x77, 0x79, 0x23, 0xF7, 0xE1, 0xF7, 0x21, 0x6F, 0xD9, 0x16, 0xB0, 0x5A, 0x42, 0x39, 0x80, 0xBE,
    0xAC, 0xA2, 0x1E, 0x2E, 0x3C, 0xC9, 0xF4, 0xC0, 0xFF, 0x84, 0xE3, 0x30, 0xBB, 0x50, 0xB6, 0x61,
    0xDC, 0x3D, 0xB2, 0x41, 0x09, 0xC9, 0x90, 0x8C, 0x30, 0xE2, 0x61, 0x9B, 0x06, 0x5A, 0x2B, 0x07,
    0xCB, 0xDC, 0xC1, 0x4A, 0x1B, 0x28, 0x4B, 0xA0, 0x58, 0x02, 0x7A, 0x1B, 0xA9, 0x67, 0xD6, 0x26,
    0x6F, 0x99, 0x67, 0xA0, 0x78, 0x5E, 0xE9, 0x47, 0xE6, 0x09, 0xA9, 0x2D, 0x90, 0x84, 0xC2, 0xA5,
    0x44, 0xAC, 0xFA, 0xB4, 0x31, 0x59, 0x58, 0x73, 0xC2, 0x70, 0xF5, 0x65, 0xAB, 0xE4, 0x79, 0xC1,
    0x57, 0xDD, 0x1F, 0xA0, 0xDD, 0xEB, 0x54, 0x32, 0x4E, 0x20, 0x31, 0x94, 0x1D, 0x27, 0x86, 0x01,
    0x3C, 0xCC, 0xF5, 0xFD, 0x79, 0x89, 0x77, 0x14, 0x96, 0x0B, 0xA8, 0x41, 0xDF, 0x2C, 0xB9, 0xE5,
    0xA1, 0xC4, 0x47, 0x8E, 0x41, 0x73, 0x0A, 0xE0, 0xF1, 0x89, 0x4F, 0xBB, 0xB4, 0x55, 0x2E, 0xB6,
    0xCC, 0x65, 0xCF, 0x3F, 0xDB, 0x6B, 0x5E, 0xE6, 0x88, 0xE5, 0xA1, 0xDA, 0xAF, 0xF9, 0x0B, 0x78,
    0x03, 0x04, 0xFE, 0xDC, 0x91, 0xC7, 0xFE, 0xD5, 0x09, 0x42, 0xD7, 0x96, 0xAC, 0xA3, 0x68, 0x59,
    0xCD, 0x71, 0x7B, 0x55, 0xD3, 0x67, 0x3B, 0x55, 0x47, 0xED, 0xF8, 0x6B, 0xC8, 0x3A, 0x28, 0x77,
    0xB9, 0xF9, 0xAB, 0x7A, 0xCF, 0xB7, 0xB3, 0x81, 0xFF, 0x01, 0xC5, 0x98, 0x01, 0xA4, 0x25, 0x59,
    0x7A, 0xC7, 0x7F, 0x55, 0xA7, 0xBB, 0x6B, 0xBC, 0x63, 0xE6, 0x0C, 0x7A, 0x48, 0xA6, 0x3B, 0xEF,
    0x8C, 0x58, 0x30, 0xA6, 0x6F, 0xC1, 0xA0, 0x71, 0x6F, 0x55, 0x31, 0x80, 0x60, 0x1F, 0xB2, 0x81,
    0x85, 0xC1, 0x82, 0x81, 0xB7, 0x08, 0x79, 0xE4, 0xDE, 0x77, 0x8F, 0x19, 0x2C, 0x40, 0x93, 0x10,
    0x32, 0xC8, 0x84, 0x46, 0xEF, 0x1B, 0xF4, 0x43, 0xE3, 0xED, 0xE6, 0xBE, 0xAE, 0x33, 0x33, 0x08,
    0x82, 0x29, 0x91, 0x08, 0x02, 0x35, 0x3B, 0xD9, 0x5D, 0x76, 0xD1, 0x47, 0xB6, 0xD6, 0xD6, 0x4C,
    0xD7, 0xBD, 0x5F, 0x4E, 0xDD, 0x77, 0xB7, 0x7B, 0xAD, 0xC4, 0x48, 0xE7, 0x75, 0xE7, 0xFB, 0xCE,
    0xFF, 0xEF, 0xE1, 0xBC, 0xDF, 0xF7, 0xBF, 0xC7, 0xA9, 0x7B, 0xA9, 0x34, 0xA8, 0xD8, 0x00, 0xA0,
    0x7C, 0xE6, 0xB4, 0x33, 0x55, 0x6C, 0x2C, 0x39, 0x39, 0x25, 0x05, 0x33, 0x48, 0x1C, 0xCA, 0x8F,
    0x2B, 0xF3, 0xD4, 0x6B, 0xB5, 0x79, 0xA8, 0x9B, 0x57, 0x6C, 0xF5, 0x72, 0x0E, 0x05, 0xCC, 0xB6,
    0xAB, 0x80, 0x92, 0x6F, 0xD9, 0x5F, 0xF4, 0x99, 0x34, 0x9C, 0xC1, 0x9F, 0xC3, 0x29, 0xBC, 0x0B,
    0xD4, 0x77, 0xD1, 0xB2, 0xC6, 0xFE, 0xEB, 0x9C, 0x92, 0x29, 0x45, 0xD4, 0x02, 0x98, 0x03, 0x2B,
    0x30, 0xB2, 0x46, 0xCB, 0x00, 0x2B, 0x60, 0xD8, 0xA9, 0xE7, 0x0E, 0x1D, 0x6D, 0xDA, 0xA6, 0x4D,
    0x2E, 0xE2, 0x97, 0x51, 0x00, 0x9A, 0xA4, 0xD5, 0x8F, 0x1E, 0x7B, 0xB5, 0xA9, 0x49, 0x43, 0x8E,
    0xF2, 0x86, 0xCC, 0xDB, 0xA8, 0x49, 0xD4, 0x14, 0xFD, 0xF5, 0x9A, 0x52, 0x84, 0xDB, 0x68, 0x00,
    0xDE, 0xBC, 0xB7, 0x77, 0x52, 0x0F, 0x46, 0x8C, 0x4F, 0x43, 0xE6, 0x55, 0xA3, 0x5A, 0xE3, 0x54,
    0xB0, 0x24, 0x61, 0x06, 0xDD, 0x19, 0x0C, 0x81, 0xAB, 0xF5, 0x4F, 0x89, 0x33, 0x2E, 0xF6, 0x9F,
    0xFC, 0x90, 0x52, 0x36, 0x50, 0x00, 0x0B, 0x48, 0xC5, 0xA1, 0x2F, 0x46, 0x07, 0x42, 0x12, 0xC6,
    0x3C, 0xCA, 0x8F, 0x9D, 0x79, 0x76, 0xF5, 0x0A, 0x86, 0x7D, 0x26, 0xCC, 0x98, 0x6E, 0xFB, 0x88,
    0xEF, 0xC1, 0xB5, 0xAF, 0xA1, 0x14, 0xCF, 0x3A, 0x73, 0x74, 0x59, 0x95, 0x04, 0xA0, 0x07, 0x1E,
    0x02, 0x4B, 0x8F, 0xFA, 0x79, 0x87, 0xF6, 0x6B, 0x4C, 0x55, 0x60, 0x5C, 0x8E, 0xF1, 0x05, 0xAA,
    0x9B, 0x83, 0x04, 0xC8, 0x3D, 0xA8, 0x00, 0x69, 0xE0, 0x7A, 0x12, 0x98, 0xAA, 0xC0, 0xCC, 0x36,
    0x2C, 0xA5, 0xE2, 0xDA, 0x5D, 0x98, 0x5A, 0x56, 0x25, 0xF3, 0x1C, 0x80, 0x6B, 0x9B, 0x0A, 0x6A,
    0xE9, 0x50, 0x81, 0xE3, 0x88, 0xC3, 0xB8, 0x49, 0xF2, 0x23, 0xD5, 0x4C, 0x63, 0xEA, 0xF0, 0xC0,
    0x2A, 0x1F, 0xC2, 0x2C, 0xA9, 0xCE, 0xC2, 0x14, 0x8E, 0x7E, 0xC7, 0x0A, 0x78, 0x70, 0x66, 0x3E,
    0xF4, 0x61, 0x9A, 0x6D, 0xD2, 0x36, 0x87, 0xCC, 0x1B, 0x4F, 0x4E, 0xBA, 0xFE, 0xB3, 0x01, 0x72,
    0x69, 0x80, 0x03, 0xA0, 0xFE, 0x9E, 0x92, 0xDE, 0xB8, 0x2E, 0x27, 0x62, 0xC2, 0x3C, 0x0D, 0x73,
    0xD5, 0xCE, 0x4D, 0x5B, 0xD6, 0xAD, 0xFD, 0xB2, 0x07, 0x80, 0x5A, 0x82, 0x48, 0x00, 0x68, 0xDF,
    0x56, 0x4D, 0x30, 0x1F, 0x34, 0xA5, 0x71, 0x31, 0x60, 0x3F, 0x23, 0xFA, 0xCC, 0x60, 0xB5, 0xD7,
    0xEF, 0xF8, 0x04, 0x4A, 0x91, 0x6A, 0x19, 0x05, 0x86, 0xA7, 0xB2, 0xC0, 0x04, 0x00, 0x6E, 0xFC,
    0x07, 0xC9, 0xA6, 0xAE, 0xB4, 0x4B, 0x9B, 0x3F, 0x7A, 0xEF, 0xCE, 0xE9, 0xED, 0xE3, 0xD5, 0xF4,
    0xFB, 0xD3, 0xB7, 0x6E, 0x9E, 0x4E, 0xA7, 0x2F, 0x9F, 0x96, 0xE1, 0xE5, 0xD3, 0xE9, 0x69, 0xD4,
    0xED, 0x9B, 0x6F, 0xCF, 0x6E, 0x4D, 0xA7, 0x27, 0x7B, 0xA7, 0x86, 0xB4, 0x51, 0x3F, 0x3D, 0xAC,
    0x58, 0xF6, 0xBC, 0x77, 0xAF, 0x1E, 0xBE, 0xF3, 0xA7, 0xC9, 0x1D, 0x3B, 0xCC, 0x26, 0x0F, 0x4C,
    0x30, 0x61, 0xFF, 0x7C, 0x95, 0x07, 0x20, 0x6D, 0x40, 0x8D, 0xF2, 0x17, 0xCA, 0x3C, 0x46, 0xC4,
    0xEB, 0x28, 0xF4, 0xEF, 0x45, 0xB9, 0x0A, 0xB0, 0xCD, 0xB9, 0x15, 0x80, 0x5E, 0x63, 0x85, 0xB7,
    0x4C, 0xF5, 0x07, 0x06, 0x72, 0x98, 0x93, 0x74, 0x23, 0x23, 0x87, 0x7A, 0x8D, 0xAC, 0xD9, 0xDB,
    0x6E, 0xB8, 0x69, 0xDC, 0x15, 0x53, 0x71, 0x48, 0xD6, 0x93, 0x1C, 0x83, 0x85, 0x9C, 0x1F, 0xAF,
    0xA9, 0x3B, 0x12, 0x00, 0x42, 0xD6, 0xE5, 0x7E, 0xC1, 0x1B, 0x5C, 0x3D, 0xE0, 0x20, 0x0F, 0x2A,
    0xE8, 0x56, 0x05, 0xD5, 0xC6, 0x6E, 0x54, 0x93, 0xF9, 0xCC, 0xEB, 0xD8, 0x66, 0x6C, 0x37, 0x2A,
    0x77, 0xC6, 0x95, 0xCE, 0x7E, 0x22, 0x55, 0x2E, 0x9F, 0xB7, 0xF9, 0xC6, 0x86, 0xE9, 0xAB, 0x30,
    0x65, 0xD4, 0xEE, 0xC1, 0xD9, 0x29, 0x5E, 0xD9, 0x8F, 0x94, 0x48, 0x30, 0x72, 0xBF, 0xB2, 0x62,
    0x29, 0x37, 0x51, 0xEB, 0x09, 0xE5, 0x30, 0xDB, 0xCA, 0x0E, 0x53, 0xB2, 0x28, 0xCE, 0xE6, 0xD0,
    0x9F, 0x41, 0xD7, 0x43, 0xE8, 0xA2, 0x02, 0x49, 0x54, 0xFA, 0x45, 0x40, 0xFD, 0xA4, 0x45, 0xFD,
    0x73, 0xD4, 0x67, 0x0D, 0x37, 0x3E, 0xF3, 0x2C, 0xA3, 0x5E, 0x4B, 0x2A, 0x66, 0xF5, 0x02, 0xE5,
    0xB2, 0x26, 0xEB, 0x38, 0x7A, 0xB3, 0x2B, 0x9B, 0xA4, 0xD5, 0xA1, 0x6C, 0xFF, 0xB8, 0x51, 0xBF,
    0x7D, 0x06, 0x9C, 0x6D, 0x24, 0x90, 0xDF, 0x49, 0xA4, 0xCF, 0x9A, 0xB9, 0x71, 0x33, 0xC3, 0xCC,
    0x6E, 0x2F, 0xA8, 0xA1, 0x37, 0xFF, 0x1E, 0x94, 0x38, 0x76, 0x47, 0xDA, 0xC6, 0x05, 0xEC, 0xA9,
    0xCA, 0xBC, 0xE3, 0xB3, 0x4F, 0x83, 0x6A, 0xBB, 0x24, 0xAC, 0xE2, 0x52, 0x5F, 0x74, 0xF1, 0xCE,
    0x4C, 0x4C, 0x75, 0x74, 0x8B, 0x57, 0xAF, 0xC0, 0xE9, 0x38, 0x32, 0x60, 0xAA, 0x3C, 0x30, 0xE1,
    0x7A, 0x60, 0x4E, 0xD2, 0x12, 0x48, 0xE3, 0x51, 0x91, 0x36, 0xDA, 0xA1, 0xBC, 0x55, 0xAD, 0xF2,
    0x53, 0xD3, 0xDE, 0x68, 0xFA, 0xBC, 0xAD, 0x7F, 0x1D, 0xFE, 0xA2, 0x41, 0x7D, 0xF2, 0xA5, 0xC7,
    0xBC, 0x13, 0x93, 0x4F, 0x4C, 0xE6, 0x99, 0x5B, 0x09, 0x84, 0xBD, 0xFB, 0xE3, 0x3F, 0x99, 0x4A,
    0x3B, 0x0C, 0x57, 0x81, 0xFF, 0x1E, 0x1F, 0x7E, 0x1F, 0x7F, 0x38, 0xE2, 0xA5, 0x8F, 0xF8, 0x76,
    0xB5, 0xFC, 0x75, 0x70, 0x2B, 0x94, 0xA7, 0xC3, 0x54, 0xAA, 0x65, 0x82, 0x71, 0xCC, 0x29, 0x20,
    0x24, 0x1D, 0xAA, 0x51, 0xD2, 0x6A, 0x97, 0x49, 0xD8, 0xE2, 0xE3, 0x6D, 0xE0, 0xD4, 0x4A, 0x95,
    0xB6, 0xF1, 0x46, 0x64, 0x3E, 0xDE, 0x09, 0x03, 0x87, 0xCC, 0xC8, 0x06, 0x56, 0x24, 0xC7, 0x04,
    0xB0, 0xAA, 0x59, 0x91, 0xEB, 0xF7, 0x87, 0x1F, 0xAF, 0x6D, 0x36, 0xD4, 0xDD, 0xF4, 0x95, 0xB3,
    0x84, 0x6E, 0x7A, 0x46, 0xDA, 0x86, 0x8E, 0xEC, 0xD3, 0x26, 0x60, 0x94, 0x6C, 0x98, 0xA5, 0x1F,
    0x7F, 0xC5, 0x19, 0x49, 0x9B, 0x8C, 0xE9, 0xA8, 0x00, 0x70, 0xA8, 0x30, 0xAE, 0xD4, 0x01, 0x00,
    0xE9, 0x18, 0x18, 0xED, 0xB1, 0x15, 0x0F, 0x51, 0x3D, 0xC6, 0x93, 0x43, 0xB1, 0x5D, 0xE5, 0xC7,
    0xDE, 0x8A, 0x4F, 0xEE, 0xB2, 0xAB, 0xDB, 0x00, 0x75, 0x05, 0xD8, 0x00, 0xF0, 0x80, 0x5D, 0xED,
    0x55, 0x40, 0xEE, 0x81, 0x72, 0xB4, 0x7F, 0x18, 0xED, 0x57, 0x0D, 0xA4, 0x5F, 0xB6, 0xA0, 0x3E,
    0x0D, 0xA0, 0xDF, 0x0F, 0x60, 0x92, 0x00, 0x13, 0x3A, 0x98, 0xD2, 0x43, 0x2D, 0xD1, 0x44, 0x06,
    0x54, 0x20, 0x9A, 0x67, 0x85, 0xF1, 0x2C, 0x58, 0xB6, 0xA9, 0x38, 0x09, 0x5A, 0x3C, 0xBB, 0x3A,
    0x02, 0xD4, 0x00, 0xE4, 0x2D, 0x30, 0xE3, 0xF9, 0xCF, 0x55, 0x0D, 0x60, 0x3B, 0xE0, 0xFC, 0x1C,
    0x92, 0xD6, 0x3E, 0xFF, 0x91, 0x57, 0x00, 0x96, 0x1F, 0x02, 0x8F, 0xD7, 0x80, 0xBB, 0xFB, 0xFC,
    0x47, 0x9E, 0xDD, 0x02, 0x86, 0x12, 0xE8, 0x67, 0xCF, 0x7F, 0x5A, 0x7A, 0x07, 0xB0, 0x3D, 0x30,
    0x9D, 0x8E, 0x76, 0x1B, 0x98, 0x04, 0x40, 0xBB, 0xE7, 0x3A, 0xF7, 0xF5, 0x93, 0xF8, 0xB3, 0x4C,
    0x29, 0xB2, 0x01, 0x2D, 0x27, 0x0F, 0xC1, 0xD4, 0xDC, 0x82, 0xBC, 0xE4, 0x26, 0xCC, 0x0A, 0x80,
    0x7E, 0xF4, 0x34, 0x2C, 0x00, 0xD5, 0xD4, 0xE2, 0x30, 0x7E, 0x74, 0xCB, 0x00, 0x94, 0xD2, 0xB3,
    0x1B, 0x95, 0x74, 0x49, 0xC7, 0x81, 0x6A, 0xD3, 0x40, 0xD0, 0x7E, 0xF4, 0x65, 0x7B, 0x43, 0xA4,
    0x95, 0x2E, 0xF2, 0x1B, 0xD2, 0x4D, 0xB5, 0xDD, 0x2D, 0x7F, 0xDB, 0xAB, 0x8E, 0x4E, 0x37, 0x04,
    0xE3, 0xF8, 0x28, 0x07, 0x4A, 0xA0, 0x00, 0x16, 0xC0, 0xF9, 0x4E, 0x0B, 0xA0, 0xDC, 0x2A, 0xC5,
    0x36, 0xD6, 0x69, 0x11, 0x12, 0xE9, 0xE0, 0x16, 0x30, 0xA9, 0x20, 0xF7, 0x90, 0x36, 0xF0, 0x4B,
    0x4F, 0x22, 0x00, 0x80, 0x72, 0xA0, 0x3B, 0x48, 0xA4, 0xDA, 0x1D, 0x1D, 0xE9, 0xC9, 0xC9, 0xBD,
    0x4C, 0x64, 0x60, 0x73, 0x72, 0xC6, 0x8A, 0x23, 0x06, 0xDE, 0xA6, 0x07, 0xB6, 0x89, 0x21, 0x15,
    0xD9, 0x4A, 0x05, 0x2E, 0xD4, 0x42, 0xD6, 0x50, 0x65, 0x5E, 0x79, 0x1D, 0x75, 0x28, 0xE2, 0x45,
    0xC4, 0x3D, 0x1D, 0x90, 0x7B, 0xD2, 0x0D, 0xA8, 0x86, 0xCB, 0xE5, 0xCF, 0x2E, 0x72, 0xEB, 0x5F,
    0x36, 0xBC, 0x92, 0x84, 0x4B, 0x65, 0x67, 0xEF, 0xB7, 0x98, 0xCF, 0x02, 0xFA, 0x83, 0xF6, 0x52,
    0xB9, 0x90, 0x34, 0xA8, 0x01, 0x6A, 0x47, 0xE6, 0xB7, 0x64, 0x97, 0x49, 0xC3, 0x1A, 0x56, 0x30,
    0x40, 0x0F, 0xFD, 0x88, 0x4C, 0xC3, 0xB8, 0xD4, 0xC5, 0x6A, 0x47, 0x58, 0xE6, 0xD1, 0x9E, 0xC3,
    0x0E, 0x19, 0xE0, 0x02, 0x64, 0x5B, 0xA4, 0x4A, 0x5A, 0x9E, 0x9D, 0x63, 0xA1, 0xF6, 0xEA, 0x37,
    0x41, 0xBB, 0xB3, 0x67, 0x86, 0xA4, 0x4D, 0x50, 0x5F, 0xF4, 0xAA, 0x09, 0xCF, 0x4C, 0x88, 0xC7,
    0x5B, 0x91, 0x89, 0x74, 0xB0, 0xF9, 0x78, 0xFB, 0xBF, 0x25, 0x0C, 0x58, 0x47, 0x8F, 0xF1, 0x5B,
    0x4B, 0xBA, 0x68, 0x56, 0x5A, 0xE3, 0xF3, 0x68, 0x4E, 0x05, 0xF2, 0x2A, 0x82, 0x4A, 0xA2, 0x2D,
    0x47, 0xDE, 0x10, 0x89, 0xAA, 0x47, 0x7B, 0xDB, 0x12, 0x8F, 0xDB, 0x21, 0xD2, 0xC3, 0xFF, 0xF4,
    0x4D, 0x18, 0x47, 0xB2, 0xF7, 0xC3, 0x4C, 0xB0, 0x1B, 0x24, 0xD2, 0xC6, 0x53, 0x68, 0x78, 0xDC,
    0x2A, 0xCF, 0xAF, 0x42, 0xB4, 0xFF, 0xEC, 0x32, 0x9F, 0x84, 0x21, 0xF3, 0x69, 0x58, 0x69, 0x97,
    0xB6, 0x45, 0x1C, 0xD9, 0x94, 0xA6, 0x52, 0x8D, 0xFD, 0x36, 0xCA, 0x9B, 0xCF, 0xC9, 0xBC, 0x7E,
    0x14, 0x4D, 0x6D, 0xD0, 0x2E, 0xDA, 0x61, 0x9B, 0xAC, 0x91, 0x8E, 0x81, 0x5D, 0xB5, 0x80, 0x5A,
    0x03, 0x11, 0x0D, 0x64, 0x0D, 0x00, 0x6C, 0x9F, 0x6A, 0x72, 0x09, 0x20, 0x1F, 0x0E, 0xA8, 0x9E,
    0x87, 0xE8, 0x96, 0x12, 0xE3, 0xC9, 0xC9, 0xAB, 0x68, 0x25, 0xE4, 0x55, 0x11, 0x8D, 0x63, 0x28,
    0x39, 0xDF, 0xD9, 0x31, 0x0B, 0x18, 0x38, 0x26, 0xE9, 0x29, 0x19, 0x0F, 0xC0, 0xE7, 0x0D, 0x46,
    0xA4, 0x22, 0x95, 0x1E, 0xB8, 0xCA, 0x93, 0x4A, 0x1A, 0xC0, 0x04, 0xA0, 0x76, 0x90, 0x74, 0xBC,
    0xA0, 0xE1, 0x96, 0xDD, 0xE7, 0x4D, 0x7F, 0x13, 0x20, 0x73, 0x67, 0x2F, 0x68, 0xEE, 0xAB, 0xDB,
    0x19, 0x73, 0xC8, 0x1E, 0x75, 0x90, 0xA6, 0xEE, 0xC5, 0xCC, 0x4D, 0x9B, 0x07, 0xA0, 0x42, 0x0F,
    0xAA, 0xE9, 0x5E, 0xC4, 0xC8, 0xA8, 0xEB, 0x86, 0xB9, 0xF9, 0xB4, 0x53, 0x8F, 0x1B, 0x04, 0x36,
    0x28, 0xA9, 0xCC, 0xE7, 0xBE, 0x50, 0xE1, 0x36, 0x2D, 0x4F, 0x4B, 0xF9, 0x98, 0xE4, 0xDB, 0x90,
    0xCB, 0x06, 0xE4, 0x6F, 0xB6, 0x49, 0x36, 0xE8, 0x56, 0x09, 0xC6, 0xEB, 0xC3, 0x2A, 0x77, 0xFB,
    0xB6, 0x2A, 0x99, 0x8E, 0x16, 0x62, 0x9C, 0xB4, 0x89, 0x71, 0x32, 0x57, 0xB2, 0x30, 0x14, 0x1C,
    0x4F, 0x39, 0xA7, 0x7C, 0x90, 0x0C, 0x94, 0xAD, 0x0A, 0xD8, 0xC6, 0xEE, 0x92, 0x14, 0xD2, 0xC3,
    0xD9, 0x55, 0xE0, 0x5D, 0x9E, 0x94, 0xD9, 0x5A, 0x0B, 0xA4, 0x6B, 0x80, 0x1C, 0x00, 0x78, 0xEF,
    0x5E, 0x7A, 0xE2, 0xA4, 0xD7, 0xE2, 0xAD, 0x67, 0x8D, 0x71, 0x0C, 0xD8, 0x8A, 0x9E, 0x9C, 0xAD,
    0x25, 0x1D, 0x25, 0x69, 0xB8, 0xB0, 0x02, 0x15, 0x98, 0xA1, 0x5A, 0xE6, 0xA3, 0xAD, 0xC8, 0x9A,
    0x68, 0xC6, 0x8F, 0xE6, 0x58, 0xC6, 0xA6, 0x94, 0x35, 0x68, 0x69, 0x81, 0xEB, 0x3C, 0x29, 0x0D,
    0x50, 0x57, 0x90, 0x7D, 0x05, 0x18, 0xF7, 0xA2, 0x86, 0x9F, 0x01, 0x6A, 0x03, 0xD8, 0xBF, 0x73,
    0x30, 0x53, 0xFE, 0xC5, 0xCC, 0x35, 0x99, 0x87, 0x5C, 0x7B, 0xB0, 0xD1, 0xFE, 0xFF, 0xCF, 0xF9,
    0xCD, 0x7B, 0xD7, 0x4E, 0x58, 0x0E, 0x46, 0x2E, 0xBE, 0xA4, 0xB3, 0x46, 0xB5, 0x91, 0x9B, 0x79,
    0xD2, 0x60, 0x2A, 0x92, 0x6E, 0x02, 0xF4, 0x73, 0x60, 0xD5, 0x01, 0x65, 0x3B, 0x9A, 0x07, 0xF2,
    0x6A, 0x34, 0x80, 0x12, 0xA0, 0x60, 0x67, 0xA9, 0x38, 0xC8, 0xC4, 0x43, 0xFC, 0x50, 0x64, 0xD2,
    0xC0, 0x1A, 0x58, 0x01, 0xDB, 0xAB, 0x2C, 0x0D, 0xBD, 0x0E, 0x49, 0xA7, 0x42, 0xBA, 0x6D, 0x35,
    0x76, 0xAB, 0x82, 0xF5, 0x4A, 0x84, 0x4C, 0x7A, 0xB2, 0x7F, 0x01, 0xED, 0xE1, 0xB0, 0x07, 0x19,
    0x00, 0x92, 0x7B, 0x40, 0x2E, 0x1E, 0x36, 0xDF, 0x6D, 0x49, 0xBB, 0x34, 0xA0, 0xDA, 0xD1, 0xC6,
    0xB0, 0xD9, 0x78, 0x6A, 0xB5, 0x7F, 0x08, 0xF5, 0x27, 0x1D, 0xDB, 0x5F, 0x7D, 0xCC, 0x07, 0xA3,
    0xBD, 0x33, 0x80, 0x45, 0xB6, 0xCF, 0x6C, 0x13, 0x2D, 0xFB, 0xED, 0x11, 0xBE, 0x3C, 0xDA, 0xBE,
    0x0A, 0x2C, 0xF2, 0xFB, 0x9E, 0x55, 0x2E, 0xB0, 0xE2, 0x00, 0x06, 0x80, 0x1E, 0x48, 0x03, 0x50,
    0x37, 0xA3, 0x55, 0xFC, 0x6E, 0xE9, 0x0A, 0x4C, 0x0B, 0xE9, 0x00, 0x14, 0xC0, 0x4B, 0x00, 0x70,
    0xED, 0xA3, 0x8A, 0xA5, 0xF8, 0x74, 0x73, 0xDF, 0x67, 0xAD, 0xF6, 0x26, 0x76, 0x8E, 0x71, 0x65,
    0x54, 0x81, 0xAD, 0x0A, 0x4A, 0x2E, 0x24, 0x94, 0x6A, 0x43, 0x2E, 0x4B, 0xAF, 0x87, 0xB2, 0xE1,
    0x09, 0xDD, 0x00, 0xCB, 0x6A, 0xCB, 0xD5, 0x0D, 0xA4, 0x5C, 0x12, 0xB7, 0x87, 0x6C, 0x0D, 0xF6,
    0x10, 0xA6, 0x99, 0x83, 0x4B, 0xE0, 0x26, 0x80, 0xFD, 0x89, 0xA7, 0x14, 0xC7, 0x1B, 0x05, 0x97,
    0xC2, 0x9C, 0xE8, 0x8A, 0xD2, 0x78, 0x0A, 0x53, 0x5D, 0x0A, 0x8F, 0x7B, 0x90, 0x6D, 0xC0, 0x98,
    0x0B, 0xE9, 0x01, 0xD2, 0xF6, 0xFF, 0xCE, 0x7D, 0xDD, 0xED, 0xB9, 0x4C, 0x3A, 0x19, 0xF4, 0xCF,
    0xE4, 0xAB, 0x8D, 0xA6, 0xF4, 0xE5, 0xDE, 0x76, 0x2F, 0xC7, 0x9C, 0xC3, 0xF9, 0x8D, 0x3E, 0x15,
    0x11, 0x97, 0xFF, 0x62, 0x73, 0x40, 0xC1, 0x00, 0xF3, 0x24, 0xDA, 0x22, 0xDB, 0xF0, 0x6E, 0x29,
    0xE5, 0xA3, 0x60, 0x7B, 0x2D, 0x2E, 0xA9, 0x38, 0x80, 0x6B, 0x77, 0xA8, 0x25, 0x5D, 0xD7, 0xBA,
    0xD9, 0x37, 0x6E, 0x3F, 0x87, 0x12, 0x0A, 0x76, 0xAB, 0x84, 0xBC, 0x7A, 0xD7, 0x48, 0x50, 0xD2,
    0x70, 0x04, 0x3F, 0x82, 0x25, 0xE8, 0x4A, 0xDD, 0x47, 0xAD, 0x01, 0xC0, 0x00, 0xB6, 0x01, 0xD5,
    0x03, 0x8B, 0xA7, 0x57, 0x31, 0x72, 0xA9, 0xD7, 0xA4, 0x5F, 0xD5, 0xE8, 0xC6, 0x56, 0xC6, 0x59,
    0x72, 0x96, 0x94, 0xDF, 0x1D, 0x28, 0xA5, 0xA1, 0xFC, 0x6B, 0x28, 0xB8, 0x50, 0xCE, 0xB7, 0x30,
    0x8F, 0x7B, 0x94, 0xB4, 0x70, 0x9D, 0x5D, 0xED, 0x03, 0xF5, 0x05, 0xD7, 0x78, 0x48, 0xB8, 0x1C,
    0x6E, 0x12, 0x40, 0x0F, 0x90, 0xE7, 0x70, 0xA4, 0x2B, 0xB8, 0x04, 0xEE, 0xCC, 0x40, 0x61, 0x1D,
    0x53, 0xC3, 0xA5, 0xF0, 0x30, 0xE4, 0x3E, 0xEB, 0x58, 0x71, 0x05, 0x5E, 0xAB, 0x6A, 0x9F, 0x7B,
    0xE3, 0x4C, 0x65, 0xAB, 0xDD, 0xEB, 0xEB, 0xD8, 0x0B, 0x96, 0xAE, 0xF6, 0x00, 0xDC, 0x42, 0xB2,
    0xCE, 0xB8, 0xAB, 0x7C, 0xF3, 0x5E, 0xD5, 0x9A, 0x50, 0xAC, 0x8E, 0xDE, 0xE2, 0x1B, 0xF7, 0x4E,
    0x27, 0x8B, 0x72, 0x5E, 0xF0, 0xCD, 0xCC, 0x3F, 0xA4, 0xA2, 0xFC, 0xB9, 0xE7, 0x86, 0x40, 0xB2,
    0x01, 0x73, 0x1F, 0x5E, 0x32, 0x0E, 0xB4, 0xE7, 0xC6, 0x5F, 0xF9, 0x44, 0xC4, 0x67, 0x5D, 0xD9,
    0x18, 0x6F, 0x9A, 0xBC, 0x32, 0xBE, 0x44, 0xFB, 0x02, 0x33, 0xCA, 0xCD, 0xB0, 0x14, 0x94, 0x94,
    0x0C, 0x58, 0xE9, 0xC8, 0xC4, 0xC1, 0xAB, 0xC0, 0x15, 0xA0, 0xFC, 0x47, 0x87, 0x08, 0xDC, 0x59,
    0x01, 0x70, 0x91, 0xE4, 0x2E, 0xF5, 0x3F, 0x09, 0x79, 0x5D, 0x57, 0x26, 0x58, 0x67, 0x1A, 0xE3,
    0xAC, 0x8F, 0xA9, 0x2A, 0xCB, 0x36, 0xD9, 0x45, 0xB6, 0x5D, 0xBE, 0x19, 0x73, 0x96, 0x6E, 0xC5,
    0x36, 0xE5, 0xEE, 0xA0, 0x28, 0x1D, 0x3A, 0x90, 0xF4, 0xF0, 0x06, 0xC0, 0xEB, 0x55, 0x2A, 0x9D,
    0xF9, 0xD9, 0x90, 0x57, 0x45, 0x41, 0xB9, 0x22, 0x1F, 0xC8, 0x7B, 0xCA, 0xED, 0x5A, 0x0C, 0x0C,
    0xE7, 0x69, 0x57, 0x3E, 0x6A, 0x8D, 0x54, 0x1C, 0x00, 0xC0, 0x94, 0x64, 0x18, 0x09, 0x79, 0xC5,
    0x4B, 0x3C, 0x0B, 0x41, 0x35, 0xD8, 0x8E, 0xC5, 0x8A, 0x76, 0x1F, 0xFE, 0xF7, 0x84, 0x2B, 0xC0,
    0xF2, 0x4F, 0x40, 0x36, 0x24, 0xAE, 0x07, 0x9E, 0x40, 0x88, 0x14, 0x22, 0x86, 0xC8, 0x21, 0x82,
    0x88, 0x24, 0x86, 0xA8, 0x08, 0xDA, 0x69, 0x41, 0xC4, 0x11, 0x79, 0x44, 0x20, 0x23, 0x71, 0x44,
    0xF2, 0xE0, 0x16, 0x43, 0x41, 0x37, 0x7B, 0x96, 0x3C, 0x13, 0x28, 0xB7, 0x0B, 0x80, 0x5A, 0x06,
    0x91, 0x01, 0x00, 0xE8, 0x48, 0x7B, 0x92, 0x8E, 0xA7, 0x75, 0xCA, 0xB5, 0xBF, 0xF7, 0x2C, 0xC5,
    0xA5, 0x9B, 0xA5, 0xCB, 0xDA, 0xDC, 0x1B, 0xFF, 0x97, 0xDE, 0xB8, 0x7F, 0x6B, 0x72, 0xF5, 0x83,
    0x26, 0xD7, 0xDA, 0x97, 0x37, 0xA3, 0xDE, 0x36, 0x2E, 0x6F, 0x73, 0xAC, 0x3F, 0xC6, 0x3C, 0x1E,
    0x30, 0xD2, 0x72, 0xFB, 0x3A, 0x7C, 0x1F, 0x9E, 0xD6, 0x3E, 0x50, 0x7A, 0xC8, 0x02, 0x30, 0x00,
    0xD7, 0x77, 0x17, 0x24, 0xA9, 0xC4, 0x19, 0x7F, 0xE8, 0xC6, 0xEB, 0x6A, 0x2A, 0xCB, 0xEE, 0xCA,
    0xF2, 0xF4, 0x72, 0xCC, 0x78, 0xC8, 0x22, 0x59, 0x53, 0x64, 0x2B, 0x4A, 0x59, 0x3A, 0xDB, 0xD7,
    0x3E, 0xA9, 0xD8, 0xD5, 0x14, 0xD8, 0x80, 0xEE, 0xC0, 0x3A, 0x78, 0x89, 0xCB, 0xE1, 0xAA, 0x00,
    0xA6, 0x87, 0x62, 0x01, 0xC1, 0x00, 0x97, 0xC0, 0x3D, 0xDA, 0x87, 0xA1, 0x84, 0xB3, 0xC9, 0xE5,
    0xF0, 0x00, 0x20, 0x73, 0x40, 0xEE, 0x81, 0xCD, 0x2E, 0x37, 0x54, 0x00, 0x40, 0x72, 0xC0, 0x77,
    0xC8, 0x7A, 0x25, 0x24, 0x7D, 0x32, 0xC0, 0x40, 0x80, 0x55, 0x1A, 0x60, 0xAE, 0x3C, 0xCC, 0xB4,
    0x87, 0xC2, 0x54, 0x90, 0xE7, 0x80, 0x9D, 0x01, 0x66, 0x35, 0x5A, 0x37, 0x5A, 0x00, 0x74, 0x03,
    0x18, 0x0F, 0x58, 0x80, 0x02, 0x60, 0x00, 0xCA, 0x00, 0x2C, 0x1D, 0xC0, 0x6B, 0x80, 0x38, 0x38,
    0xAC, 0xC0, 0x02, 0x4F, 0xDE, 0x53, 0x5D, 0x73, 0x14, 0x65, 0x47, 0xF1, 0xF5, 0xC0, 0xD2, 0x9F,
    0x53, 0xB3, 0x60, 0x4D, 0xC1, 0xC0, 0x8C, 0x9E, 0x05, 0x1D, 0xAB, 0x24, 0x30, 0xA4, 0x61, 0x6C,
    0xDD, 0x2A, 0x11, 0xA7, 0xA4, 0xDF, 0xBD, 0x42, 0x89, 0xF2, 0xA0, 0xA3, 0xEA, 0xFE, 0x42, 0x18,
    0xE5, 0xC1, 0xFE, 0xA0, 0xD9, 0xFD, 0x05, 0x2F, 0xF0, 0x43, 0xFE, 0x17, 0xBD, 0x9A, 0x01, 0xA4,
    0x25, 0x59, 0x7A, 0xC7, 0x7F, 0xA7, 0xCE, 0x7B, 0x5D, 0x3B, 0x5D, 0xCC, 0x69, 0xF4, 0x0A, 0x9D,
    0x6C, 0xD7, 0x60, 0xB1, 0x92, 0xEE, 0x2E, 0x18, 0x34, 0xEE, 0xBD, 0x75, 0x2C, 0x04, 0xC1, 0x34,
    0xFA, 0x25, 0x08, 0x2C, 0x82, 0x24, 0x41, 0x07, 0x83, 0xC1, 0xBB, 0x7D, 0xCF, 0x64, 0x11, 0xC0,
    0xB6, 0x15, 0x41, 0x82, 0x79, 0x18, 0xD2, 0xF3, 0x06, 0x3D, 0x68, 0x34, 0xB9, 0xAF, 0xEF, 0xD9,
    0x19, 0x8C, 0x68, 0x4C, 0xC9, 0x58, 0x83, 0x90, 0xA9, 0x64, 0x92, 0x88, 0x0E, 0xE6, 0xEC, 0x4C,
    0xED, 0x6E, 0xCD, 0x4C, 0xDD, 0x7B, 0x72, 0x4E, 0xDD, 0xBA, 0xEF, 0x66, 0x7A, 0x66, 0x32, 0xDB,
    0xDD, 0xEF, 0x75, 0x55, 0x7D, 0xFF, 0xD2, 0xE5, 0x76, 0x9D, 0xDF, 0xF7, 0x9D, 0x73, 0xBE, 0xFA,
    0xEA, 0xD4, 0x83, 0x3F, 0xBF, 0x0D, 0x2C, 0x3A, 0x60, 0xEF, 0x3A, 0xC3, 0x76, 0x56, 0x03, 0x85,
    0x05, 0xCA, 0x28, 0xFF, 0x18, 0xE5, 0xD3, 0x0A, 0x92, 0x8F, 0x6A, 0x90, 0x6F, 0x3B, 0xC8, 0xFE,
    0xCA, 0x81, 0x12, 0x0E, 0xAE, 0xD0, 0xC0, 0x88, 0x16, 0x16, 0x3E, 0x88, 0xF7, 0x1D, 0xD2, 0x11,
    0xC4, 0x32, 0x47, 0x59, 0xA6, 0xCC, 0xEA, 0xC4, 0x1B, 0xEF, 0x32, 0x6F, 0x39, 0x7B, 0x08, 0x85,
    0xD7, 0xEC, 0xEE, 0x71, 0xBC, 0x9D, 0x39, 0xD0, 0xCC, 0xBC, 0x4D, 0x56, 0x77, 0x6C, 0x5A, 0x67,
    0x56, 0x85, 0xBD, 0x40, 0x99, 0x32, 0xD8, 0x84, 0x5C, 0x4F, 0x28, 0x59, 0x9B, 0xA7, 0x94, 0x2B,
    0x0A, 0x3F, 0xB3, 0x59, 0x57, 0x56, 0x68, 0x80, 0x17, 0x9E, 0x03, 0x5E, 0xBE, 0x08, 0x94, 0x1D,
    0xA0, 0xEA, 0x53, 0x77, 0x61, 0x47, 0x68, 0x2E, 0xA6, 0x06, 0xB5, 0x80, 0x74, 0x09, 0x5C, 0x7B,
    0x7A, 0x37, 0x1E, 0xA5, 0x5D, 0x7C, 0x99, 0xF6, 0x9D, 0x2F, 0xD3, 0x8A, 0xAF, 0xD0, 0x26, 0x3D,
    0x6D, 0xB5, 0xA5, 0xA5, 0x0C, 0xB4, 0xFD, 0x6D, 0xD2, 0x0A, 0xB8, 0x08, 0x30, 0x02, 0x98, 0x00,
    0x94, 0x2E, 0x36, 0x69, 0x9E, 0x82, 0xB9, 0x01, 0x69, 0x40, 0x01, 0xCA, 0x40, 0xD6, 0x82, 0x38,
    0x00, 0x00, 0x92, 0x0A, 0xF2, 0x1A, 0xBC, 0x26, 0xA9, 0x87, 0x4B, 0x2B, 0x4D, 0xE9, 0x5B, 0xFC,
    0xDF, 0xB5, 0xB2, 0xA1, 0xC9, 0x2A, 0x9C, 0x32, 0x1C, 0x14, 0x40, 0x39, 0x40, 0x4D, 0x81, 0xA3,
    0xC1, 0xA6, 0x40, 0xD9, 0x5B, 0x42, 0x5E, 0xE5, 0x26, 0xF3, 0x1E, 0xE1, 0x1B, 0xD8, 0x05, 0x00,
    0x2E, 0x83, 0x47, 0xB6, 0x28, 0x33, 0x5C, 0x3A, 0x73, 0x8B, 0x85, 0x4F, 0x96, 0x8B, 0xAC, 0xBA,
    0xA8, 0xCC, 0xC5, 0x02, 0x4A, 0x98, 0x6C, 0x8E, 0x12, 0x0A, 0xFD, 0x23, 0xE5, 0x9D, 0xF4, 0x15,
    0xE7, 0x81, 0x7C, 0x1D, 0x62, 0xF9, 0x6B, 0x47, 0xA6, 0xEF, 0x9E, 0x0A, 0x61, 0xE2, 0x20, 0xEB,
    0xA0, 0x2C, 0xE1, 0x6E, 0x06, 0xC0, 0x06, 0x34, 0x90, 0x12, 0x50, 0x09, 0xAC, 0x04, 0x58, 0xB6,
    0x6D, 0x6C, 0xAD, 0xA4, 0x67, 0x26, 0x40, 0x13, 0xA9, 0x7B, 0x6C, 0x80, 0xE3, 0x5F, 0x47, 0xDB,
    0x39, 0x71, 0x6E, 0xE9, 0xFA, 0xA3, 0x86, 0x27, 0x08, 0x2B, 0x20, 0xCD, 0x08, 0xF9, 0x49, 0x03,
    0xDE, 0x42, 0x79, 0x3A, 0x9D, 0xFF, 0xA2, 0x34, 0x4C, 0x0A, 0x50, 0x1D, 0xA4, 0x0E, 0x84, 0x3E,
    0xA1, 0xD0, 0x2A, 0xDE, 0x82, 0xEC, 0x83, 0x1A, 0x12, 0xAF, 0x07, 0x1A, 0x80, 0xE4, 0xF0, 0x50,
    0x93, 0xFA, 0xC8, 0xB0, 0x7A, 0x73, 0x09, 0x73, 0x4A, 0xE8, 0xC8, 0x0D, 0x2D, 0xCA, 0xF6, 0x22,
    0x9A, 0x20, 0x89, 0x1B, 0xC4, 0x48, 0x47, 0xA1, 0x65, 0x4D, 0x49, 0x90, 0x19, 0x69, 0x45, 0x47,
    0x6A, 0x65, 0x4B, 0x66, 0xF3, 0x9A, 0x1B, 0xDE, 0x1B, 0xBC, 0x6F, 0x01, 0x76, 0xAF, 0x1D, 0x40,
    0xFE, 0x0B, 0x07, 0xD9, 0x27, 0x35, 0xC8, 0x4F, 0x6D, 0x14, 0x03, 0xF2, 0xDF, 0xE1, 0xCC, 0x3F,
    0x54, 0xC4, 0xF9, 0x49, 0x9C, 0xA0, 0xC4, 0x19, 0x4A, 0x9C, 0xA2, 0xC4, 0x39, 0x4A, 0x19, 0x25,
    0xCE, 0xD2, 0x20, 0x25, 0x1B, 0xF1, 0xF4, 0x33, 0xB5, 0x9F, 0xAA, 0xF4, 0x73, 0x15, 0xFD, 0x18,
    0x2E, 0xE4, 0xBE, 0x56, 0xB6, 0x08, 0xF2, 0x18, 0x2E, 0x88, 0x6B, 0x90, 0x3B, 0x48, 0x1D, 0xE2,
    0x8F, 0x1A, 0x32, 0xBF, 0x0A, 0xE7, 0xFF, 0x88, 0xF0, 0x4F, 0x9A, 0x0F, 0x03, 0xAE, 0x21, 0xF3,
    0x15, 0x62, 0x4F, 0xB3, 0xA6, 0xBF, 0x1D, 0xE0, 0x3B, 0x56, 0x87, 0xF7, 0x98, 0xF3, 0x0A, 0x1D,
    0x2F, 0xD2, 0x42, 0xB4, 0x80, 0x4D, 0xE2, 0x7D, 0x6F, 0xD2, 0xB1, 0xB6, 0x9A, 0x08, 0xAC, 0x03,
    0xAF, 0xCD, 0x82, 0x05, 0x5A, 0xEB, 0x23, 0xF1, 0x85, 0x43, 0x28, 0x3D, 0x7C, 0x77, 0xEF, 0x91,
    0x19, 0xB9, 0x24, 0xF9, 0x2C, 0x0E, 0x9B, 0x5C, 0x2B, 0x93, 0x53, 0x30, 0xA3, 0xFC, 0xE3, 0x8E,
    0xD2, 0x57, 0x94, 0x7F, 0xB3, 0x1D, 0x3A, 0x05, 0xDF, 0x47, 0x7D, 0xD1, 0x22, 0x7D, 0x0D, 0xE7,
    0x81, 0x84, 0x5B, 0xA4, 0xAF, 0xD6, 0x48, 0x6F, 0x61, 0xC5, 0x89, 0xB2, 0xEE, 0x08, 0xB8, 0x94,
    0x41, 0xBE, 0x00, 0xD5, 0x01, 0xFA, 0xE9, 0x79, 0x01, 0x18, 0x03, 0xF7, 0x81, 0xA3, 0x93, 0xE5,
    0xDD, 0x64, 0x3D, 0x39, 0xD8, 0x53, 0xF3, 0x9E, 0x24, 0xDB, 0x14, 0x44, 0x05, 0xD2, 0x82, 0x8C,
    0xE7, 0x15, 0x70, 0xFB, 0xC9, 0xD9, 0xEE, 0x3D, 0x72, 0xBB, 0x25, 0x70, 0x1B, 0x00, 0xC8, 0x78,
    0xAB, 0x4F, 0x22, 0x89, 0x37, 0xA7, 0x12, 0xE3, 0xAB, 0x89, 0x61, 0x92, 0x6B, 0xD4, 0xF2, 0xC4,
    0xE2, 0x0C, 0x39, 0xC0, 0xC2, 0xD2, 0x3F, 0x13, 0xC9, 0xCC, 0x3D, 0x00, 0x22, 0xD9, 0x2D, 0x28,
    0xFC, 0x12, 0xFC, 0xDF, 0x2E, 0x91, 0x2D, 0x23, 0xB2, 0x3A, 0x88, 0xB2, 0xFC, 0x80, 0x02, 0xA0,
    0x64, 0xB8, 0x29, 0xD3, 0x58, 0xDD, 0x1D, 0xA1, 0x7C, 0x90, 0xA4, 0x61, 0x4A, 0xE2, 0x98, 0x44,
    0x29, 0x23, 0x67, 0x61, 0xD3, 0x1A, 0xE5, 0x7D, 0x45, 0xE2, 0x57, 0x6C, 0xB3, 0x39, 0x34, 0x90,
    0x2E, 0x21, 0xBF, 0x01, 0x57, 0x53, 0xF3, 0xE4, 0x65, 0xE1, 0x4D, 0xB2, 0x6E, 0x0C, 0x7A, 0x04,
    0xCC, 0x81, 0x96, 0x6B, 0xD2, 0xB1, 0xF0, 0x15, 0x37, 0x56, 0x80, 0x30, 0x2F, 0x40, 0x62, 0xDF,
    0x02, 0xE1, 0x6B, 0x60, 0x66, 0x9E, 0x8D, 0x8F, 0x3B, 0x02, 0xBE, 0x37, 0xD4, 0x8B, 0x59, 0x07,
    0xE8, 0xD3, 0xF1, 0x0F, 0x80, 0x0D, 0xEF, 0x46, 0x76, 0x9E, 0x4D, 0x1F, 0x0A, 0x07, 0xB2, 0x81,
    0xC4, 0x71, 0x4A, 0xFD, 0x77, 0xFA, 0xDD, 0x04, 0x50, 0x1C, 0xCB, 0xB6, 0x62, 0xFE, 0x4B, 0xB6,
    0xDB, 0x70, 0xED, 0xAD, 0xB5, 0xC7, 0x49, 0x6F, 0xA7, 0xD8, 0xA3, 0xB2, 0x02, 0xF2, 0x06, 0x38,
    0x3A, 0x02, 0x51, 0xE7, 0x0C, 0xE9, 0xC4, 0x5C, 0x78, 0x23, 0xF5, 0x55, 0xB9, 0x62, 0x49, 0x5A,
    0x33, 0x5F, 0x3F, 0x9D, 0x33, 0x4B, 0x1B, 0x65, 0x5B, 0x8F, 0xC4, 0x9C, 0x11, 0x45, 0x4B, 0x47,
    0xDE, 0x7B, 0x8E, 0xAC, 0x29, 0x49, 0xAB, 0x28, 0x96, 0x09, 0x99, 0x65, 0xCC, 0x8D, 0x26, 0xBE,
    0xDC, 0x74, 0x99, 0xB7, 0xDC, 0x83, 0x40, 0x86, 0x7A, 0xCD, 0x30, 0x96, 0x16, 0x71, 0x0D, 0x54,
    0x0B, 0x69, 0xB3, 0xF1, 0x78, 0x93, 0xA0, 0xFE, 0x14, 0xF9, 0xBE, 0xD7, 0xF2, 0xC3, 0xE0, 0x6A,
    0xA7, 0x6C, 0xE6, 0x82, 0xBB, 0x55, 0xB0, 0xB8, 0x9B, 0xB0, 0xF7, 0xE9, 0x27, 0xD7, 0x05, 0x39,
    0x05, 0x05, 0x25, 0x65, 0x15, 0x5C, 0xAF, 0xBF, 0x89, 0xFE, 0xCC, 0xEA, 0xF0, 0xCE, 0x7F, 0xAB,
    0x40, 0xDA, 0x7D, 0x2D, 0xFD, 0x2F, 0xF7, 0x6E, 0xFC, 0x26, 0xF4, 0xBB, 0x9A, 0xBE, 0x8D, 0xBC,
    0x82, 0xDF, 0xFE, 0xB9, 0xEE, 0x03, 0x99, 0x87, 0xB3, 0x7A, 0xF5, 0x00, 0xF5, 0xD2, 0x12, 0x75,
    0x73, 0x41, 0xEE, 0x4A, 0x0A, 0x1B, 0x88, 0x74, 0x4F, 0xC5, 0x84, 0x09, 0xE3, 0x60, 0xFB, 0x4C,
    0x99, 0x07, 0x9D, 0x33, 0xA7, 0xC3, 0xEB, 0x16, 0x6F, 0x00, 0x38, 0x47, 0xB2, 0xDA, 0x4F, 0x3F,
    0x76, 0x49, 0x62, 0xD6, 0xF0, 0x01, 0x9D, 0x25, 0xCC, 0xA1, 0x83, 0x36, 0x1E, 0x01, 0x37, 0x71,
    0xE1, 0xD8, 0x56, 0xCF, 0x69, 0x15, 0x01, 0x33, 0x1B, 0xE0, 0xF0, 0x1D, 0x02, 0x8A, 0x77, 0x99,
    0x79, 0x7E, 0xB4, 0xC9, 0xAB, 0xDF, 0x0D, 0x74, 0x96, 0xC2, 0xA2, 0x0C, 0x4A, 0x93, 0x6B, 0x0A,
    0xD8, 0xD6, 0xD7, 0x30, 0x85, 0x99, 0x89, 0xBF, 0x01, 0xC4, 0xE1, 0x81, 0xF4, 0x4E, 0xEC, 0x5D,
    0x7B, 0x62, 0x80, 0x0B, 0x6F, 0x94, 0xCB, 0xEF, 0x5E, 0x5F, 0x37, 0xBC, 0xB0, 0x85, 0x8D, 0x3D,
    0x14, 0x7B, 0xA7, 0x18, 0x22, 0x30, 0x65, 0x66, 0x16, 0xB6, 0xCF, 0x91, 0x21, 0x43, 0xC6, 0xFC,
    0x38, 0xD3, 0x4F, 0xDC, 0xD8, 0x79, 0xC1, 0x48, 0x51, 0xDC, 0x47, 0xB5, 0x08, 0xFD, 0x78, 0xDE,
    0x3E, 0x71, 0xA3, 0x99, 0xE1, 0x32, 0x8C, 0x60, 0x0A, 0xA5, 0xE5, 0xAC, 0x01, 0x86, 0xD9, 0x06,
    0x88, 0xEB, 0x59, 0x97, 0x74, 0xB4, 0x34, 0xC2, 0x25, 0x61, 0x97, 0x4E, 0xD6, 0xB2, 0x4E, 0xAB,
    0xB4, 0xCD, 0x3A, 0xA5, 0x2F, 0x31, 0x62, 0x4A, 0x69, 0xE3, 0x7F, 0xDA, 0x70, 0x95, 0xB0, 0xF3,
    0x64, 0x28, 0xDF, 0x12, 0xE2, 0xE4, 0xF0, 0xD5, 0xC3, 0x83, 0xD4, 0xBF, 0xEF, 0x1D, 0x4B, 0x66,
    0x30, 0x67, 0x02, 0x5D, 0x94, 0x96, 0x69, 0x94, 0x39, 0xA2, 0x09, 0x92, 0x38, 0xBA, 0x28, 0x2D,
    0x72, 0x2D, 0xA2, 0x41, 0xD6, 0x89, 0x23, 0xAD, 0xA2, 0x58, 0xE9, 0xC8, 0x82, 0x84, 0x36, 0x65,
    0x8D, 0xEF, 0x02, 0x03, 0x11, 0x01, 0x0A, 0x03, 0xD2, 0x03, 0xB2, 0x01, 0x00, 0x59, 0x67, 0x36,
    0x75, 0xCA, 0xCA, 0x5A, 0x59, 0x10, 0xC3, 0xF8, 0xDB, 0x63, 0x61, 0xBD, 0x2E, 0xEC, 0x0C, 0x65,
    0x0A, 0x94, 0x2E, 0xFB, 0x0C, 0x55, 0x10, 0x6D, 0x4C, 0xC9, 0x3E, 0x93, 0x9E, 0xAD, 0x63, 0x4A,
    0x17, 0xD8, 0x5B, 0x16, 0xF6, 0x91, 0x2C, 0x10, 0xDB, 0xF4, 0x06, 0xB1, 0x02, 0x98, 0x43, 0xE2,
    0x41, 0x7D, 0x68, 0x19, 0x27, 0x15, 0xC0, 0xB0, 0xD8, 0x13, 0x41, 0xB6, 0x65, 0xCD, 0x50, 0xDA,
    0x44, 0xD4, 0xDE, 0xD4, 0xC6, 0x0C, 0x28, 0x0D, 0xF9, 0x23, 0xAF, 0xB8, 0x13, 0x60, 0x1F, 0x44,
    0x07, 0xA5, 0x0B, 0x66, 0x60, 0xC8, 0x8C, 0xCA, 0x31, 0xB9, 0xC7, 0xDD, 0x4B, 0xDF, 0x30, 0xA3,
    0xF8, 0x9A, 0x31, 0xB6, 0xBF, 0xED, 0x48, 0x1A, 0x62, 0xAA, 0xAD, 0xF0, 0xC4, 0x6E, 0x3E, 0xBC,
    0x95, 0xFA, 0xB7, 0x7D, 0xCD, 0x92, 0x9B, 0x30, 0xA7, 0x83, 0x2E, 0x7A, 0xD9, 0x46, 0xC4, 0x56,
    0x69, 0x44, 0x33, 0x81, 0xC4, 0x77, 0x83, 0x48, 0x77, 0x14, 0xA5, 0x8C, 0xFE, 0x14, 0x9A, 0xB4,
    0x52, 0x96, 0xD4, 0x66, 0xD5, 0xA6, 0x4B, 0x92, 0x15, 0xBE, 0xC3, 0x03, 0x00, 0x82, 0x4D, 0xDF,
    0xA8, 0x28, 0x99, 0x01, 0x14, 0xC0, 0xEF, 0x30, 0x6C, 0xDB, 0xCC, 0xF5, 0x48, 0x64, 0xCC, 0x9E,
    0x56, 0x3F, 0xF6, 0x56, 0xE9, 0x25, 0x39, 0x0D, 0x45, 0x4C, 0x80, 0xCA, 0x52, 0x7A, 0x28, 0xEF,
    0x68, 0xC6, 0xCA, 0xB2, 0x9F, 0x59, 0xE6, 0xB2, 0x0E, 0xE6, 0x02, 0xF4, 0x92, 0x96, 0x15, 0x00,
    0xE8, 0x48, 0x37, 0x44, 0xBE, 0xDA, 0xAE, 0xD7, 0x0C, 0xDD, 0xAF, 0x17, 0x3F, 0xF3, 0x55, 0x61,
    0xEF, 0xA3, 0x4C, 0x8B, 0xFA, 0xA1, 0x23, 0xFF, 0x7D, 0x4B, 0xE1, 0x4D, 0x6F, 0x65, 0x66, 0x99,
    0xC8, 0x2A, 0x98, 0x63, 0x2A, 0x1C, 0xFB, 0xAC, 0x98, 0x6F, 0xFC, 0x11, 0x15, 0xE4, 0x0E, 0x16,
    0x1A, 0x51, 0x6F, 0x9E, 0x48, 0xB7, 0x88, 0x33, 0x85, 0x25, 0x30, 0x07, 0x3A, 0xF8, 0x52, 0x81,
    0xEB, 0x7A, 0x7B, 0xA4, 0xC0, 0x95, 0x3A, 0xC4, 0x4C, 0x67, 0x56, 0x71, 0xC3, 0x7B, 0x7C, 0x30,
    0xE0, 0x92, 0x58, 0xA9, 0xE6, 0x4A, 0x20, 0x2C, 0xEB, 0xBC, 0xCA, 0x6C, 0x76, 0xFC, 0x44, 0xC9,
    0xD9, 0x64, 0xEC, 0xF1, 0x90, 0xA7, 0xBD, 0xF6, 0xE6, 0x44, 0xDB, 0x86, 0x1D, 0x60, 0x32, 0xD8,
    0x08, 0x78, 0x19, 0x18, 0x7C, 0xE4, 0xBA, 0x5C, 0x89, 0xE5, 0xF0, 0x80, 0x68, 0x37, 0xB9, 0x44,
    0xAE, 0x73, 0x49, 0x95, 0xDA, 0x9E, 0xB5, 0x51, 0x2D, 0xEC, 0x92, 0xEB, 0x5C, 0x2B, 0x2E, 0xF3,
    0x22, 0x91, 0xEF, 0xA7, 0x26, 0xCC, 0x77, 0xCB, 0x52, 0x5A, 0xE6, 0x99, 0xA1, 0x53, 0xD0, 0x3E,
    0xF7, 0xD8, 0x7C, 0xBB, 0x3F, 0x34, 0xE5, 0x47, 0x36, 0xFF, 0xC0, 0x66, 0x0F, 0x74, 0xF6, 0x1E,
    0xEA, 0x9F, 0x50, 0xE6, 0x4B, 0x83, 0xBD, 0xDC, 0x0C, 0xF6, 0xF1, 0x30, 0xD2, 0xE3, 0xE1, 0x35,
    0xDE, 0x7C, 0x7B, 0x17, 0x29, 0x93, 0x38, 0x65, 0x83, 0x99, 0x6F, 0xC5, 0xD0, 0x94, 0x35, 0x79,
    0x1C, 0xEA, 0xF1, 0x50, 0x96, 0x2D, 0x86, 0x32, 0x45, 0x6E, 0x4B, 0x65, 0xBE, 0x19, 0x23, 0x3E,
    0xCB, 0x90, 0xDE, 0xC1, 0x6C, 0xBB, 0xF4, 0xC3, 0x3E, 0x30, 0xBF, 0x04, 0xAB, 0x16, 0xBC, 0x21,
    0xE9, 0x20, 0x6F, 0xE0, 0xCA, 0x71, 0x8D, 0x95, 0x58, 0xE9, 0xA4, 0x0D, 0x71, 0xB6, 0x85, 0xF7,
    0x66, 0xE6, 0xBD, 0x16, 0xD7, 0x49, 0x3B, 0x92, 0x6E, 0x3B, 0x9D, 0x87, 0xBC, 0xEC, 0x89, 0xA5,
    0x95, 0x8B, 0x90, 0xBF, 0x55, 0x91, 0x3E, 0x02, 0x19, 0xC8, 0x1D, 0xDB, 0x8D, 0x57, 0x80, 0xA4,
    0x03, 0x8A, 0x1A, 0x18, 0xB3, 0x19, 0xCE, 0x9C, 0x0D, 0x25, 0x0A, 0xF9, 0x0A, 0x1F, 0x03, 0xB2,
    0xB0, 0xB2, 0xE2, 0x8B, 0xD0, 0x3A, 0x9F, 0xBA, 0x20, 0x9F, 0x34, 0xA9, 0x15, 0xAE, 0x4B, 0x43,
    0xBC, 0x42, 0x7F, 0x26, 0xF5, 0x44, 0x19, 0x59, 0x95, 0x4A, 0xCB, 0x2A, 0x7F, 0x09, 0x69, 0xD5,
    0x7B, 0x84, 0xA0, 0x7D, 0x1C, 0x24, 0x90, 0x64, 0x26, 0xC8, 0x8D, 0x5A, 0x2C, 0xF1, 0x0D, 0xDD,
    0x76, 0xF9, 0x92, 0x15, 0xA4, 0x0D, 0x11, 0x8A, 0x9D, 0xCD, 0xA4, 0x7C, 0x9D, 0xC5, 0x03, 0x4F,
    0xB1, 0x58, 0x68, 0xE5, 0x72, 0xA3, 0x2A, 0x65, 0x72, 0x9B, 0xEB, 0x42, 0x1F, 0x17, 0x51, 0x4C,
    0x86, 0x7D, 0xDA, 0x4F, 0x82, 0x99, 0x99, 0x07, 0xB6, 0x67, 0x41, 0x8C, 0x06, 0x64, 0x7D, 0x2C,
    0x16, 0x48, 0x35, 0xF0, 0x3C, 0x3C, 0x3D, 0x3D, 0xD7, 0x40, 0x34, 0x6B, 0xC3, 0x41, 0x32, 0xA4,
    0xAB, 0xED, 0x86, 0xCB, 0x80, 0xA3, 0x9B, 0x40, 0xD1, 0x00, 0x99, 0x7D, 0x26, 0x3D, 0xF5, 0xB2,
    0xD4, 0x8C, 0x0B, 0xC8, 0x3B, 0x48, 0x6B, 0x10, 0xFA, 0xA9, 0x7D, 0x7D, 0x0E, 0x20, 0x1F, 0x64,
    0x88, 0xDF, 0xA5, 0xBE, 0x2D, 0x80, 0x73, 0x7B, 0xE2, 0x00, 0x7C, 0x6C, 0x6F, 0x76, 0x73, 0x05,
    0x45, 0x5D, 0x42, 0x69, 0xA2, 0x50, 0xD2, 0xDF, 0xB0, 0xBF, 0x23, 0xFB, 0xEB, 0xB9, 0x35, 0x87,
    0x2E, 0x4A, 0x4B, 0x17, 0xC5, 0x43, 0x83, 0xD7, 0x4F, 0x19, 0x9A, 0x9F, 0x7C, 0x35, 0x34, 0x49,
    0x0C, 0x0D, 0xDB, 0xD0, 0xCC, 0x8F, 0xA5, 0x05, 0x12, 0x07, 0x2C, 0xEA, 0x28, 0xFA, 0xF1, 0x83,
    0x33, 0x64, 0xF3, 0x6D, 0x46, 0x1A, 0xCA, 0x85, 0x45, 0x05, 0x7E, 0x48, 0x19, 0xEB, 0x9C, 0x11,
    0x4B, 0xE0, 0xED, 0x9A, 0x32, 0x85, 0x77, 0xE0, 0xFF, 0xBE, 0x43, 0xB6, 0xDC, 0x27, 0xAB, 0x29,
    0x51, 0x36, 0xB6, 0xA1, 0xFB, 0x66, 0xC2, 0x79, 0x12, 0x84, 0x9B, 0x50, 0x72, 0x34, 0xC8, 0x4D,
    0xA6, 0xD0, 0x71, 0x13, 0xD1, 0x6E, 0x5E, 0x06, 0x8B, 0x0A, 0xE5, 0xBD, 0x26, 0xF1, 0x2D, 0xB0,
    0x0B, 0xFD, 0x37, 0xB1, 0x45, 0xB7, 0xFD, 0x1E, 0x76, 0x41, 0x27, 0xBE, 0x51, 0xFF, 0xD5, 0x85,
    0x1B, 0x4E, 0x28, 0xE7, 0x14, 0x1D, 0x45, 0x4B, 0xD9, 0x1F, 0xD3, 0x8E, 0xEE, 0x28, 0x69, 0xCA,
    0x8F, 0x6B, 0xE5, 0x75, 0x3F, 0x90, 0xCD, 0xF7, 0x21, 0xA9, 0xEE, 0x02, 0x91, 0x8F, 0x99, 0x79,
    0x36, 0xCC, 0xE7, 0x76, 0xE2, 0x77, 0xB0, 0x49, 0x40, 0x73, 0x88, 0xC7, 0xC7, 0xE6, 0xDC, 0x39,
    0x60, 0xF4, 0x0A, 0x70, 0xAF, 0x01, 0x7E, 0xE1, 0x20, 0x79, 0xDF, 0x02, 0xAF, 0xEA, 0x53, 0x67,
    0x67, 0x07, 0x94, 0x82, 0xFC, 0x0A, 0x8C, 0x46, 0x70, 0xF5, 0x2E, 0xBC, 0xF0, 0x02, 0x83, 0x17,
    0x04, 0x37, 0x08, 0x7E, 0xF4, 0x0D, 0x04, 0x4F, 0x08, 0xAE, 0xD0, 0x05, 0x6B, 0x29, 0x07, 0x9B,
    0xD2, 0xD1, 0x11, 0x1C, 0x22, 0x78, 0x44, 0x74, 0xA9, 0xF7, 0x49, 0x1C, 0x1E, 0x1E, 0x1E, 0x50,
    0x78, 0xEF, 0x1D, 0xFE, 0xCD, 0xCF, 0xDF, 0xAC, 0x65, 0x2B, 0x9D, 0xA8, 0xB2, 0x3A, 0xA8, 0x8D,
    0x15, 0x31, 0x14, 0xA4, 0x15, 0x94, 0xA4, 0x16, 0x26, 0x64, 0xBE, 0x63, 0x8A, 0xF2, 0x6D, 0x54,
    0x4B, 0x54, 0xD3, 0xAB, 0x86, 0x09, 0xB9, 0x16, 0x94, 0x14, 0x28, 0xF2, 0xAA, 0x44, 0x91, 0x79,
    0xEF, 0x57, 0x88, 0xA8, 0xDB, 0xD5, 0x64, 0x71, 0x1B, 0x16, 0x9D, 0xF2, 0x46, 0x7E, 0xB6, 0x98,
    0xBD, 0x56, 0x65, 0x95, 0x6A, 0x65, 0xAD, 0x8C, 0x72, 0xB2, 0x2E, 0x08, 0xFF, 0xB2, 0x25, 0x99,
    0x5D, 0xE8, 0x49, 0xDF, 0x4A, 0xD0, 0x87, 0x3A, 0x68, 0x6E, 0xA1, 0xA4, 0xB4, 0x50, 0xE8, 0x45,
    0x7D, 0x06, 0xF5, 0xC5, 0xAF, 0x56, 0x9E, 0xD4, 0xDB, 0x45, 0x0B, 0xE7, 0x87, 0x20, 0x01, 0xA9,
    0x81, 0xD2, 0x92, 0xAC, 0x40, 0x56, 0x9B, 0xB5, 0x45, 0x52, 0xEF, 0x6B, 0x56, 0x6F, 0xB6, 0xCC,
    0xE9, 0xFA, 0xBD, 0xED, 0xAD, 0x15, 0x8D, 0x74, 0xC9, 0x67, 0x77, 0xAA, 0x24, 0xF0, 0xC9, 0xCF,
    0x3B, 0xA4, 0x9B, 0x10, 0x29, 0xD2, 0x4A, 0x99, 0xD4, 0xAA, 0xBE, 0x64, 0xB9, 0xD1, 0xCA, 0xC6,
    0x77, 0xB2, 0x05, 0x48, 0x2A, 0x54, 0xFF, 0xEA, 0xD7, 0xC2, 0xF0, 0xE2, 0x76, 0xB0, 0x78, 0xE0,
    0x8A, 0xFB, 0x4E, 0x39, 0xA7, 0xAA, 0x5B, 0xB9, 0xA5, 0xD0, 0x5F, 0x5F, 0x54, 0x9F, 0x24, 0x06,
    0x82, 0xE1, 0x65, 0x40, 0x83, 0x02, 0x2E, 0x03, 0x57, 0x61, 0xFD, 0xBD, 0xE4, 0x07, 0xC5, 0x27,
    0x5D, 0xF6, 0xF1, 0x5C, 0x76, 0x23, 0xD9, 0x7C, 0x3F, 0x75, 0x64, 0xD5, 0x97, 0x1E, 0xF1, 0xF9,
    0xA6, 0x1C, 0x02, 0x76, 0x36, 0x98, 0x63, 0xB8, 0x0A, 0x8E, 0xE3, 0x4D, 0x1D, 0x2F, 0xD2, 0x6A,
    0x98, 0x9F, 0x74, 0x20, 0x53, 0xFD, 0xA2, 0xFC, 0x67, 0x27, 0xBC, 0xE5, 0x26, 0x9C, 0x7F, 0xBC,
    0x40, 0x7E, 0xA5, 0x9F, 0xD3, 0x0A, 0x00, 0xCE, 0xAC, 0x34, 0x33, 0xEF, 0xC4, 0xEA, 0x0F, 0x9D,
    0x74, 0x38, 0x59, 0x89, 0x3A, 0xAD, 0xD0, 0xD2, 0x81, 0x5C, 0x01, 0xBE, 0x81, 0x62, 0x05, 0xC2,
    0x6B, 0x28, 0x2C, 0x28, 0x7B, 0x29, 0xD8, 0x08, 0x65, 0xC6, 0xCC, 0x28, 0x7D, 0x47, 0xB1, 0xFD,
    0x0E, 0x00, 0x23, 0x44, 0x47, 0xE6, 0x22, 0xC8, 0x77, 0x00, 0xB8, 0x70, 0x2B, 0xF1, 0x5D, 0xF6,
    0x9F, 0xFB, 0xCA, 0x8C, 0x94, 0x3E, 0xAF, 0x2A, 0xB2, 0x38, 0xB6, 0x2B, 0x72, 0x47, 0xD2, 0xBC,
    0x22, 0x9A, 0xBB, 0xD2, 0xDD, 0x5F, 0x54, 0x0B, 0xAF, 0x85, 0x06, 0xC6, 0x20, 0x3C, 0x64, 0xFF,
    0x62, 0xB9, 0x28, 0xEA, 0xD3, 0x20, 0x4C, 0x2B, 0xF2, 0x86, 0xE9, 0x9C, 0xFA, 0x22, 0x3C, 0x3E,
    0xE1, 0x49, 0xD1, 0x5C, 0x06, 0xAE, 0xB0, 0xFE, 0x49, 0x52, 0xC1, 0xFF, 0x58, 0x84, 0x7F, 0x2C,
    0x98, 0x1A, 0xD1, 0x20, 0x96, 0x70, 0x91, 0xB3, 0x47, 0xA8, 0x06, 0x00, 0x9E, 0x8F, 0x43, 0xF0,
    0xDD, 0x1A, 0xE9, 0x35, 0x74, 0xA7, 0xD3, 0xC7, 0x75, 0x06, 0xF3, 0x09, 0x94, 0x0D, 0xA8, 0x0A,
    0xC4, 0x71, 0x20, 0x09, 0xF0, 0x04, 0x7A, 0x02, 0x3E, 0x81, 0x1F, 0x55, 0x11, 0x3D, 0xE8, 0x5D,
    0x88, 0x3E, 0x90, 0x34, 0x04, 0x2F, 0x08, 0x6E, 0x10, 0xFC, 0x20, 0x38, 0x82, 0xD0, 0x70, 0xE1,
    0xF0, 0xF0, 0xF5, 0xD2, 0xFB, 0x66, 0x72, 0xE7, 0x61, 0x33, 0x52, 0xD6, 0xBD, 0xAC, 0x8C, 0x43,
    0x19, 0xC8, 0x23, 0xD2, 0x57, 0xDF, 0xDE, 0xB7, 0x05, 0x3E, 0xD0, 0x41, 0xE6, 0x0D, 0xB9, 0xB7,
    0xE0, 0x80, 0x16, 0x58, 0x00, 0x0A, 0xCE, 0xDC, 0x87, 0xAC, 0x05, 0x71, 0x0B, 0xB9, 0xAE, 0xDB,
    0x7F, 0x8E, 0xF7, 0xFA, 0xCE, 0xC3, 0x6F, 0x7C, 0xA1, 0x8F, 0x7E, 0xF5, 0x4F, 0x34, 0x05, 0xCA,
    0x90, 0x39, 0x70, 0xFC, 0x45, 0xCD, 0xC2, 0x00, 0xC0, 0x55, 0x69, 0x28, 0x0B, 0x8D, 0xEA, 0x40,
    0xD6, 0xC0, 0x09, 0xC2, 0x73, 0x00, 0x0E, 0xE1, 0xC4, 0x4F, 0x2B, 0xF9, 0xBE, 0x4D, 0xDF, 0xD6,
    0xBF, 0x39, 0xAD, 0xF8, 0x76, 0x8C, 0xB3, 0x8B, 0xDB, 0x28, 0xDF, 0xB1, 0x3B, 0xBB, 0xFE, 0xFF,
    0x63, 0xFC, 0x09, 0x34, 0x08, 0x47, 0xF2, 0x4B, 0x5D, 0xFA, 0xEA, 0xF7, 0x3E, 0x37, 0xB2, 0xEE,
    0xA3, 0x17, 0xBB, 0xCB, 0xDC, 0x78, 0xB8, 0xCD, 0x8A, 0xF1, 0xF0, 0x64, 0x2B, 0xD0, 0x20, 0x00,
    0xD4, 0xAF, 0x2A, 0x98, 0x78, 0x0B, 0xE7, 0x2E, 0x00, 0xEB, 0xAA, 0x27, 0x39, 0x34, 0xBE, 0xCD,
    0xBC, 0xCD, 0x2D, 0x4B, 0x94, 0xA1, 0x8B, 0x44, 0x2D, 0x05, 0xBD, 0x88, 0x86, 0x92, 0xC4, 0xAD,
    0x65, 0x82, 0x74, 0x8C, 0x91, 0x35, 0xFB, 0xC8, 0x61, 0x0D, 0x7A, 0x8E, 0xB2, 0x51, 0x0C, 0xB3,
    0xB0, 0x53, 0xFA, 0x65, 0x64, 0xAD, 0x19, 0x06, 0xE4, 0x0E, 0x50, 0xFE, 0xB5, 0xC6, 0x7B, 0xB0,
    0xF7, 0xD8, 0xBE, 0x39, 0x08, 0xED, 0x8D, 0xB2, 0x37, 0xD6, 0x0B, 0xC7, 0x3A, 0x67, 0xB3, 0x6E,
    0xF6, 0x7F, 0x97, 0x68, 0xEF, 0x33, 0x15, 0x4B, 0x26, 0xE9, 0x9C, 0xD2, 0xCF, 0x4C, 0xDE, 0x2E,
    0xAC, 0xD0, 0xFD, 0x1A, 0x93, 0x06, 0xE5, 0x0D, 0xEC, 0xEE, 0x3D, 0x23, 0x37, 0x7E, 0xF7, 0x0D,
    0x98, 0xAD, 0x02, 0xF7, 0xF5, 0x93, 0x71, 0xE1, 0x39, 0x61, 0x40, 0x49, 0x0B, 0x99, 0xD7, 0x90,
    0x74, 0xCF, 0xC8, 0x8F, 0x73, 0xBB, 0x70, 0x55, 0x41, 0x79, 0x04, 0x79, 0x03, 0x42, 0x3F, 0xBD,
    0x2F, 0xDC, 0x06, 0xA4, 0x07, 0xD2, 0x3F, 0x00, 0xB2, 0x0C, 0x48, 0x57, 0x80, 0x78, 0xFD, 0xF4,
    0x1D, 0x4A, 0x0E, 0x40, 0x75, 0x70, 0xE9, 0x52, 0xB0, 0xD1, 0xDA, 0xA9, 0xF4, 0xD6, 0x09, 0x38,
    0x05, 0x90, 0x7C, 0x54, 0x81, 0x7C, 0xD7, 0x42, 0xF6, 0x13, 0x0D, 0xEA, 0x79, 0x60, 0xF7, 0x3B,
    0xA7, 0xEF, 0x14, 0x40, 0xF6, 0x12, 0xA8, 0x1C, 0xAE, 0x8C, 0x60, 0x74, 0x15, 0xCE, 0xBF, 0xF0,
    0x94, 0x4E, 0x9D, 0x2A, 0xF6, 0x18, 0xC0, 0x01, 0xA2, 0x06, 0x92, 0x06, 0x10, 0x1E, 0xE0, 0xCF,
    0x9E, 0x86, 0xF9, 0x87, 0x35, 0x64, 0x1A, 0x14, 0x43, 0x5D, 0xE8, 0xD6, 0x1D, 0x0E, 0xFB, 0x70,
    0xDC, 0x04, 0xD9, 0x87, 0x16, 0x38, 0x2E, 0x49, 0xFA, 0xF9, 0x7A, 0x9B, 0x03, 0x71, 0x68, 0x66,
    0x9D, 0x68, 0xA5, 0xB7, 0xAA, 0x92, 0x2D, 0x53, 0x32, 0x9B, 0x76, 0xD1, 0x11, 0xAB, 0x3A, 0x1A,
    0xD2, 0x4A, 0xCD, 0x85, 0x43, 0x56, 0x57, 0xF6, 0xFB, 0x0C, 0x3A, 0xDA, 0x97, 0x16, 0x59, 0xDF,
    0x1B, 0x67, 0x26, 0x9C, 0xDC, 0x44, 0x81, 0xFC, 0x37, 0x37, 0x29, 0x40, 0x7E, 0x5A, 0x4D, 0xC6,
    0x90, 0x7C, 0x6A, 0x8B, 0x7D, 0x48, 0xBE, 0x30, 0xC5, 0xBD, 0xBE, 0xED, 0xDC, 0x81, 0x58, 0x91,
    0xD7, 0x40, 0x87, 0xB2, 0x40, 0x1B, 0x4F, 0x8F, 0x6E, 0x69, 0x05, 0xF4, 0xBF, 0x86, 0xA3, 0x39,
    0xB0, 0xA9, 0x6E, 0xB6, 0xB9, 0x84, 0xDD, 0xB8, 0xFA, 0x69, 0x0A, 0xE3, 0x6D, 0x6E, 0x4A, 0x73,
    0x13, 0x65, 0x66, 0x66, 0x14, 0xD4, 0xDB, 0x7B, 0x64, 0xF6, 0xD7, 0xD6, 0x91, 0xBD, 0xFD, 0xC1,
    0xCF, 0x6A, 0xD2, 0x77, 0xDE, 0x79, 0xC7, 0x92, 0x3E, 0xF8, 0x71, 0x50, 0xF9, 0x9E, 0x7C, 0xA0,
    0x91, 0xFF, 0x2A, 0x3F, 0x04, 0xD9, 0xC9, 0x55, 0xD4, 0xA4, 0x03, 0xD9, 0x24, 0x2D, 0xC7, 0xDB,
    0x3D, 0x86, 0x42, 0x22, 0x7F, 0xCD, 0xC0, 0x58, 0xDA, 0x4D, 0x84, 0xCE, 0x1C, 0x32, 0xEB, 0x94,
    0x47, 0x59, 0x11, 0xA3, 0x11, 0x83, 0x50, 0xA7, 0x96, 0xC4, 0xF5, 0x6B, 0xDF, 0x57, 0x80, 0x76,
    0x1F, 0x98, 0x37, 0x40, 0x59, 0x47, 0xB1, 0x40, 0xA1, 0xE1, 0xD1, 0x4F, 0xAF, 0x51, 0x12, 0x6F,
    0x20, 0xF5, 0x5B, 0xEF, 0xE7, 0xFD, 0x45, 0x20, 0x7B, 0xCF, 0xC2, 0x95, 0xA4, 0x62, 0xBB, 0x89,
    0x6B, 0xEC, 0x91, 0xB6, 0xD2, 0x23, 0x5A, 0xD1, 0x41, 0x87, 0x83, 0x79, 0xE2, 0x20, 0x76, 0x02,
    0xE3, 0xCC, 0xC2, 0x44, 0x69, 0x28, 0x0A, 0x20, 0x1F, 0x03, 0x6A, 0x1E, 0xA5, 0x89, 0xE2, 0x80,
    0xAC, 0x02, 0x94, 0x05, 0xF2, 0x63, 0x8C, 0x0E, 0x28, 0xB7, 0xAF, 0xDF, 0x2A, 0xB5, 0x50, 0x64,
    0x16, 0xF2, 0xEC, 0x19, 0x39, 0x9D, 0xEA, 0xBE, 0x71, 0xB9, 0x84, 0xCC, 0x1C, 0xFF, 0x19, 0x88,
    0xF4, 0xBE, 0x93, 0x0F, 0x0F, 0xBB, 0xD4, 0x48, 0x97, 0xF6, 0xD0, 0xA5, 0x86, 0x23, 0x10, 0x2D,
    0xA4, 0x8E, 0xF5, 0x25, 0x60, 0x09, 0x49, 0x03, 0x59, 0x8D, 0xC9, 0x6D, 0x62, 0x4B, 0xA4, 0xF5,
    0xDB, 0x3F, 0x03, 0x01, 0x2E, 0x02, 0x0B, 0x90, 0x2D, 0x64, 0x16, 0x04, 0x00, 0x88, 0xBD, 0x3D,
    0x42, 0x1B, 0x46, 0x3E, 0x5C, 0xE8, 0xD4, 0xDC, 0x44, 0xD0, 0x82, 0x1C, 0xEE, 0x5B, 0x70, 0xDC,
    0x94, 0xAC, 0xBF, 0x87, 0xB2, 0x97, 0x29, 0x7D, 0xD7, 0xDB, 0xB6, 0x9F, 0xBA, 0xC1, 0xCE, 0x9D,
    0x2C, 0xAF, 0x70, 0xDB, 0x0F, 0x41, 0xE8, 0xA7, 0x67, 0x7D, 0x1E, 0x87, 0x7A, 0x50, 0x21, 0x3D,
    0xD0, 0x9D, 0x7C, 0x7C, 0xAF, 0x26, 0x96, 0x32, 0xD7, 0xA8, 0xE5, 0x09, 0x31, 0x9F, 0xB9, 0x05,
    0xB3, 0x25, 0x62, 0xB5, 0x8F, 0x74, 0xA3, 0xAF, 0xFF, 0x10, 0x66, 0xD6, 0x96, 0x3F, 0xF2, 0x21,
    0x6C, 0x32, 0xD8, 0x18, 0xD8, 0x87, 0x6F, 0x5C, 0x2C, 0xD3, 0x00, 0xF0, 0xBF, 0xCD, 0x98, 0x01,
    0xA4, 0x25, 0x59, 0x7A, 0xC7, 0x7F, 0x55, 0xA7, 0x5F, 0xD7, 0xD3, 0x25, 0x73, 0x1A, 0xAF, 0x59,
    0xBD, 0x33, 0x53, 0x83, 0x60, 0xD0, 0xDD, 0x07, 0x16, 0x83, 0xFB, 0xEA, 0x9C, 0xD9, 0x00, 0x60,
    0x1E, 0xD2, 0x81, 0x41, 0x06, 0x40, 0xA0, 0x17, 0x8B, 0x26, 0xEF, 0xBE, 0x7B, 0xB2, 0x10, 0x2C,
    0xA6, 0x11, 0x09, 0x02, 0x1D, 0x96, 0xEC, 0xBE, 0x41, 0x0F, 0x5A, 0x74, 0xE4, 0xBE, 0xBE, 0x67,
    0x76, 0x10, 0x0C, 0x52, 0xAC, 0x58, 0x80, 0xB2, 0x91, 0xC5, 0x20, 0x73, 0x7A, 0xA6, 0x50, 0x33,
    0x5D, 0xEF, 0x7E, 0xB9, 0xA7, 0xEA, 0xBE, 0x7E, 0x66, 0x44, 0x62, 0xBA, 0xFB, 0x75, 0xF6, 0x7B,
    0xE7, 0xFB, 0x7F, 0x97, 0xBE, 0xAE, 0xDF, 0x77, 0xAA, 0xCE, 0xFF, 0x9C, 0xD3, 0x9C, 0x45, 0x3C,
    0x93, 0x2C, 0x92, 0xAF, 0xDF, 0x6F, 0x30, 0x22, 0x0E, 0xF9, 0xFB, 0x01, 0xD5, 0xF3, 0x98, 0xB2,
    0xC5, 0xA2, 0x03, 0x06, 0xE3, 0x30, 0x58, 0x36, 0xB5, 0x06, 0xC3, 0x11, 0x58, 0x4E, 0xB6, 0x72,
    0xC4, 0x1C, 0x06, 0x8E, 0xC8, 0x7A, 0x2C, 0x2A, 0x62, 0x82, 0x69, 0xD0, 0xE9, 0x97, 0x72, 0xE9,
    0x81, 0x1D, 0x00, 0xB2, 0x16, 0xB2, 0x08, 0x79, 0xCB, 0xF5, 0xF7, 0x9B, 0x5C, 0xC4, 0xE9, 0xDF,
    0x0F, 0xE3, 0x0F, 0xD6, 0x58, 0x96, 0x18, 0x06, 0x0C, 0x3D, 0x76, 0x9B, 0x73, 0x06, 0x06, 0x4E,
    0xF2, 0x0E, 0xFB, 0x45, 0x8B, 0x16, 0x07, 0x07, 0xF0, 0x3F, 0xA1, 0xFF, 0xC5, 0x2F, 0xF3, 0x8F,
    0x1A, 0xE9, 0x4B, 0x71, 0x55, 0x60, 0x40, 0x7B, 0x06, 0x2A, 0x47, 0x8F, 0x61, 0x94, 0xAC, 0xC3,
    0x92, 0xC7, 0x49, 0xEA, 0x44, 0xB8, 0x8F, 0x6A, 0x39, 0x4C, 0xB2, 0xA4, 0x68, 0x58, 0x52, 0x06,
    0x96, 0x68, 0xCF, 0x82, 0x05, 0x58, 0x39, 0x85, 0x52, 0x5A, 0x60, 0x0F, 0x00, 0x5E, 0x07, 0x6E,
    0x02, 0xFB, 0xD7, 0x5C, 0xB6, 0x14, 0xAF, 0xE3, 0x1D, 0xAF, 0xBD, 0x76, 0xDA, 0x55, 0x54, 0xCE,
    0x60, 0xB0, 0x63, 0x5A, 0x52, 0x33, 0xFB, 0x3C, 0x66, 0x9E, 0x9D, 0x52, 0x17, 0x4B, 0xAC, 0x2C,
    0x7C, 0xD5, 0xAF, 0x42, 0xE6, 0xF8, 0x4E, 0x28, 0x3F, 0xDB, 0x7E, 0xF8, 0xB2, 0x63, 0x0A, 0x09,
    0x4C, 0x61, 0x39, 0x8F, 0xFC, 0xF8, 0xD8, 0x71, 0x7C, 0x7C, 0x4C, 0x21, 0xD2, 0x21, 0x22, 0xB0,
    0xFE, 0xE8, 0x94, 0x6F, 0x8E, 0x57, 0xB0, 0xC4, 0x66, 0x2D, 0x03, 0xA9, 0xDF, 0xBF, 0x0A, 0x2A,
    0x42, 0x8F, 0x0E, 0xE8, 0x66, 0xFB, 0xC1, 0xB8, 0xD4, 0xBB, 0x0E, 0x1C, 0x91, 0x5A, 0xD7, 0x21,
    0x1B, 0xA6, 0x0F, 0x5E, 0x45, 0xD8, 0xA4, 0x71, 0x3A, 0x80, 0x6A, 0x13, 0xBB, 0x1B, 0x3F, 0x2C,
    0x38, 0x01, 0x8A, 0x86, 0x21, 0xEF, 0x79, 0x8B, 0x22, 0xA8, 0xBE, 0x88, 0x7C, 0x4C, 0x19, 0xAA,
    0x56, 0x07, 0x22, 0x77, 0x44, 0xBC, 0x15, 0x89, 0x88, 0xF4, 0x58, 0x91, 0x96, 0x6F, 0xC5, 0x1F,
    0xD1, 0x02, 0xA0, 0x7F, 0x1E, 0x46, 0x72, 0x25, 0x13, 0x78, 0x36, 0x4C, 0xDC, 0x1C, 0x8C, 0xD8,
    0xC0, 0x48, 0xED, 0x6F, 0xDF, 0x76, 0x89, 0xF5, 0x13, 0x91, 0x66, 0xAC, 0xDF, 0x3C, 0x08, 0x09,
    0xF9, 0xD7, 0xC1, 0xB8, 0x04, 0xFA, 0x89, 0x9B, 0x4F, 0xC0, 0x59, 0x3F, 0xF1, 0xAA, 0x76, 0xC2,
    0xD5, 0x61, 0xA2, 0xB5, 0x13, 0x2C, 0x4B, 0x46, 0xD6, 0xBC, 0x2B, 0x47, 0xD4, 0xA2, 0xD5, 0x23,
    0xA9, 0x16, 0x19, 0x41, 0x2B, 0x59, 0xF3, 0x2C, 0x76, 0x0E, 0x94, 0x7B, 0x07, 0xAA, 0xA8, 0x7E,
    0x17, 0xA1, 0x8C, 0x48, 0x00, 0x15, 0x59, 0x30, 0x96, 0xBD, 0x54, 0x5A, 0x80, 0xCB, 0xFF, 0xD8,
    0x5C, 0xBB, 0x7D, 0xC0, 0x42, 0xC2, 0x42, 0xBA, 0x7C, 0xFD, 0x20, 0x1C, 0x7D, 0x14, 0x8B, 0xB6,
    0x0C, 0x1F, 0x97, 0x8D, 0x0E, 0x3A, 0x1C, 0xA4, 0x67, 0xAF, 0x3D, 0x47, 0xD8, 0x54, 0x7A, 0x6A,
    0x2A, 0xA7, 0x22, 0xF5, 0xC4, 0x97, 0x8A, 0x81, 0x1A, 0xE1, 0x24, 0x0F, 0x56, 0xAD, 0xB3, 0x5E,
    0x05, 0x23, 0x8B, 0x4F, 0x45, 0x42, 0x39, 0xD8, 0xDF, 0x8A, 0x78, 0xDC, 0xF6, 0x19, 0xDF, 0xE3,
    0xF8, 0x7E, 0x21, 0x4D, 0x26, 0x91, 0x53, 0xB0, 0x8E, 0x25, 0x18, 0x18, 0xC0, 0x42, 0x0F, 0xF5,
    0x56, 0xB3, 0x0E, 0xC6, 0x19, 0x61, 0x39, 0x69, 0x02, 0x66, 0x38, 0xD3, 0x16, 0x7A, 0x8A, 0x46,
    0xBD, 0xDB, 0x51, 0x84, 0xF2, 0xDD, 0x48, 0x19, 0x74, 0x3E, 0x3E, 0x33, 0x15, 0x91, 0x51, 0x01,
    0xD5, 0x00, 0x54, 0x01, 0x50, 0x02, 0x90, 0xF7, 0x70, 0x1E, 0x66, 0xE4, 0xB1, 0x6C, 0x78, 0xB0,
    0x70, 0x0A, 0x97, 0x60, 0x09, 0xC0, 0x40, 0xF6, 0xA7, 0xD0, 0xA3, 0x4E, 0x93, 0x66, 0xC3, 0xC8,
    0x33, 0x91, 0x0C, 0xA3, 0xF6, 0xA8, 0x67, 0xDA, 0x25, 0x9E, 0x2C, 0x26, 0x9E, 0x1F, 0xC7, 0xC4,
    0xF3, 0x27, 0x23, 0x8F, 0x9A, 0x78, 0xDA, 0x91, 0xA7, 0x01, 0x28, 0x02, 0x40, 0x39, 0xAA, 0x1E,
    0xB5, 0x72, 0x80, 0x5A, 0x03, 0x14, 0x3D, 0xEC, 0x38, 0xB0, 0xAD, 0xF6, 0x55, 0x53, 0x85, 0x32,
    0x68, 0x5F, 0x06, 0xD0, 0x29, 0xFD, 0x6D, 0xF4, 0xCF, 0x04, 0xED, 0x56, 0x54, 0xD4, 0x18, 0x6A,
    0x2C, 0x73, 0x2C, 0x4B, 0x6A, 0x96, 0xEC, 0x33, 0x70, 0x48, 0xCF, 0x72, 0xCC, 0x0E, 0x79, 0x37,
    0x22, 0x3F, 0x8B, 0xA0, 0x52, 0xB6, 0xD3, 0x4C, 0xE8, 0x40, 0x2E, 0x6E, 0x6C, 0x29, 0x3F, 0xE6,
    0xCA, 0xAF, 0xAE, 0xA4, 0xA5, 0x46, 0xB5, 0x36, 0x02, 0xE2, 0x55, 0x2C, 0x3A, 0x58, 0x05, 0xD5,
    0xA8, 0x08, 0x4F, 0x5B, 0x15, 0x54, 0x0B, 0x5F, 0xC5, 0xA9, 0x7E, 0xD9, 0x15, 0xA1, 0x68, 0xC8,
    0xE2, 0x50, 0x6C, 0xC0, 0xC8, 0xE3, 0xB2, 0xF4, 0xA9, 0xB6, 0xB5, 0xF6, 0x3A, 0xA0, 0x1A, 0xAB,
    0x9D, 0xF6, 0x9B, 0x5A, 0xBD, 0x47, 0xAA, 0x41, 0xFF, 0x1B, 0x95, 0x4B, 0x73, 0xF1, 0x05, 0x86,
    0x4D, 0x55, 0xEB, 0x54, 0x4B, 0xBF, 0xA9, 0x16, 0xEE, 0xB4, 0xD9, 0x69, 0xAA, 0xD2, 0x31, 0x50,
    0x33, 0xC5, 0x21, 0x00, 0xE4, 0x03, 0x00, 0xD8, 0xB8, 0xAD, 0x9E, 0x6F, 0x85, 0x6A, 0x47, 0xFA,
    0x22, 0x8E, 0xF0, 0x45, 0x33, 0xB2, 0x33, 0xA1, 0x33, 0x91, 0x5F, 0x73, 0x23, 0xF8, 0x2A, 0x8C,
    0xDC, 0xC6, 0x8F, 0xD8, 0xDA, 0x8F, 0xD4, 0xDA, 0x8D, 0xD0, 0xD5, 0xC4, 0x6C, 0x26, 0x64, 0x3B,
    0x11, 0xDB, 0x09, 0xB8, 0x9E, 0x78, 0xF7, 0x27, 0xDC, 0xC3, 0x89, 0x76, 0x39, 0xC1, 0x2E, 0x01,
    0x60, 0xCB, 0xD8, 0x03, 0x40, 0x07, 0xC0, 0x48, 0x01, 0xAB, 0x06, 0x00, 0x61, 0x1B, 0xDF, 0x7D,
    0xE4, 0x49, 0xCF, 0xE3, 0x9A, 0xFB, 0x05, 0xB7, 0x59, 0x7D, 0x26, 0x99, 0x60, 0x56, 0x2B, 0xB7,
    0x40, 0xC7, 0xCA, 0x5B, 0x74, 0xA3, 0x7D, 0x4D, 0x15, 0x2A, 0x57, 0x63, 0x5C, 0xC5, 0x1C, 0x83,
    0x61, 0x89, 0xDD, 0x3E, 0xF3, 0x9A, 0x61, 0xD4, 0x9E, 0x39, 0xFB, 0xF4, 0x1C, 0xB2, 0xF0, 0x1D,
    0x4B, 0x56, 0x9F, 0x44, 0x80, 0x7C, 0x54, 0x35, 0x69, 0xFB, 0x0C, 0x21, 0x13, 0x0F, 0xE4, 0xA7,
    0x9C, 0x45, 0x2C, 0x81, 0x93, 0x23, 0xC0, 0x74, 0xCF, 0x38, 0x01, 0xAE, 0x38, 0xC0, 0x04, 0xC0,
    0x26, 0xF9, 0x97, 0x24, 0x5F, 0x35, 0x90, 0xFF, 0x47, 0x0B, 0xEA, 0xD7, 0x11, 0xCA, 0xF4, 0x7E,
    0xE9, 0x2C, 0xC2, 0x2D, 0x3A, 0x98, 0xD1, 0xC3, 0x4A, 0x7A, 0x10, 0x19, 0x97, 0xE9, 0x46, 0xC6,
    0xBD, 0x26, 0x30, 0x67, 0xD1, 0xE6, 0xE2, 0x25, 0x96, 0x12, 0x00, 0xB8, 0x91, 0x07, 0x8C, 0xF6,
    0x94, 0x6B, 0x50, 0x1D, 0xE0, 0x00, 0xE0, 0xF2, 0x7D, 0x97, 0x3C, 0x28, 0x19, 0x50, 0x72, 0x9F,
    0x64, 0x3D, 0xC9, 0x77, 0x2C, 0xE3, 0x5C, 0xB8, 0x1A, 0xCB, 0x94, 0x82, 0x4D, 0x2F, 0x94, 0x2C,
    0x92, 0xBF, 0x34, 0xB8, 0xB3, 0x8D, 0x26, 0x6D, 0x31, 0x12, 0xB0, 0x93, 0xD7, 0xF8, 0x42, 0x1A,
    0x4E, 0x61, 0x09, 0x03, 0xF4, 0x69, 0x64, 0x1D, 0x79, 0x4C, 0x43, 0x4D, 0xA3, 0xA5, 0x68, 0x28,
    0x02, 0x65, 0xE0, 0x4E, 0x87, 0x0C, 0xC0, 0x3B, 0x57, 0x6E, 0xED, 0xEB, 0xAE, 0x68, 0x33, 0x97,
    0x9E, 0xCE, 0x2A, 0x98, 0x90, 0x76, 0xC0, 0xB3, 0xDD, 0xAF, 0xA6, 0x4E, 0xFD, 0xF8, 0x55, 0x38,
    0xDF, 0xDF, 0x6E, 0x80, 0x7A, 0xD2, 0x03, 0xD2, 0x00, 0x96, 0x6D, 0xE4, 0x6B, 0x07, 0x46, 0x22,
    0x17, 0x74, 0xCE, 0x00, 0xEE, 0x97, 0xB0, 0xAC, 0xC1, 0x76, 0xA0, 0x1B, 0xC8, 0x98, 0xE2, 0x7A,
    0xFA, 0x66, 0xC7, 0xF3, 0x9F, 0x3B, 0xDE, 0xC8, 0x1A, 0xA8, 0x7E, 0x1E, 0xA0, 0x10, 0x48, 0x20,
    0x53, 0x6C, 0x4E, 0x20, 0xC7, 0x3E, 0x9D, 0x40, 0x42, 0x15, 0x38, 0x7D, 0xAE, 0x13, 0x88, 0xFE,
    0xDF, 0x4F, 0x20, 0xF0, 0x93, 0x02, 0xE6, 0x06, 0x4C, 0x0F, 0x65, 0x0B, 0xD9, 0xD9, 0x4A, 0xC9,
    0x9C, 0x78, 0x1D, 0x9E, 0xEB, 0x44, 0x72, 0xF9, 0xD8, 0x83, 0x96, 0x00, 0x3B, 0xB7, 0x1D, 0x54,
    0x85, 0x07, 0xA3, 0x03, 0x98, 0xD2, 0xBF, 0x9A, 0xCE, 0xAE, 0x1F, 0x83, 0x15, 0xB8, 0x76, 0x1B,
    0x00, 0x1E, 0xDD, 0x84, 0xC1, 0x42, 0xBF, 0xFF, 0xE2, 0xDD, 0x4D, 0x51, 0x38, 0xA0, 0xF2, 0xC0,
    0x1C, 0xF8, 0xC1, 0x97, 0x1E, 0xEA, 0xA2, 0x49, 0x12, 0x60, 0x2F, 0xBB, 0xF8, 0x16, 0xD9, 0x05,
    0x6A, 0x60, 0x98, 0x4C, 0xE7, 0x9F, 0xEF, 0x4C, 0x2D, 0x3E, 0xBC, 0xF5, 0x92, 0x5A, 0x7C, 0x83,
    0x38, 0x1E, 0xB8, 0x40, 0x09, 0xF0, 0xF6, 0xD7, 0xA9, 0x45, 0xD5, 0xC2, 0x7E, 0x92, 0xBD, 0xCC,
    0x5D, 0x78, 0x8B, 0x1F, 0x28, 0x58, 0x1A, 0x30, 0x03, 0xE8, 0x96, 0xEC, 0xC9, 0x9F, 0x93, 0x47,
    0x4B, 0xD6, 0xBE, 0xAC, 0x16, 0x95, 0x87, 0xC4, 0x41, 0x02, 0x84, 0x1F, 0xFC, 0xD3, 0x2B, 0x7F,
    0x8A, 0xBB, 0x80, 0x01, 0xB4, 0x07, 0x15, 0xA0, 0x7F, 0x00, 0xBD, 0x85, 0x78, 0xF3, 0xA5, 0xB5,
    0x78, 0xE3, 0xEC, 0x32, 0x20, 0xE1, 0x5B, 0x86, 0x29, 0xF7, 0xC0, 0x24, 0x1C, 0xF9, 0xDB, 0x53,
    0x54, 0xCF, 0x8C, 0xB2, 0x65, 0x96, 0x70, 0xDF, 0xC6, 0x00, 0x58, 0x80, 0x1A, 0x60, 0xCE, 0x95,
    0x63, 0x4E, 0xD0, 0xB2, 0x91, 0xBC, 0x63, 0x3E, 0x36, 0x9B, 0x64, 0x6B, 0x98, 0x45, 0x72, 0x34,
    0x69, 0xC8, 0x65, 0x7D, 0x6E, 0x98, 0xF0, 0xF6, 0x76, 0xE7, 0xD1, 0xA7, 0x2F, 0xB8, 0xF3, 0x1C,
    0x51, 0x0E, 0xFB, 0xE0, 0x66, 0xC0, 0x12, 0xE8, 0x39, 0x50, 0x91, 0x95, 0x34, 0xDC, 0x59, 0x5F,
    0xA8, 0xF7, 0x57, 0x0E, 0x98, 0x01, 0x7C, 0x0C, 0xD0, 0x03, 0xAC, 0x3C, 0x70, 0x9D, 0x24, 0x2E,
    0x97, 0x6E, 0x63, 0xFB, 0xC6, 0xD5, 0x35, 0x76, 0x89, 0x19, 0x30, 0x3D, 0x76, 0x1C, 0xF3, 0x81,
    0x61, 0xE3, 0xF6, 0x1B, 0xB3, 0xD7, 0xE2, 0xB2, 0x96, 0xC2, 0xA3, 0x41, 0x6F, 0xB4, 0x27, 0xBF,
    0xFF, 0x87, 0x7F, 0xFF, 0x9A, 0x08, 0x61, 0x02, 0x84, 0x89, 0x0F, 0xFE, 0x1F, 0xEF, 0x59, 0x3B,
    0x07, 0x00, 0x54, 0x11, 0x80, 0x72, 0x2A, 0xEA, 0xBC, 0xBC, 0xF2, 0x0B, 0x16, 0xB0, 0x0B, 0x70,
    0x04, 0x14, 0xA7, 0x80, 0xB9, 0x07, 0x5C, 0x49, 0x52, 0xF5, 0xC0, 0x6C, 0x96, 0xE4, 0x1D, 0xE0,
    0x56, 0x04, 0x4A, 0x7F, 0xA1, 0x47, 0x3D, 0x05, 0x18, 0x3F, 0x2E, 0x86, 0xB2, 0x81, 0xBC, 0x87,
    0xE2, 0xBF, 0x40, 0xBF, 0x06, 0xAF, 0x6D, 0xB2, 0x1C, 0x20, 0xBB, 0xF7, 0xA2, 0xC7, 0xBE, 0x6D,
    0xBC, 0x06, 0xC0, 0x0A, 0xA0, 0xEC, 0x01, 0xB4, 0x03, 0x60, 0xDA, 0x7B, 0x8F, 0x7F, 0x05, 0x56,
    0x64, 0x0D, 0xA5, 0x1C, 0x3F, 0x06, 0xBD, 0xE2, 0x26, 0x18, 0xCB, 0xEB, 0xB0, 0x5F, 0x03, 0xF4,
    0x49, 0xF3, 0x38, 0x07, 0x54, 0xB3, 0x12, 0x8F, 0x0E, 0x49, 0x2B, 0x06, 0xC0, 0x4A, 0xCF, 0xB6,
    0xE5, 0xAC, 0xCB, 0x3A, 0x0E, 0x54, 0x9B, 0x47, 0x62, 0x19, 0x92, 0x2E, 0xDA, 0x1F, 0x8A, 0xB4,
    0xD2, 0x59, 0x91, 0x86, 0x6D, 0xDC, 0x05, 0xF2, 0x01, 0xD0, 0x2D, 0x60, 0x01, 0xF6, 0x9E, 0xD1,
    0xF8, 0x2B, 0xBE, 0x90, 0x4E, 0x86, 0xF2, 0xF7, 0xF2, 0xF5, 0xBA, 0xC4, 0x06, 0x7B, 0x65, 0x6C,
    0x8F, 0x23, 0x4E, 0xE0, 0xE4, 0x87, 0x7D, 0x2E, 0x22, 0xDE, 0x7C, 0xBE, 0x3E, 0xA0, 0x66, 0x80,
    0xC3, 0x6C, 0x80, 0x79, 0xB1, 0xE6, 0x03, 0x2B, 0xF6, 0x8B, 0x58, 0xF5, 0xA5, 0xF8, 0xCC, 0x71,
    0xC0, 0x36, 0xB2, 0x16, 0xD0, 0xF1, 0xCC, 0x08, 0x3A, 0x00, 0x54, 0x20, 0x5F, 0xBF, 0x07, 0x26,
    0x35, 0x2D, 0x7F, 0x37, 0x9A, 0xD0, 0x9A, 0xB2, 0x55, 0x82, 0x0E, 0xE5, 0x1D, 0x67, 0xFC, 0x9B,
    0x95, 0xB3, 0xCC, 0x92, 0x44, 0xE3, 0xEA, 0xBC, 0x31, 0x1C, 0x15, 0xDE, 0x32, 0xD7, 0xD4, 0x1C,
    0xCD, 0x38, 0xC1, 0x3E, 0xCC, 0x06, 0x6C, 0xAB, 0x22, 0x55, 0x53, 0x6D, 0x4D, 0xA8, 0x96, 0x1E,
    0x1E, 0xED, 0x00, 0x1F, 0xF0, 0x2C, 0x34, 0xB0, 0x70, 0x63, 0xC3, 0x45, 0x03, 0x39, 0x93, 0x3D,
    0x5D, 0xFE, 0x87, 0xC0, 0x42, 0x7C, 0xBE, 0x5E, 0xF8, 0xA2, 0x35, 0x41, 0x87, 0xBF, 0x0C, 0xDA,
    0xFF, 0xB6, 0x31, 0xEA, 0xAF, 0x1B, 0x53, 0x96, 0xC1, 0xBE, 0xBE, 0xC9, 0x1F, 0x69, 0x6F, 0x5A,
    0x43, 0x15, 0x8E, 0xD0, 0x4F, 0x07, 0xB4, 0xB4, 0xBC, 0xB3, 0x07, 0x3F, 0xE1, 0x2C, 0xBC, 0x4F,
    0x6F, 0x62, 0x03, 0x3C, 0x89, 0xC0, 0xA3, 0x24, 0xB3, 0xBB, 0x00, 0x57, 0x2F, 0xF4, 0xDD, 0xBD,
    0x0A, 0x77, 0x1F, 0xC2, 0xEC, 0x10, 0x6E, 0xED, 0x83, 0xD6, 0xB0, 0xB3, 0x03, 0xF0, 0x32, 0xDE,
    0xD7, 0xAA, 0x03, 0xEC, 0x00, 0x7C, 0x7C, 0x03, 0x38, 0xD8, 0xBD, 0xE8, 0x56, 0x92, 0x17, 0x68,
    0x81, 0x9B, 0x25, 0xEC, 0xE5, 0x2F, 0xDE, 0xC6, 0xA5, 0xDD, 0xED, 0xB4, 0x54, 0x50, 0x7E, 0x08,
    0xEA, 0x53, 0x0F, 0x59, 0x72, 0xE8, 0x5F, 0x16, 0x89, 0x66, 0x7D, 0xFC, 0x88, 0x25, 0x77, 0x19,
    0xF8, 0x11, 0x3D, 0x30, 0x2E, 0x1C, 0xC8, 0x45, 0x52, 0x26, 0xD8, 0x29, 0x5B, 0x28, 0x1A, 0x5C,
    0x11, 0x54, 0x28, 0x37, 0x79, 0x47, 0x24, 0xA4, 0x77, 0x9F, 0xAB, 0x57, 0xA1, 0x8B, 0x70, 0xF8,
    0x68, 0xF2, 0x2C, 0x7D, 0x13, 0x76, 0x76, 0xB7, 0xDC, 0xF7, 0x60, 0x75, 0x4A, 0xFE, 0xF5, 0x8A,
    0xB2, 0xA9, 0x9C, 0xF6, 0x15, 0x86, 0x05, 0xF6, 0xFD, 0x01, 0x2B, 0x0D, 0xF6, 0x6F, 0xA0, 0x66,
    0x4A, 0xC3, 0x1F, 0xA3, 0x9F, 0xF6, 0x28, 0x69, 0x61, 0x8F, 0x04, 0x0E, 0x99, 0x38, 0x94, 0x04,
    0xCA, 0x1F, 0x37, 0xEC, 0xE0, 0x5F, 0x1A, 0x33, 0x6E, 0xB2, 0x34, 0xF3, 0x18, 0x66, 0x1A, 0xAE,
    0xEE, 0xBC, 0x30, 0x6F, 0x9E, 0xA1, 0xDF, 0xA3, 0xF8, 0xCC, 0xAB, 0x4F, 0x03, 0xBF, 0x6B, 0x70,
    0xEE, 0xF9, 0x6E, 0xB5, 0x97, 0xD2, 0x2C, 0xA6, 0x07, 0xA6, 0x2B, 0x8A, 0x0F, 0xC9, 0x73, 0xA6,
    0xCD, 0xCB, 0x44, 0xCA, 0xF1, 0xFB, 0xAA, 0xA1, 0x68, 0x28, 0x43, 0x1A, 0x3A, 0xA0, 0x7D, 0x1A,
    0x95, 0xA3, 0x6A, 0x31, 0x91, 0xED, 0xC4, 0xAD, 0x42, 0xF6, 0x34, 0xAA, 0x10, 0x33, 0x77, 0xF0,
    0x7C, 0x18, 0xB8, 0xB2, 0x37, 0x8F, 0x67, 0xAF, 0xBD, 0xB5, 0xF3, 0x7F, 0x5E, 0xAD, 0xF3, 0x0C,
    0x52, 0xEF, 0xA4, 0xEE, 0x41, 0xFD, 0x26, 0x00, 0x4F, 0x1A, 0xC0, 0xB9, 0x8B, 0xBF, 0x5A, 0xBB,
    0xE4, 0x38, 0x4F, 0x22, 0x8F, 0x62, 0xF2, 0x9A, 0xBD, 0xB7, 0xBE, 0xD7, 0xD1, 0xEA, 0xDC, 0x98,
    0x17, 0x01, 0x36, 0x53, 0x06, 0x2A, 0x44, 0xD8, 0x4C, 0xDB, 0xC5, 0x93, 0x43, 0xD5, 0x61, 0x07,
    0xE2, 0x8D, 0xE4, 0x2A, 0xDF, 0x17, 0x7B, 0xF7, 0xBB, 0xCB, 0xFA, 0x5F, 0xCF, 0x96, 0x35, 0x85,
    0x48, 0xCB, 0xFA, 0xA3, 0x9E, 0x25, 0xC3, 0xF8, 0xD7, 0x8F, 0xD9, 0x67, 0x9D, 0x8A, 0xF9, 0xD7,
    0x0F, 0x9A, 0x5C, 0xD6, 0xA8, 0x6F, 0x92, 0x0F, 0xD5, 0xA8, 0xD6, 0x50, 0x34, 0xDA, 0x17, 0x41,
    0x87, 0x72, 0xF3, 0x77, 0xA7, 0x57, 0x9D, 0x0C, 0xAA, 0xCF, 0x40, 0x57, 0xE8, 0x0F, 0xD3, 0xEF,
    0xE6, 0xBF, 0x09, 0x78, 0x07, 0x5C, 0x73, 0xF7, 0x57, 0x9F, 0x45, 0xF3, 0x38, 0xEA, 0x18, 0x75,
    0x73, 0xAF, 0x0A, 0xD3, 0x34, 0x60, 0xA1, 0x1E, 0xC7, 0x1C, 0x0E, 0x61, 0x09, 0x00, 0xE7, 0xAB,
    0x37, 0x0F, 0xEC, 0xE0, 0x5F, 0x16, 0x1A, 0x97, 0x40, 0xBC, 0x7A, 0xDA, 0x14, 0xBE, 0xCD, 0xB9,
    0xF7, 0xFD, 0xB8, 0xF6, 0xAE, 0x32, 0x59, 0x15, 0xFB, 0x33, 0x40, 0xBF, 0x09, 0x94, 0x1A, 0xC8,
    0x5E, 0xCD, 0x7F, 0x99, 0x64, 0x5F, 0xB6, 0xE7, 0x76, 0x79, 0x63, 0x06, 0xBB, 0x7B, 0x2F, 0xE1,
    0xAE, 0x76, 0x15, 0x50, 0x6B, 0x40, 0x7F, 0xE1, 0xE0, 0x4D, 0xE5, 0x61, 0x37, 0x7F, 0x05, 0xFD,
    0x38, 0xD0, 0x3D, 0xD8, 0x01, 0x7E, 0xFA, 0x06, 0xBC, 0xB5, 0xFB, 0xE2, 0xBD, 0x5C, 0x5E, 0xA7,
    0xAD, 0x2E, 0x66, 0xEB, 0x3F, 0x8B, 0x2A, 0x12, 0x55, 0x93, 0xB5, 0xC9, 0xC2, 0x55, 0xDC, 0x76,
    0x28, 0x1D, 0x98, 0xF5, 0xF4, 0x72, 0x61, 0x02, 0xE8, 0x70, 0x63, 0x93, 0x33, 0xB4, 0xDF, 0x67,
    0x81, 0x95, 0x01, 0x33, 0x59, 0xF2, 0x94, 0xF3, 0x6D, 0xCE, 0x80, 0x87, 0x40, 0xCB, 0x14, 0xD7,
    0xEF, 0xE5, 0x32, 0x94, 0xFF, 0x79, 0xA8, 0xFD, 0x4C, 0xBB, 0x3D, 0xDD, 0x50, 0xAE, 0xC9, 0xA4,
    0xA1, 0x8A, 0xE4, 0xDD, 0xDD, 0xAC, 0x7B, 0xA8, 0xE2, 0xE3, 0x55, 0xB3, 0x12, 0x97, 0xA8, 0x1C,
    0xAA, 0x1D, 0x47, 0x83, 0xF2, 0xE8, 0xB3, 0x93, 0xEA, 0x2F, 0xAC, 0x48, 0x57, 0x3F, 0xF8, 0xBC,
    0x9B, 0xE9, 0x10, 0x7F, 0xAA, 0x7D, 0x44, 0x7B, 0xA8, 0x12, 0x18, 0x53, 0xDA, 0x6D, 0xD6, 0x5B,
    0x8A, 0x43, 0x60, 0x09, 0x0C, 0x50, 0x8A, 0xA7, 0x92, 0x00, 0x00, 0x0E, 0xF2, 0x38, 0x65, 0xD6,
    0x82, 0x0A, 0x50, 0x30, 0x45, 0x76, 0x0F, 0x35, 0x79, 0xF3, 0xBF, 0x23, 0xE2, 0x1E, 0x7C, 0x3E,
    0x5A, 0xBE, 0xA3, 0x02, 0xC3, 0xF9, 0x5B, 0x3E, 0x0D, 0x3B, 0x5A, 0x46, 0x06, 0x97, 0xCE, 0xFE,
    0xE9, 0x16, 0xCC, 0xCE, 0x0E, 0x69, 0xFF, 0x0D, 0x1D, 0x8F, 0x81, 0x66, 0xC3, 0x40, 0x00, 0x86,
    0xBF, 0x36, 0x8D, 0xD0, 0xC3, 0x05, 0x1B, 0x0C, 0xE9, 0x00, 0x4C, 0xD7, 0x03, 0x18, 0xAE, 0xBD,
    0x7B, 0x83, 0x0D, 0x2B, 0x00, 0x03, 0x30, 0x18, 0x14, 0x41, 0x22, 0x79, 0x9C, 0x01, 0x82, 0xA2,
    0xC8, 0xD2, 0x3C, 0xC2, 0xB1, 0x17, 0xE8, 0x23, 0x1C, 0x82, 0xE1, 0x26, 0xCB, 0xEA, 0xE7, 0xF7,
    0xE3, 0xE7, 0xF3, 0x81, 0xA6, 0xB2, 0xD2, 0xCD, 0x07, 0xEE, 0x01, 0x9F, 0x0C, 0xAA, 0x2F, 0xAF,
    0x93, 0xB9, 0x47, 0x04, 0x8C, 0xE1, 0x24, 0x2C, 0x30, 0x03, 0xF5, 0xDD, 0x57, 0xA3, 0x7D, 0x2B,
    0x79, 0xFF, 0x3C, 0x87, 0xFD, 0x6B, 0xBA, 0x38, 0x64, 0xBB, 0xA0, 0xFC, 0xCC, 0xB2, 0xED, 0xBE,
    0xD0, 0x59, 0x6B, 0x0A, 0x05, 0x31, 0xA6, 0x8F, 0x5C, 0xD2, 0x2B, 0xAB, 0x59, 0xD6, 0xC6, 0x1F,
    0x9B, 0xC6, 0x57, 0x97, 0x3B, 0x0B, 0x88, 0x67, 0xE4, 0x8A, 0x8D, 0x46, 0xE7, 0xDC, 0x5C, 0x21,
    0x4F, 0x51, 0xBD, 0x5B, 0x59, 0x19, 0x88, 0x3C, 0x58, 0x00, 0x5D, 0xB0, 0xD5, 0xC8, 0xEC, 0xFF,
    0x3C, 0x8F, 0xC1, 0x8A, 0xA0, 0x3A, 0x2D, 0xD3, 0x18, 0xB9, 0x2E, 0xDA, 0x36, 0x15, 0x48, 0x2B,
    0xF9, 0xE0, 0x07, 0xA0, 0xF8, 0x0D, 0x69, 0x9E, 0x05, 0x73, 0xDA, 0x40, 0x8C, 0x9A, 0xB2, 0x42,
    0x73, 0x00, 0xA2, 0x3A, 0x71, 0xC9, 0x40, 0xFE, 0x30, 0x18, 0xC7, 0x51, 0xB8, 0x47, 0x34, 0x25,
    0xE6, 0xB2, 0xAC, 0x5F, 0x16, 0xCD, 0xBA, 0x0B, 0xC6, 0xCF, 0x26, 0x8D, 0x71, 0xD2, 0xB8, 0xDD,
    0xDB, 0xF3, 0xE8, 0xA6, 0xFE, 0x03, 0xB5, 0x98, 0x01, 0xA4, 0x2D, 0x49, 0x7A, 0xC7, 0x7F, 0xDD,
    0x35, 0xA6, 0x97, 0x7E, 0x73, 0x0B, 0x22, 0xC2, 0xCC, 0x7B, 0x35, 0x08, 0x90, 0x3B, 0x53, 0x83,
    0xC5, 0x45, 0x9F, 0xAE, 0x96, 0x05, 0x04, 0xF3, 0xE0, 0x26, 0x58, 0x64, 0x00, 0x08, 0x39, 0x13,
    0x1E, 0x06, 0xF7, 0xDC, 0x53, 0x9B, 0xC5, 0x22, 0x64, 0x1F, 0x44, 0x00, 0x16, 0x04, 0x60, 0x2E,
    0xEE, 0x72, 0x23, 0xE7, 0xCE, 0xA9, 0x9D, 0x01, 0x2C, 0x99, 0x8E, 0x24, 0x09, 0x02, 0x6D, 0x4C,
    0x06, 0x16, 0x29, 0x99, 0x33, 0xD9, 0x7E, 0x93, 0xBE, 0xA7, 0x52, 0x9F, 0x73, 0xDA, 0xF5, 0xF6,
    0x45, 0x26, 0xF3, 0xEC, 0x9E, 0xEA, 0xEF, 0xF7, 0x9E, 0x43, 0xFF, 0xEB, 0x5F, 0xF5, 0x7D, 0xFD,
    0x55, 0x9F, 0xCB, 0x05, 0x77, 0x4C, 0xDC, 0xF0, 0xDC, 0x47, 0x7B, 0xDD, 0xEB, 0x5E, 0x05, 0x15,
    0x0C, 0x67, 0x00, 0xE8, 0xA0, 0xFD, 0xDB, 0x34, 0xBC, 0x03, 0x6F, 0xC2, 0xC4, 0xF5, 0x7F, 0xF5,
    0xE3, 0x97, 0xF1, 0xAB, 0x8F, 0xFB, 0xC2, 0x03, 0x00, 0x6D, 0x19, 0x61, 0xA5, 0x32, 0x6E, 0xEA,
    0x1D, 0x0C, 0x8F, 0x32, 0x42, 0x33, 0x02, 0x1F, 0x4C, 0x40, 0xCC, 0x28, 0xFB, 0x0D, 0xA8, 0x90,
    0xA1, 0x59, 0xC1, 0x23, 0x5A, 0x70, 0x69, 0x0F, 0x7F, 0x7B, 0xBE, 0x86, 0x88, 0x43, 0x05, 0x2C,
    0x55, 0x46, 0xB7, 0xEC, 0x8B, 0x6D, 0x9F, 0x46, 0x95, 0x62, 0xBB, 0x5E, 0x2F, 0x00, 0xA8, 0x53,
    0x4A, 0x51, 0xFF, 0x28, 0xAA, 0xC1, 0xA8, 0x81, 0xA1, 0xC9, 0xE8, 0xDF, 0xA9, 0x02, 0x9E, 0x3A,
    0x20, 0x16, 0x05, 0x5E, 0x90, 0x46, 0x30, 0xE7, 0x8F, 0xC1, 0x02, 0x38, 0x41, 0x2B, 0x58, 0x51,
    0xC0, 0x06, 0x0D, 0x13, 0x27, 0x94, 0x13, 0x2B, 0x6C, 0x4A, 0xD3, 0xBC, 0xEA, 0x75, 0xF2, 0x69,
    0xB2, 0xAF, 0xDF, 0xB1, 0xFE, 0x7C, 0xA1, 0x22, 0xC6, 0x9F, 0xA9, 0x01, 0xCB, 0x7B, 0x55, 0x8F,
    0x83, 0x3A, 0x08, 0x75, 0xA0, 0xCD, 0xF4, 0xAC, 0x32, 0xF3, 0xBD, 0x32, 0xD1, 0x79, 0xA6, 0x85,
    0x11, 0x1C, 0xEC, 0xA0, 0xA5, 0x94, 0xBD, 0x10, 0xB2, 0x41, 0x65, 0x4E, 0x64, 0xA5, 0x6A, 0xDF,
    0x2D, 0x9F, 0x61, 0x53, 0x90, 0x25, 0x03, 0xC6, 0x25, 0xEF, 0xF2, 0x6C, 0x8D, 0x8A, 0x5C, 0xA9,
    0x81, 0xA7, 0x55, 0x2F, 0xB3, 0x80, 0x96, 0xF0, 0x39, 0x3A, 0x30, 0x80, 0x05, 0x1C, 0xA2, 0x2B,
    0xAA, 0xA2, 0x09, 0x13, 0xA2, 0x27, 0x6A, 0x00, 0x60, 0xB0, 0x77, 0xB8, 0xF2, 0xEB, 0xA5, 0x6F,
    0x74, 0x50, 0xC3, 0x13, 0x47, 0x19, 0x7F, 0xB2, 0x81, 0xB1, 0x18, 0x61, 0x52, 0x71, 0x46, 0x35,
    0x50, 0x8C, 0x75, 0x4F, 0x39, 0xEA, 0x80, 0x8A, 0x82, 0x58, 0x07, 0xEA, 0xBE, 0xEE, 0x91, 0x1B,
    0x71, 0x94, 0x3B, 0x26, 0xF8, 0xE8, 0x4F, 0x22, 0xBC, 0x9E, 0xA7, 0x60, 0x36, 0x5B, 0xA5, 0xE0,
    0xCC, 0x57, 0xC5, 0xBE, 0x6B, 0xB2, 0xC8, 0x4D, 0xB6, 0x1C, 0x89, 0x3C, 0x2D, 0xA3, 0x0A, 0x88,
    0x66, 0x07, 0x4C, 0x8F, 0x00, 0x36, 0x67, 0xC2, 0x45, 0x14, 0xBA, 0x20, 0xB4, 0x1D, 0x42, 0x01,
    0x0E, 0xE6, 0x7C, 0xB0, 0x12, 0xB0, 0x11, 0xBC, 0x9A, 0x3A, 0xC0, 0xA6, 0xFE, 0xBE, 0x08, 0x4D,
    0xF2, 0xE8, 0x1F, 0xEC, 0xBF, 0xBF, 0xE3, 0xED, 0xBA, 0xE7, 0x96, 0x26, 0xCB, 0x38, 0xDE, 0x71,
    0x88, 0xDE, 0x2D, 0xC2, 0xE9, 0x79, 0x3A, 0x84, 0xAD, 0x50, 0xAE, 0x5B, 0x8A, 0x1D, 0x38, 0xB2,
    0xDF, 0x52, 0x0F, 0xEB, 0x57, 0xA8, 0x8B, 0xB8, 0x7B, 0x8D, 0xBA, 0xBB, 0x0A, 0x0D, 0x3A, 0xFD,
    0x43, 0x9A, 0x32, 0x3F, 0x4E, 0x23, 0xFC, 0x2E, 0xAC, 0x68, 0x36, 0x71, 0xF3, 0xD3, 0x78, 0x11,
    0x23, 0x1E, 0x90, 0x94, 0xA9, 0x9E, 0x2A, 0x48, 0x4E, 0x74, 0xBE, 0xBC, 0x24, 0xC4, 0x80, 0x85,
    0x16, 0xB9, 0x16, 0xE0, 0x1E, 0x63, 0x7B, 0x40, 0x52, 0x8D, 0x12, 0x48, 0xF1, 0xF3, 0x48, 0xF0,
    0xEB, 0x28, 0x7E, 0x52, 0xDA, 0xC1, 0xF2, 0x5F, 0x12, 0xE8, 0xE0, 0x3A, 0xD9, 0x14, 0x8F, 0xE9,
    0xB4, 0xC7, 0x62, 0x3A, 0x1C, 0x0E, 0xDA, 0x62, 0x12, 0xA9, 0x1E, 0x56, 0x79, 0xAB, 0xD8, 0x1C,
    0x16, 0x7F, 0x09, 0x63, 0x46, 0xB1, 0xCB, 0x28, 0x23, 0x13, 0x2A, 0x16, 0x23, 0xE6, 0xAB, 0xE5,
    0xC0, 0x36, 0x49, 0x5A, 0x53, 0x4A, 0x9E, 0xE5, 0x3F, 0x2F, 0xB3, 0x68, 0xA8, 0xC9, 0xCA, 0x19,
    0xA6, 0x7B, 0xF5, 0x85, 0x87, 0x66, 0x01, 0x22, 0x3A, 0x63, 0x12, 0x8C, 0x90, 0x95, 0x9F, 0x5B,
    0xB7, 0x79, 0x06, 0x59, 0xB9, 0x3B, 0xEE, 0x1C, 0xD4, 0x02, 0x1D, 0x45, 0x46, 0xF0, 0x67, 0x82,
    0x61, 0x07, 0x65, 0x18, 0xA1, 0xEA, 0x26, 0xD0, 0x64, 0x9C, 0x8A, 0xEC, 0x19, 0x2B, 0x88, 0xB4,
    0x14, 0x7D, 0x86, 0x0A, 0x38, 0x6A, 0xB0, 0x9C, 0x08, 0x16, 0xE7, 0xE7, 0xCB, 0xCE, 0x65, 0xBB,
    0x1D, 0x19, 0x01, 0x13, 0x24, 0x15, 0x5E, 0x09, 0x94, 0x64, 0xA4, 0x7C, 0xC1, 0xB3, 0x4B, 0x03,
    0xAC, 0xCE, 0x3B, 0x5E, 0xF4, 0xFC, 0x8A, 0x78, 0x6E, 0xC4, 0xF3, 0x19, 0x75, 0xCC, 0x5F, 0x6C,
    0x53, 0x8A, 0x1C, 0x94, 0x9F, 0x9D, 0xAF, 0x3B, 0x06, 0xF6, 0x94, 0xA1, 0x1C, 0x29, 0xBA, 0x2A,
    0xCE, 0x7D, 0xC5, 0x75, 0xC0, 0x1E, 0x28, 0x47, 0xE0, 0x57, 0xBE, 0xBF, 0x3D, 0x7C, 0xFF, 0x5B,
    0x54, 0x22, 0xAA, 0x03, 0x4F, 0x70, 0x7F, 0xF5, 0x87, 0x91, 0xF5, 0x41, 0x79, 0x2F, 0x79, 0x5C,
    0xEE, 0x8A, 0xF4, 0x14, 0x1D, 0xB8, 0x04, 0xED, 0xD9, 0x80, 0x39, 0xD4, 0x2D, 0x42, 0x07, 0x23,
    0xB4, 0x87, 0x72, 0x95, 0xBB, 0xB2, 0xF9, 0x3F, 0x3A, 0x74, 0x8F, 0x01, 0xC9, 0x5D, 0x0F, 0x23,
    0x75, 0xA0, 0xD8, 0x09, 0xCB, 0x28, 0x4A, 0x2A, 0xD3, 0xE7, 0x7D, 0x2F, 0xB6, 0x9F, 0xB3, 0x4D,
    0x2A, 0x8D, 0x50, 0x4A, 0x15, 0xD8, 0xBF, 0x19, 0x61, 0x92, 0x7D, 0x8C, 0x58, 0xEA, 0x80, 0x14,
    0x8D, 0x94, 0xCF, 0x99, 0xFA, 0x71, 0x70, 0x4D, 0xFD, 0x6E, 0xB8, 0x74, 0xC9, 0xF8, 0xDB, 0xD5,
    0x1F, 0x5B, 0x3F, 0x5D, 0xD5, 0xEE, 0x60, 0x60, 0x03, 0xB7, 0xDC, 0xDE, 0xDF, 0xD8, 0xE9, 0x40,
    0xFD, 0xC5, 0x16, 0x44, 0x5E, 0x56, 0x91, 0x97, 0x80, 0x16, 0x31, 0x71, 0x6E, 0xC1, 0xCD, 0xCF,
    0xC0, 0x05, 0x6C, 0x60, 0x82, 0x51, 0xEC, 0x95, 0x11, 0x15, 0xB3, 0xAB, 0x6C, 0x49, 0xEE, 0xD2,
    0x29, 0xDF, 0x57, 0xDD, 0x49, 0x6F, 0xE9, 0xD1, 0x5E, 0x9E, 0xA0, 0xAE, 0x01, 0x5B, 0x44, 0x70,
    0x55, 0x80, 0xD6, 0x00, 0x8B, 0x2D, 0xB0, 0x4E, 0xC0, 0xD6, 0x78, 0x98, 0x74, 0x80, 0xB1, 0x1E,
    0xB2, 0x9E, 0x8A, 0x59, 0x51, 0xED, 0xA4, 0x7A, 0x27, 0x51, 0x4D, 0x5D, 0xD6, 0x75, 0x01, 0xD8,
    0xCD, 0xD9, 0x50, 0x02, 0x3D, 0x01, 0x0F, 0x37, 0x40, 0x23, 0xB8, 0xBE, 0x00, 0xE2, 0x0A, 0xCA,
    0xD0, 0x82, 0xF2, 0x19, 0x1A, 0x07, 0x0F, 0x05, 0x8D, 0xE0, 0x1A, 0x0B, 0xB2, 0xCE, 0xB2, 0xC7,
    0xFA, 0xD7, 0x77, 0xF9, 0x89, 0x73, 0x93, 0x64, 0x2A, 0x5F, 0x12, 0xCB, 0x88, 0x92, 0x8C, 0xED,
    0xA8, 0x26, 0x38, 0x19, 0x91, 0x19, 0x1E, 0x8E, 0x3C, 0x1A, 0xE1, 0x74, 0xA2, 0xD9, 0x21, 0x33,
    0xFD, 0x34, 0xC2, 0xD9, 0x86, 0xFF, 0x94, 0x7F, 0x56, 0xEA, 0x93, 0x08, 0x57, 0x8B, 0xEA, 0x87,
    0x03, 0x5C, 0xB5, 0x5A, 0x92, 0x16, 0xDD, 0x5B, 0x75, 0x80, 0xC1, 0x35, 0x92, 0xBC, 0xDE, 0x5E,
    0x69, 0x4F, 0x19, 0xCC, 0xA0, 0x3B, 0x54, 0x30, 0xC1, 0x80, 0xF9, 0x5C, 0xFB, 0x6D, 0xCF, 0x76,
    0xD2, 0x65, 0x92, 0x99, 0x83, 0x4A, 0x03, 0xCB, 0xA1, 0xD8, 0x7A, 0xB4, 0x14, 0xAA, 0x38, 0x38,
    0x83, 0x47, 0x93, 0xF0, 0xF4, 0x8E, 0x27, 0xD0, 0xAC, 0xB9, 0x82, 0x33, 0x47, 0xCC, 0x34, 0x7E,
    0x80, 0xF7, 0xF5, 0xCF, 0x7A, 0xB8, 0xAA, 0x3F, 0x0B, 0x10, 0xD5, 0x97, 0x32, 0x63, 0xF9, 0x4B,
    0x99, 0x90, 0x24, 0xF3, 0x91, 0x64, 0x3A, 0xD6, 0x32, 0x1B, 0x8E, 0x3C, 0x19, 0x86, 0x63, 0xA5,
    0x09, 0x58, 0x51, 0x0E, 0xA2, 0xD9, 0xF3, 0x14, 0x3C, 0x00, 0x3C, 0xE0, 0x14, 0xDE, 0xE6, 0x06,
    0x6C, 0xDA, 0x41, 0x7B, 0x1E, 0xE1, 0xBB, 0xBC, 0xCF, 0xFD, 0xE7, 0x0D, 0xA8, 0x38, 0x05, 0x9D,
    0xCB, 0xFD, 0xFC, 0x23, 0x51, 0xBA, 0x13, 0x4C, 0xDF, 0x54, 0x87, 0xCC, 0xB8, 0x84, 0x5C, 0x87,
    0x90, 0xEB, 0x10, 0xFE, 0x9F, 0x75, 0x98, 0x3F, 0x31, 0xB7, 0xAD, 0xF3, 0x75, 0xCE, 0x8D, 0xFF,
    0xE6, 0xA7, 0x69, 0x41, 0x19, 0xE1, 0x02, 0xF5, 0x12, 0x4F, 0x53, 0x4A, 0x83, 0xF4, 0xDE, 0x69,
    0xF6, 0xEB, 0xAD, 0xCC, 0x63, 0xBA, 0xB9, 0xF7, 0x5A, 0x68, 0x71, 0x82, 0x5B, 0x58, 0x55, 0x23,
    0xF9, 0xC6, 0x00, 0x77, 0x8F, 0xBF, 0xB1, 0x43, 0x4A, 0xB7, 0xE1, 0xA3, 0xF3, 0xA5, 0xC7, 0x51,
    0x75, 0x02, 0x30, 0xBE, 0x44, 0x8C, 0x40, 0x35, 0xCC, 0xB7, 0x94, 0x02, 0xB1, 0x4B, 0xDD, 0x21,
    0xD9, 0x00, 0x6E, 0x78, 0x85, 0x22, 0x72, 0x4A, 0x15, 0x68, 0x30, 0x5D, 0x31, 0x1E, 0x72, 0xB8,
    0x16, 0xE8, 0xAC, 0x8C, 0xFD, 0xEB, 0xAF, 0xD6, 0x34, 0x2A, 0x9E, 0x70, 0xA6, 0x86, 0x13, 0xDE,
    0xAC, 0xFA, 0xEF, 0xC0, 0xFC, 0x8E, 0x34, 0xC3, 0x83, 0xAC, 0xE2, 0xFF, 0x68, 0xF7, 0x13, 0xF0,
    0xEA, 0xBE, 0x93, 0xFC, 0x07, 0x90, 0xF3, 0x3F, 0x18, 0x39, 0xFE, 0xE5, 0xF4, 0x17, 0x7B, 0x11,
    0x39, 0xFB, 0x8F, 0x47, 0xFF, 0xF4, 0x68, 0x3E, 0xF8, 0x17, 0x71, 0x3E, 0xF6, 0xED, 0x8B, 0xF2,
    0xAC, 0x66, 0x79, 0x39, 0xEF, 0xE7, 0xE3, 0x7E, 0x3B, 0x01, 0xF6, 0x9F, 0x72, 0xA4, 0x7D, 0x57,
    0xEE, 0x97, 0xCB, 0xA1, 0x1E, 0x6C, 0x39, 0x1A, 0xEF, 0x98, 0x1C, 0x2D, 0x9B, 0x96, 0x05, 0x9B,
    0x15, 0x17, 0x6C, 0x6E, 0xD9, 0x30, 0xAD, 0x98, 0x18, 0x5B, 0x46, 0x15, 0x2D, 0xBB, 0xBA, 0xD7,
    0x9F, 0xC5, 0x75, 0x57, 0x26, 0x49, 0x99, 0xDA, 0x01, 0xAF, 0x0B, 0xDC, 0x04, 0xAC, 0xF7, 0x75,
    0x02, 0x2B, 0x0D, 0x08, 0x15, 0xCB, 0x41, 0x58, 0x79, 0xB2, 0x67, 0xB1, 0xCB, 0xD4, 0x08, 0x6F,
    0xE7, 0x17, 0x15, 0x21, 0x08, 0xBD, 0x30, 0x05, 0x40, 0xFD, 0xBC, 0x07, 0x6A, 0x15, 0x81, 0xB7,
    0x4A, 0x11, 0xBE, 0x46, 0x0A, 0x7C, 0x10, 0x9A, 0x9D, 0xAC, 0xC2, 0x4D, 0x3A, 0x05, 0xF2, 0x7B,
    0xC4, 0xCF, 0x52, 0xB7, 0xFE, 0x41, 0xFA, 0xFD, 0x3D, 0xA6, 0xDB, 0x48, 0xE9, 0xB2, 0x51, 0x03,
    0x8E, 0x51, 0xF5, 0xB4, 0xD9, 0x67, 0xA0, 0x2D, 0xA2, 0x0E, 0x2C, 0xCA, 0x28, 0xEF, 0x8F, 0xD9,
    0x7C, 0x47, 0xAB, 0x86, 0x4B, 0x72, 0xC2, 0xA4, 0xC8, 0xEA, 0x94, 0x7A, 0x40, 0x0B, 0xD0, 0xFE,
    0xC8, 0x39, 0x4D, 0xB9, 0x3F, 0x01, 0xD2, 0xA0, 0x80, 0x42, 0xD6, 0x6A, 0xFE, 0x7D, 0xDB, 0x71,
    0x4B, 0xDD, 0x97, 0xD2, 0x1E, 0xA5, 0x51, 0xE6, 0xBD, 0xC8, 0xD0, 0x81, 0x7B, 0xA8, 0x28, 0x18,
    0x32, 0x74, 0xA8, 0xFB, 0x2C, 0xA5, 0x22, 0x97, 0xBC, 0xB9, 0xAF, 0x62, 0x77, 0x65, 0x74, 0xD7,
    0x5F, 0xD7, 0x0F, 0x54, 0x48, 0x77, 0x26, 0x85, 0x34, 0xD9, 0xE4, 0x69, 0x34, 0xAC, 0x2C, 0x34,
    0x06, 0xE6, 0x4F, 0xDA, 0xC3, 0x72, 0x37, 0xBF, 0x97, 0x8A, 0x9F, 0xE7, 0xDF, 0x49, 0x17, 0xC0,
    0xC5, 0xFD, 0x7B, 0x29, 0xE3, 0xA1, 0xF4, 0xCB, 0x08, 0x2A, 0x4A, 0xDD, 0x4B, 0xD9, 0x03, 0xF5,
    0xF7, 0x44, 0xE0, 0x47, 0x7D, 0x86, 0xFC, 0x6F, 0xFE, 0xFC, 0x46, 0x4B, 0x0B, 0x60, 0xF6, 0xD2,
    0xE7, 0xF0, 0xF0, 0x2A, 0x00, 0xB0, 0xF5, 0x2B, 0xF5, 0xCB, 0x38, 0x69, 0xFF, 0x2C, 0x1A, 0xFE,
    0x6E, 0x70, 0xAC, 0xC3, 0x02, 0xC7, 0x85, 0x14, 0x1C, 0x4D, 0x0E, 0x19, 0x13, 0x9B, 0x72, 0x62,
    0x55, 0xDD, 0xE2, 0xFE, 0xD4, 0x3D, 0xAD, 0x77, 0xE6, 0xA8, 0xDA, 0x1E, 0xE3, 0x06, 0x88, 0x40,
    0x00, 0x00, 0x3B, 0xC1, 0x7E, 0x2B, 0x1B, 0xDE, 0x55, 0x41, 0x53, 0x07, 0x50, 0x39, 0xCA, 0x34,
    0x50, 0xFE, 0xB7, 0x1C, 0x80, 0xF7, 0xBB, 0xE6, 0x78, 0x80, 0xFD, 0x62, 0xA4, 0x9E, 0x8D, 0xCE,
    0xFB, 0xA6, 0x06, 0xF1, 0x99, 0xE3, 0x28, 0xF9, 0xE7, 0x89, 0xDF, 0xFB, 0xFB, 0x65, 0x50, 0xB9,
    0x82, 0xD4, 0x50, 0x05, 0x15, 0xAA, 0x50, 0xCB, 0x08, 0xDA, 0xE7, 0xD1, 0xE5, 0x81, 0xC1, 0x22,
    0xC3, 0xD1, 0xE6, 0xB1, 0x60, 0xF5, 0xAB, 0xF9, 0x60, 0x07, 0x45, 0x84, 0x32, 0x07, 0x60, 0xC1,
    0x41, 0x03, 0x57, 0xF0, 0xF4, 0x5B, 0xBE, 0xEB, 0x96, 0x1D, 0x54, 0x81, 0xEA, 0x2F, 0x3E, 0xA5,
    0xFE, 0xD4, 0x52, 0xFD, 0xA5, 0x81, 0xEF, 0x1C, 0xAD, 0xFA, 0x0D, 0x2E, 0xEC, 0xB3, 0x48, 0x9B,
    0x43, 0x67, 0x99, 0x93, 0x43, 0x74, 0xAF, 0x61, 0x64, 0xB9, 0x9C, 0xD2, 0xF2, 0xDD, 0x1C, 0x57,
    0xB4, 0x45, 0xC0, 0x2D, 0xC1, 0x8C, 0xBC, 0x7C, 0x2A, 0x8A, 0xE4, 0xA9, 0x7F, 0x11, 0xB1, 0x8C,
    0x2C, 0xB8, 0x61, 0xC3, 0xC8, 0xC4, 0x8E, 0xB1, 0x88, 0xEC, 0x54, 0x28, 0xBE, 0x4C, 0x94, 0x5F,
    0x26, 0xAF, 0x06, 0x19, 0x45, 0x54, 0x3D, 0x63, 0x15, 0x18, 0xEB, 0xC0, 0x4E, 0xFB, 0x22, 0x6A,
    0x2F, 0x8F, 0x47, 0x1D, 0xCC, 0xB3, 0x6D, 0x67, 0xED, 0xF8, 0xE2, 0x8F, 0xAC, 0x63, 0x58, 0x6F,
    0xB1, 0xC1, 0xA1, 0x7A, 0xDD, 0xE5, 0xD4, 0x22, 0x91, 0xDB, 0x6B, 0x8E, 0x53, 0xCA, 0x78, 0x96,
    0xE3, 0x2A, 0x47, 0xB6, 0xF3, 0x65, 0xA0, 0x48, 0x50, 0x4C, 0xDC, 0x57, 0xDD, 0x7D, 0x50, 0xCF,
    0x99, 0xAE, 0x12, 0xD8, 0x0F, 0x03, 0x8D, 0xCA, 0x05, 0x5F, 0x06, 0x36, 0x05, 0x5C, 0x22, 0x13,
    0x41, 0x1D, 0xC1, 0x4E, 0x94, 0x71, 0x4D, 0x1D, 0xAC, 0xA4, 0xD7, 0x5B, 0x74, 0x68, 0x0F, 0xE1,
    0x73, 0x74, 0x2D, 0x92, 0xEC, 0x15, 0xFA, 0x17, 0x3B, 0xCA, 0xE4, 0x5F, 0xBE, 0xEC, 0xDE, 0x04,
    0x76, 0xBA, 0x63, 0x72, 0x9E, 0x6D, 0x82, 0xEA, 0xF3, 0x1C, 0x1D, 0x68, 0xA0, 0x01, 0xAE, 0xA1,
    0x88, 0x07, 0xAD, 0xDA, 0x83, 0x06, 0xEC, 0x51, 0x67, 0x0E, 0x07, 0x98, 0x1E, 0xAA, 0x3D, 0xB0,
    0x0D, 0x87, 0x45, 0x2A, 0x89, 0x70, 0xD0, 0x3A, 0xF9, 0x0D, 0x95, 0xB1, 0x1E, 0xE1, 0x72, 0x8D,
    0x64, 0x51, 0xF4, 0xB2, 0x6A, 0x56, 0x52, 0x92, 0xA1, 0xDE, 0xA0, 0x7A, 0x9B, 0xC3, 0xA5, 0x14,
    0xDA, 0xF3, 0xEF, 0x87, 0x05, 0x75, 0x0E, 0x2D, 0xD1, 0x2D, 0x30, 0x88, 0xBA, 0xA3, 0xC1, 0x30,
    0xE6, 0x3D, 0x1C, 0x28, 0x53, 0x47, 0xAE, 0x90, 0x5E, 0x54, 0x74, 0x10, 0x37, 0x06, 0x7B, 0xF4,
    0xE0, 0x1E, 0xDB, 0x5E, 0x0D, 0xE5, 0xA8, 0xFA, 0x7A, 0xAA, 0x82, 0x7B, 0x5C, 0x87, 0x1D, 0xFA,
    0x93, 0x80, 0xFE, 0x31, 0xE8, 0x35, 0x98, 0xE4, 0xB1, 0x3F, 0x0F, 0xB8, 0xAA, 0x67, 0xA1, 0x06,
    0x39, 0x77, 0xB9, 0x28, 0xF6, 0x7E, 0xC3, 0x16, 0x24, 0x11, 0x66, 0x80, 0xDF, 0x8E, 0x80, 0xC4,
    0x15, 0xF0, 0xE4, 0x18, 0x37, 0xC0, 0x08, 0x2A, 0x47, 0x3D, 0x81, 0xBE, 0x00, 0xD7, 0xC0, 0xC5,
    0x29, 0x8C, 0xA7, 0xA8, 0xF8, 0x06, 0x55, 0xFF, 0x10, 0x1D, 0x4E, 0xB0, 0xE8, 0xF7, 0x2E, 0xA9,
    0x7B, 0x46, 0x64, 0xEC, 0x8A, 0x58, 0xC4, 0x32, 0x0F, 0x25, 0x63, 0x10, 0xE7, 0xE2, 0xFD, 0xB0,
    0x9F, 0x7A, 0xDE, 0xCF, 0xE0, 0x3A, 0xF3, 0xC5, 0x7F, 0xFC, 0xC4, 0x6E, 0xDF, 0x1D, 0x5E, 0x68,
    0xD4, 0xDF, 0xBA, 0xAE, 0xFD, 0x7D, 0x5D, 0x47, 0xC0, 0x83, 0x0A, 0x06, 0xF5, 0x59, 0xA2, 0x4C,
    0x7B, 0xF8, 0xFA, 0x31, 0xE5, 0x31, 0xE5, 0x73, 0x94, 0xF1, 0x3D, 0xD8, 0x8E, 0xB0, 0x8E, 0x59,
    0x1F, 0x34, 0xD0, 0x72, 0x3F, 0xFF, 0x25, 0xE0, 0x3C, 0xE8, 0x09, 0xE4, 0x31, 0xC6, 0xC8, 0x8D,
    0xB3, 0x88, 0x87, 0x13, 0xE0, 0x15, 0x60, 0x3D, 0xA0, 0xBE, 0x9E, 0xC8, 0xEB, 0x39, 0xD6, 0x86,
    0xE9, 0x56, 0xD8, 0x6E, 0xC2, 0x32, 0xE1, 0x8E, 0xB1, 0xCA, 0x21, 0xFD, 0x21, 0xE2, 0x3E, 0x0C,
    0xD4, 0x7B, 0xE4, 0x34, 0x4D, 0xB8, 0x94, 0xDD, 0x3D, 0x89, 0x22, 0x17, 0x55, 0x47, 0x31, 0xD4,
    0xC8, 0x62, 0x33, 0x42, 0x46, 0x15, 0x1E, 0x41, 0xED, 0xDF, 0x06, 0x29, 0x0B, 0x0C, 0x0D, 0x58,
    0x31, 0xD8, 0x72, 0xE9, 0x25, 0xF5, 0x1C, 0xAC, 0xE9, 0x7F, 0x8B, 0xB4, 0x8C, 0x6C, 0xF2, 0xD8,
    0xE5, 0xE4, 0x46, 0x2E, 0xCA, 0x28, 0x87, 0x7B, 0x8E, 0x43, 0x47, 0xC9, 0x35, 0x5D, 0x46, 0x3D,
    0x64, 0xE9, 0xFD, 0xB2, 0xD3, 0xEF, 0x8E, 0x18, 0xFE, 0xF7, 0x23, 0x92, 0xED, 0x50, 0x7D, 0x31,
    0xEA, 0x6E, 0xB2, 0xDC, 0xDC, 0xFF, 0x74, 0x9A, 0xAF, 0x5B, 0x70, 0x1E, 0x3D, 0x52, 0x26, 0x49,
    0x0E, 0xB5, 0x47, 0xC3, 0x09, 0x34, 0x80, 0x2C, 0xE9, 0x8E, 0x6D, 0x9A, 0xD4, 0xDD, 0x5B, 0xD4,
    0xBD, 0x46, 0xF2, 0x6C, 0xA9, 0x83, 0x3B, 0xF6, 0xDB, 0xFB, 0x0E, 0x61, 0x31, 0x2C, 0xD0, 0x5F,
    0x88, 0x90, 0x97, 0x9D, 0x90, 0x9F, 0xCF, 0x3C, 0x79, 0x08, 0x9C, 0x02, 0xCD, 0x31, 0x3E, 0x38,
    0x16, 0xE1, 0x0E, 0x88, 0x50, 0xCE, 0xF1, 0x35, 0xB0, 0x47, 0xBA, 0xB9, 0x0B, 0xFB, 0xAC, 0x5B,
    0x07, 0x9D, 0xBB, 0xB8, 0x5C, 0xDD, 0x6B, 0x86, 0x07, 0x96, 0xD3, 0xDC, 0xC4, 0x5B, 0xAE, 0xDA,
    0x22, 0xB8, 0x25, 0x66, 0x84, 0x37, 0xD4, 0x1D, 0x44, 0xFD, 0x21, 0x2A, 0xBC, 0xA5, 0x7D, 0xED,
    0x9B, 0x7C, 0x4B, 0x97, 0x61, 0xF8, 0xA0, 0x0E, 0x96, 0x6B, 0x49, 0x5E, 0xCC, 0xCE, 0x32, 0xBA,
    0x0C, 0x8B, 0x2D, 0x63, 0x36, 0xF8, 0xBD, 0x61, 0xA4, 0xFA, 0xC7, 0x7F, 0x1D, 0x60, 0xBB, 0x47,
    0xF2, 0x01, 0xD4, 0x02, 0xED, 0x5F, 0x7C, 0x45, 0xFD, 0x08, 0x1D, 0xCA, 0x24, 0x5F, 0x58, 0x5A,
    0x30, 0x7E, 0x03, 0xDA, 0xC7, 0x8C, 0x8F, 0x7B, 0xA8, 0x3F, 0xF1, 0x19, 0x9F, 0x8A, 0xCA, 0x04,
    0xA8, 0xF8, 0x1C, 0xB4, 0x60, 0xB1, 0x03, 0xAE, 0x47, 0x28, 0xE2, 0x34, 0xFF, 0x29, 0x46, 0x44,
    0xB2, 0x9C, 0xE7, 0x16, 0xEB, 0x81, 0x0A, 0xA0, 0x16, 0x9C, 0x30, 0xE3, 0xA1, 0xE0, 0x14, 0xAC,
    0x6F, 0x16, 0xB8, 0xD0, 0x6C, 0xA9, 0xC3, 0x99, 0xC9, 0xB8, 0x96, 0x1C, 0x5C, 0xD5, 0x19, 0x31,
    0x83, 0x0C, 0x53, 0xC4, 0x13, 0x6C, 0x39, 0x3C, 0xC0, 0xA9, 0xFE, 0x34, 0x23, 0xBC, 0x8F, 0xFD,
    0x61, 0xF6, 0xA7, 0x73, 0x0E, 0x28, 0xD3, 0xC8, 0xBC, 0xB6, 0x0E, 0x30, 0xBC, 0xF8, 0x12, 0x03,
    0xC0, 0x13, 0x6C, 0x57, 0x06, 0x5C, 0xA8, 0x3B, 0x74, 0x6F, 0xA0, 0x1E, 0x5A, 0xAE, 0xD5, 0xB0,
    0x28, 0x26, 0x35, 0x5C, 0x08, 0x36, 0xC5, 0xA8, 0xFA, 0x4D, 0x11, 0xAB, 0x30, 0x15, 0xB1, 0x0E,
    0x9B, 0x72, 0xD0, 0xDD, 0xAA, 0x8A, 0x16, 0xB7, 0x5F, 0x4F, 0xD4, 0xA3, 0x19, 0xD0, 0x95, 0x37,
    0x7F, 0x10, 0x32, 0xE1, 0x5B, 0x9E, 0xF0, 0xF1, 0x83, 0x32, 0x66, 0xD9, 0x1B, 0x80, 0x6F, 0x55,
    0x06, 0x70, 0x2C, 0xF3, 0xE9, 0x58, 0x51, 0x21, 0x47, 0x07, 0xBC, 0xFC, 0x63, 0x0C, 0x50, 0x46,
    0x71, 0x5F, 0x05, 0x34, 0x3C, 0x78, 0x19, 0x4B, 0xB2, 0xF2, 0xB9, 0xB2, 0xBA, 0x39, 0xAD, 0xBF,
    0xF3, 0x6B, 0xDD, 0xED, 0xFF, 0x01, 0xCD, 0xBC, 0x0D, 0xA8, 0x25, 0xC7, 0x99, 0xDF, 0xFD, 0xEB,
    0x2E, 0xDD, 0x69, 0x7B, 0x9A, 0x57, 0x25, 0x60, 0x86, 0x77, 0x33, 0xB3, 0x51, 0x1B, 0x10, 0xE0,
    0x78, 0xAD, 0x69, 0x20, 0x0B, 0x2C, 0xE4, 0x9E, 0xAE, 0xB6, 0x05, 0x59, 0x20, 0x80, 0x07, 0xD0,
    0x18, 0x88, 0x01, 0x0B, 0x08, 0x90, 0x98, 0x90, 0xEB, 0x80, 0x01, 0x25, 0x9C, 0x73, 0x4F, 0x5B,
    0x0A, 0x2C, 0x10, 0x20, 0xB3, 0xC9, 0xC6, 0x0B, 0x09, 0x90, 0x09, 0x88, 0x44, 0xBA, 0x09, 0x8C,
    0x80, 0x01, 0xC6, 0xA4, 0xE7, 0x9E, 0xB2, 0x04, 0x59, 0x88, 0x01, 0x77, 0x62, 0xCC, 0x37, 0x6C,
    0xFB, 0x1B, 0x64, 0x88, 0xCB, 0x56, 0x6B, 0xB7, 0x67, 0x54, 0xE7, 0x3C, 0xE9, 0xEA, 0x6E, 0x1F,
    0xCF, 0x65, 0x06, 0x5B, 0xD2, 0xCC, 0xC8, 0x7B, 0xCF, 0x79, 0xFE, 0xD5, 0x48, 0x73, 0xAB, 0x9E,
    0xAA, 0xAE, 0x7A, 0xBE, 0xEB, 0x02, 0xA0, 0x2A, 0x48, 0x3B, 0x88, 0x04, 0xB8, 0x5C, 0x02, 0xC4,
    0x27, 0x27, 0xAF, 0x27, 0x22, 0x9E, 0xDD, 0xC9, 0x6D, 0x6A, 0x5E, 0xC6, 0xF3, 0x87, 0xF4, 0x10,
    0x28, 0xEA, 0x20, 0x16, 0x19, 0x49, 0x39, 0x26, 0x6A, 0x21, 0x69, 0x28, 0x13, 0xAB, 0x6C, 0x3A,
    0xD0, 0x91, 0x88, 0x15, 0x91, 0x8A, 0xE4, 0x95, 0x16, 0xFD, 0xB6, 0x23, 0x7D, 0xB5, 0x7D, 0x9C,
    0xFD, 0x5E, 0x3A, 0x39, 0x79, 0x0D, 0x23, 0xD2, 0x53, 0xDC, 0x7C, 0xA7, 0xE7, 0x50, 0xDB, 0x5B,
    0x7C, 0x4D, 0x57, 0x6F, 0x82, 0xAE, 0x80, 0xAC, 0x04, 0xF2, 0x73, 0xD7, 0x21, 0x17, 0x0F, 0xE6,
    0x9E, 0x80, 0xC1, 0x40, 0x41, 0x0E, 0x8B, 0x00, 0xCB, 0x00, 0x35, 0x06, 0x3C, 0x77, 0x48, 0x7D,
    0xD6, 0xA3, 0xFB, 0xBC, 0x05, 0x9E, 0x02, 0x00, 0x50, 0x16, 0x72, 0x4B, 0xBC, 0x03, 0xD5, 0x30,
    0xB3, 0xFF, 0x5A, 0x12, 0x46, 0xDD, 0x9D, 0xF4, 0xD4, 0xDC, 0xC2, 0xF3, 0xE6, 0x19, 0xF6, 0xDD,
    0x44, 0x67, 0xD9, 0x87, 0xC4, 0x42, 0x6A, 0xE1, 0xA8, 0x07, 0xF1, 0x40, 0xBC, 0xAB, 0x46, 0xD6,
    0xE4, 0x1B, 0x5E, 0xF5, 0x2C, 0xD3, 0x96, 0x97, 0xB5, 0xE5, 0x53, 0x79, 0x09, 0x06, 0x30, 0xE2,
    0x59, 0x0F, 0xB4, 0x82, 0x91, 0x8E, 0x01, 0x33, 0x52, 0x54, 0x66, 0x4D, 0x66, 0x53, 0x91, 0x32,
    0x96, 0x1E, 0x0E, 0x80, 0x73, 0xBB, 0x92, 0xB5, 0xB8, 0x68, 0xF7, 0x45, 0xA7, 0x1C, 0x4E, 0x35,
    0x51, 0x1B, 0x96, 0x6C, 0x1C, 0x7F, 0x07, 0x48, 0x07, 0xF9, 0x0E, 0x22, 0x29, 0x21, 0xB7, 0xA0,
    0xED, 0x67, 0x07, 0x3A, 0x44, 0x57, 0x0B, 0xD6, 0xE3, 0x58, 0xB9, 0xB4, 0x70, 0x21, 0xCC, 0xAF,
    0x4A, 0xA4, 0x61, 0x0B, 0x35, 0x78, 0xE8, 0xA1, 0x27, 0xEA, 0x88, 0x5D, 0xF8, 0xAA, 0xE9, 0xDB,
    0x86, 0x29, 0x25, 0x96, 0xD4, 0x72, 0xD4, 0x21, 0x9E, 0xB8, 0x71, 0xEA, 0xFB, 0xBD, 0x6A, 0x1C,
    0x1F, 0xB5, 0x07, 0xCE, 0x9F, 0x40, 0x2E, 0xA0, 0xBA, 0xFD, 0xC2, 0xED, 0x17, 0x2F, 0xB5, 0x13,
    0xE9, 0x5F, 0x51, 0x05, 0xBA, 0x84, 0x0C, 0xC8, 0x01, 0x33, 0x53, 0x01, 0x2C, 0x21, 0xF2, 0x60,
    0x1C, 0x98, 0x0A, 0x38, 0x3F, 0xEC, 0x37, 0xC8, 0x44, 0x3C, 0xA8, 0x7B, 0x37, 0x2D, 0xA8, 0x46,
    0x57, 0xA0, 0xAC, 0x2E, 0x03, 0x66, 0x40, 0x62, 0x73, 0x20, 0xAD, 0xCC, 0x49, 0x89, 0x2E, 0x8D,
    0x74, 0x68, 0xCC, 0x3F, 0xF4, 0x68, 0x16, 0xDC, 0xE1, 0x0A, 0x2B, 0x0A, 0x16, 0xD4, 0x14, 0x2C,
    0xA9, 0x59, 0xD1, 0xE3, 0xF1, 0x97, 0x1D, 0x7D, 0xD2, 0xAF, 0x9B, 0x54, 0xA4, 0xDD, 0x54, 0x5A,
    0x76, 0x5C, 0x80, 0x69, 0xFE, 0x9F, 0x79, 0x9D, 0x44, 0xEC, 0xDA, 0xC3, 0x16, 0xDD, 0x40, 0x3D,
    0x72, 0xED, 0x47, 0xBE, 0xFB, 0x19, 0xB3, 0x92, 0xA8, 0x23, 0x2F, 0x89, 0x65, 0xF8, 0x71, 0x23,
    0x7A, 0xE5, 0x30, 0x9C, 0xAA, 0x96, 0x02, 0x33, 0xE0, 0x02, 0x93, 0x34, 0x2C, 0x29, 0x12, 0x4B,
    0xCD, 0x9D, 0xD4, 0xE2, 0x63, 0x7F, 0xD4, 0x25, 0x22, 0x4E, 0xFC, 0x30, 0x62, 0x79, 0xE6, 0x10,
    0x74, 0xE1, 0x10, 0xB8, 0x70, 0x08, 0xDC, 0x99, 0x43, 0x70, 0x30, 0x1E, 0x82, 0xED, 0xFE, 0x10,
    0xE4, 0x50, 0x90, 0x95, 0x0F, 0x1E, 0x02, 0x43, 0x2A, 0x9F, 0x97, 0x2A, 0x93, 0xB7, 0xA5, 0x01,
    0x00, 0xA2, 0x16, 0x48, 0x1D, 0xB0, 0xA9, 0x80, 0x0E, 0x98, 0xE7, 0x78, 0x72, 0x3D, 0x91, 0xB7,
    0xA4, 0x65, 0xCB, 0x31, 0xD4, 0x78, 0xF0, 0xB1, 0x83, 0x3E, 0xB5, 0xD0, 0xEB, 0x30, 0xB9, 0x02,
    0x62, 0xF1, 0x33, 0x28, 0x77, 0x27, 0x80, 0x01, 0xD5, 0xE6, 0x25, 0x49, 0xA3, 0x2D, 0x89, 0x4D,
    0x1B, 0x52, 0xAB, 0x1C, 0x47, 0x5D, 0xBC, 0x43, 0x3C, 0x02, 0x00, 0xF0, 0x47, 0x00, 0x9B, 0x12,
    0xC8, 0x3A, 0x80, 0xDB, 0xFB, 0x71, 0xA3, 0x93, 0x44, 0x1A, 0x25, 0x6C, 0xD1, 0x2E, 0x30, 0xDE,
    0xE0, 0xD9, 0x34, 0xF4, 0xD1, 0xFB, 0x96, 0x5E, 0xFD, 0xA5, 0x8D, 0x3A, 0xFD, 0x6F, 0x6C, 0xEC,
    0x72, 0x5D, 0xC5, 0x6E, 0xA9, 0x2B, 0xE5, 0xBA, 0xAC, 0x54, 0xEF, 0xB6, 0x39, 0xEA, 0x67, 0x76,
    0x00, 0xC1, 0x90, 0x78, 0x0A, 0xD2, 0x8E, 0x82, 0xA3, 0x36, 0x96, 0x4A, 0x6C, 0x22, 0x96, 0xF3,
    0xDC, 0x00, 0x1D, 0x39, 0xD0, 0x3F, 0xB3, 0x10, 0xEF, 0x00, 0x80, 0xCF, 0xBC, 0x31, 0x0C, 0x6A,
    0xB6, 0x4A, 0x6C, 0xDA, 0x72, 0x07, 0xD5, 0xD2, 0xA3, 0xDC, 0xB8, 0x99, 0x55, 0x43, 0xD4, 0x4D,
    0xF3, 0x05, 0xFC, 0x15, 0xA0, 0x3E, 0x04, 0x16, 0x3D, 0x60, 0x1C, 0x90, 0x37, 0x40, 0x66, 0x01,
    0x5D, 0x02, 0x05, 0x60, 0x7C, 0x80, 0x16, 0x38, 0xD8, 0xEF, 0x96, 0x69, 0xB3, 0x84, 0xBD, 0x32,
    0x6D, 0x15, 0x1F, 0x60, 0xDC, 0x28, 0x01, 0xA2, 0x8E, 0xAC, 0x8C, 0x1D, 0x39, 0x23, 0x8C, 0x7B,
    0x24, 0x6C, 0x91, 0x19, 0x1A, 0x56, 0x24, 0x96, 0x25, 0xA9, 0xA5, 0xE6, 0x48, 0x44, 0xCA, 0x81,
    0xC4, 0xA2, 0x1A, 0x40, 0xD9, 0x33, 0x10, 0x97, 0x00, 0xE7, 0x03, 0xE6, 0x16, 0x30, 0x01, 0xFE,
    0x47, 0x80, 0x77, 0x1B, 0x88, 0x7F, 0xD8, 0x82, 0x7A, 0xCB, 0x41, 0xFA, 0x8A, 0x9B, 0x57, 0xE3,
    0x0A, 0x1D, 0x1C, 0xD2, 0xC3, 0x46, 0x7A, 0x10, 0xF1, 0x28, 0xC7, 0x00, 0x76, 0xE2, 0x75, 0xC5,
    0x7A, 0x5C, 0x44, 0x97, 0x8A, 0x9D, 0x85, 0x63, 0xC7, 0xEE, 0xC4, 0x51, 0xE3, 0xF0, 0xB8, 0xBD,
    0x70, 0xBC, 0xF7, 0x67, 0xC4, 0x41, 0x68, 0xDD, 0xBB, 0xD9, 0x28, 0x37, 0x7C, 0xDA, 0x89, 0x92,
    0x66, 0x20, 0x9B, 0x36, 0xA9, 0xCD, 0x83, 0x6C, 0x47, 0xE4, 0x47, 0xC4, 0x27, 0x6F, 0x90, 0x48,
    0xD8, 0x5C, 0x5F, 0xEA, 0xA9, 0xF1, 0xE3, 0xA7, 0x0F, 0x9F, 0xA8, 0x8B, 0xBA, 0xB4, 0x1D, 0xFB,
    0x11, 0xA9, 0x94, 0x4B, 0xDB, 0xA9, 0xAF, 0x78, 0xE8, 0x67, 0x20, 0xAB, 0x5C, 0x6A, 0xB3, 0xE6,
    0x68, 0x5C, 0x83, 0xFE, 0xF1, 0x09, 0xEB, 0x73, 0x41, 0x88, 0xE8, 0x30, 0xF7, 0xC0, 0x3E, 0x51,
    0xAB, 0x2D, 0x71, 0xAB, 0x2B, 0x54, 0x13, 0xC0, 0x66, 0xE5, 0x00, 0x39, 0x24, 0x55, 0x3E, 0xCA,
    0x11, 0xD0, 0x8C, 0x50, 0xC0, 0x15, 0x16, 0x70, 0xC8, 0x12, 0x82, 0xBE, 0x8B, 0x1C, 0x9E, 0x3C,
    0xBC, 0x1F, 0x13, 0x60, 0x11, 0x06, 0x3B, 0x0C, 0xB0, 0x0C, 0xF0, 0xB5, 0xD0, 0xC5, 0x4B, 0x10,
    0x97, 0x8F, 0x4D, 0xFD, 0x9E, 0xDC, 0x08, 0x1F, 0xC4, 0x85, 0x0F, 0x59, 0x99, 0x8F, 0x8C, 0x55,
    0x39, 0x75, 0x18, 0xD0, 0xD0, 0x81, 0x6A, 0x0A, 0xD5, 0x42, 0xEC, 0x16, 0xA9, 0x05, 0xDC, 0x22,
    0x03, 0xD8, 0xC8, 0x16, 0x40, 0xC6, 0x46, 0x39, 0x6F, 0x80, 0xD4, 0xF6, 0x59, 0x09, 0x79, 0xD9,
    0x6B, 0x0B, 0xC7, 0x74, 0x69, 0x03, 0x3E, 0x72, 0xCA, 0x8D, 0x67, 0x22, 0xEE, 0xC8, 0x6D, 0xBA,
    0x65, 0xC7, 0xA6, 0xCC, 0x03, 0xF0, 0x07, 0x3D, 0x2A, 0xBC, 0xA8, 0x1F, 0x1F, 0x05, 0xBE, 0x9A,
    0xA4, 0x4A, 0x9A, 0x68, 0x2F, 0xCA, 0x37, 0x60, 0x7A, 0x58, 0x6F, 0x01, 0x33, 0x8B, 0x2B, 0x5D,
    0x4D, 0xAD, 0xE1, 0xB9, 0x68, 0x37, 0x6E, 0xB9, 0x5C, 0x1A, 0x78, 0xF1, 0x89, 0x9E, 0x7D, 0x5E,
    0x3B, 0x57, 0xCE, 0xA7, 0xF8, 0xF8, 0x74, 0x2F, 0x73, 0x9E, 0xE4, 0x90, 0x4F, 0x50, 0x80, 0x8E,
    0x0A, 0x2F, 0xE8, 0xBB, 0x49, 0xDD, 0xCD, 0x3B, 0x54, 0x97, 0x93, 0xAE, 0x4B, 0xEC, 0x7E, 0x87,
    0x96, 0x01, 0x28, 0xF6, 0xDB, 0x74, 0xC5, 0xA8, 0xE4, 0x58, 0x06, 0xE8, 0xF1, 0x04, 0x0D, 0xC7,
    0xBA, 0x49, 0x77, 0x6C, 0xAA, 0x4C, 0xCA, 0x0B, 0xD3, 0x92, 0xC0, 0xA5, 0x1B, 0x89, 0xC0, 0xDA,
    0x21, 0x15, 0x02, 0x1B, 0x1B, 0xEF, 0x40, 0x6C, 0x32, 0xE0, 0xFB, 0x8D, 0x5E, 0xC1, 0xBB, 0x2E,
    0x5F, 0x12, 0xFD, 0xD2, 0x1D, 0x2E, 0x89, 0x7F, 0xD1, 0x75, 0x35, 0x71, 0x7B, 0xCF, 0x79, 0x54,
    0xB3, 0xB1, 0x3D, 0xCA, 0xAE, 0xCB, 0x6E, 0x40, 0x83, 0x23, 0xB1, 0xBF, 0x17, 0x05, 0x24, 0x76,
    0xA4, 0x55, 0xC0, 0xA3, 0x96, 0xAC, 0x47, 0x3A, 0xCC, 0x36, 0x2C, 0xFF, 0xA5, 0x37, 0x12, 0x69,
    0xCC, 0x8E, 0x2D, 0x49, 0x4B, 0x4D, 0xD2, 0xE0, 0x49, 0x2D, 0xFD, 0x04, 0xDA, 0x46, 0xDD, 0x00,
    0x71, 0xD8, 0xE8, 0x01, 0x4A, 0xE5, 0xC8, 0x18, 0x20, 0x47, 0xB5, 0x18, 0x92, 0x26, 0x80, 0xA5,
    0x20, 0xB5, 0x2C, 0xC2, 0x22, 0x49, 0x25, 0x3E, 0x95, 0x60, 0xD1, 0x95, 0x90, 0x8B, 0x03, 0xF9,
    0x8F, 0x1E, 0xD5, 0x73, 0x4A, 0xDA, 0x62, 0xD0, 0x96, 0x9C, 0xBC, 0x24, 0xC7, 0x30, 0xB4, 0x05,
    0xE4, 0x1C, 0x83, 0xE1, 0xCE, 0x0C, 0xC7, 0xAC, 0xC0, 0x73, 0x4C, 0xD4, 0x63, 0xC6, 0xA1, 0x6C,
    0xDE, 0xA0, 0x45, 0x4A, 0x46, 0x73, 0x8C, 0x83, 0xC9, 0x48, 0x3C, 0x19, 0x18, 0x0F, 0x47, 0x67,
    0x77, 0x72, 0xB3, 0xA1, 0x26, 0xDD, 0x0B, 0xF5, 0x09, 0xAA, 0xC0, 0x78, 0x10, 0xEA, 0xD9, 0xFD,
    0x42, 0x7D, 0x2F, 0xD9, 0x93, 0x26, 0x80, 0x65, 0x35, 0x0B, 0xF5, 0xEE, 0x5C, 0x60, 0x5C, 0x8B,
    0xDD, 0x4B, 0xC6, 0xDD, 0x7F, 0xEB, 0xA8, 0xA3, 0xD1, 0x10, 0x21, 0xE0, 0x28, 0x1B, 0xE3, 0x2E,
    0x76, 0xA9, 0x8B, 0xEF, 0x6D, 0xAC, 0x92, 0x1D, 0xEA, 0xDE, 0xF5, 0xDF, 0x64, 0x7E, 0x96, 0x18,
    0xE9, 0x91, 0xFF, 0xD0, 0xAB, 0x6E, 0x3C, 0xC7, 0x4E, 0x57, 0xDC, 0xC8, 0xEF, 0xB3, 0xA4, 0x56,
    0xC0, 0x9D, 0x99, 0x56, 0x80, 0x19, 0x29, 0x26, 0x6B, 0xB2, 0x2A, 0x15, 0x21, 0x92, 0x0E, 0x0E,
    0x20, 0x18, 0x21, 0x46, 0xA4, 0x0B, 0x26, 0x48, 0xB0, 0x40, 0x82, 0x01, 0xB2, 0x3F, 0xC7, 0xF9,
    0x43, 0x4C, 0xB4, 0x15, 0xB0, 0x04, 0x6A, 0xC0, 0x43, 0x2A, 0x15, 0x99, 0xD8, 0x27, 0xAD, 0x69,
    0xE1, 0x5A, 0x05, 0x4A, 0x1A, 0xE0, 0x18, 0x60, 0x01, 0x1C, 0x49, 0x8F, 0xDA, 0x6D, 0x37, 0xA5,
    0x6E, 0x6E, 0x6B, 0x6B, 0xE8, 0x55, 0x7B, 0x4C, 0xA7, 0xDA, 0x1A, 0xA7, 0x9C, 0x1F, 0xA0, 0xF5,
    0x91, 0x4B, 0x9B, 0x3A, 0x76, 0xDA, 0x16, 0x71, 0xBB, 0x26, 0xFF, 0xE9, 0xCF, 0x3C, 0x89, 0x48,
    0x03, 0x97, 0x1B, 0xA6, 0x85, 0x65, 0xDD, 0x03, 0x5F, 0x79, 0x0D, 0x38, 0xB9, 0xF1, 0x99, 0xD7,
    0x63, 0x71, 0xC6, 0x4F, 0x7B, 0x29, 0xAB, 0x32, 0xD0, 0xA3, 0x6C, 0x6F, 0x3B, 0x18, 0x04, 0x03,
    0x44, 0x52, 0x01, 0x02, 0xB0, 0x03, 0x94, 0x00, 0xE9, 0x77, 0x2A, 0xC8, 0x52, 0x0B, 0x4B, 0xE5,
    0xA0, 0x8B, 0x3B, 0x54, 0x8B, 0x27, 0xEF, 0x12, 0x29, 0x37, 0xBD, 0x96, 0xEA, 0x91, 0xED, 0x84,
    0xE4, 0x41, 0x3B, 0xA1, 0x99, 0xEC, 0x04, 0x48, 0xF6, 0xA0, 0x46, 0xA8, 0x80, 0xB8, 0xBC, 0xF4,
    0xC6, 0xB9, 0x93, 0xD2, 0xEC, 0xB4, 0x54, 0x69, 0x1B, 0xF7, 0x24, 0x36, 0x72, 0xA4, 0x36, 0x76,
    0x68, 0xAB, 0x7E, 0x0D, 0xED, 0x00, 0x49, 0x4B, 0x2A, 0xD2, 0x10, 0x8F, 0xDD, 0x5D, 0x4C, 0x2D,
    0xA0, 0x47, 0xA8, 0xB8, 0xCF, 0x14, 0x8D, 0x37, 0x2D, 0x28, 0x71, 0xC4, 0x27, 0x5F, 0x3F, 0xF9,
    0xD3, 0x20, 0xFF, 0xDE, 0x96, 0xEF, 0x8E, 0x12, 0xF0, 0x74, 0x92, 0x81, 0xF5, 0x74, 0xB8, 0xEA,
    0x59, 0x00, 0x4D, 0x4D, 0x78, 0x88, 0xBA, 0xB1, 0x89, 0x5D, 0x78, 0x08, 0x8D, 0xA3, 0x43, 0xB9,
    0xF1, 0x41, 0xB5, 0xE1, 0x61, 0x6C, 0x94, 0x23, 0x69, 0xC2, 0x03, 0x89, 0x55, 0xC3, 0x03, 0xA9,
    0x0D, 0x0F, 0xE3, 0x64, 0xA5, 0x27, 0xA0, 0xF8, 0xDF, 0xCD, 0xE8, 0x3B, 0x64, 0x6A, 0x00, 0x28,
    0x00, 0x60, 0x01, 0x00, 0x87, 0x67, 0x9A, 0x4F, 0x73, 0x69, 0x10, 0xE0, 0x46, 0x3C, 0xC5, 0xCD,
    0x26, 0x98, 0xF4, 0xC1, 0xA2, 0x87, 0xFD, 0x81, 0x7A, 0xA7, 0x22, 0x97, 0x1E, 0xF3, 0xC5, 0x2D,
    0x06, 0x43, 0x81, 0x61, 0x81, 0x61, 0x49, 0x41, 0xCD, 0x1D, 0x7C, 0xEC, 0x53, 0x11, 0x97, 0xC9,
    0xAE, 0x1C, 0xF6, 0xCC, 0xB0, 0x2B, 0x13, 0xB1, 0x48, 0xCF, 0x16, 0x32, 0x4B, 0x0D, 0xBA, 0xC4,
    0x8F, 0x5D, 0xF5, 0x90, 0x13, 0xD0, 0x10, 0xED, 0x86, 0x11, 0x09, 0x26, 0x55, 0x41, 0xFC, 0xDE,
    0x51, 0x53, 0xA0, 0x5C, 0xD2, 0xAE, 0xC6, 0x69, 0xD5, 0x33, 0x86, 0xB9, 0xF9, 0xA0, 0x72, 0x6C,
    0x90, 0xBE, 0xA6, 0xEA, 0x39, 0x92, 0x5D, 0xBA, 0x0B, 0x06, 0x5B, 0x26, 0x84, 0xB1, 0xC2, 0x48,
    0x6C, 0xD9, 0x1F, 0x6C, 0xFA, 0x89, 0x42, 0xEF, 0xA1, 0xEF, 0xF8, 0xBD, 0x2F, 0xB7, 0xBF, 0xD9,
    0xF4, 0xEB, 0xE0, 0xF2, 0xDD, 0x71, 0x1B, 0xA9, 0xBB, 0x47, 0x4E, 0xD9, 0xB8, 0x4F, 0x2A, 0xFC,
    0x39, 0xF0, 0x40, 0x3D, 0x92, 0x11, 0x3F, 0x12, 0x78, 0x88, 0x66, 0x67, 0x31, 0x6D, 0x9F, 0x21,
    0xB3, 0x2B, 0x36, 0xE3, 0xFF, 0x4A, 0xA5, 0x61, 0xF6, 0x65, 0xE3, 0xD3, 0x32, 0xB0, 0x95, 0x4B,
    0x07, 0x5B, 0xE4, 0xCF, 0x3D, 0xD4, 0xAA, 0x67, 0x03, 0x7E, 0x94, 0xF7, 0xF4, 0x41, 0xE2, 0x97,
    0xF4, 0x79, 0x45, 0x56, 0x46, 0x9D, 0x81, 0x2C, 0x98, 0x96, 0x53, 0xB3, 0x63, 0x3C, 0x47, 0xC7,
    0x60, 0xF6, 0x4D, 0x5B, 0xC0, 0x1D, 0x92, 0xC6, 0x40, 0x58, 0x0D, 0x83, 0xEA, 0x08, 0x36, 0x67,
    0xD6, 0x70, 0xD4, 0x05, 0xAF, 0x1C, 0xF1, 0x91, 0xF4, 0xB0, 0x97, 0x3B, 0x5F, 0x39, 0xA9, 0x48,
    0x45, 0x2C, 0xF9, 0x3B, 0x5B, 0x58, 0xE3, 0xC1, 0x4F, 0xD0, 0x43, 0x1F, 0xC0, 0x47, 0x1D, 0x9C,
    0xC6, 0x6E, 0x56, 0x49, 0x3A, 0x80, 0x51, 0x2D, 0xD4, 0x01, 0xBA, 0xA4, 0x21, 0xD8, 0xB5, 0x24,
    0xCD, 0x00, 0xB9, 0xDD, 0x74, 0xAC, 0x4B, 0xF1, 0x70, 0xEE, 0x46, 0x70, 0xFB, 0x6D, 0xBC, 0xBB,
    0x69, 0x93, 0x36, 0xB5, 0x7A, 0xF8, 0xE4, 0xE8, 0xCA, 0x0C, 0x14, 0x1C, 0xBC, 0x02, 0xC3, 0x44,
    0x82, 0x51, 0x3B, 0x72, 0x59, 0xDB, 0xD4, 0x9B, 0x86, 0x12, 0x80, 0x97, 0xE0, 0xC8, 0x91, 0x8A,
    0xC3, 0xDC, 0x85, 0xDD, 0xBC, 0x90, 0x16, 0xF4, 0xBF, 0xEE, 0xC9, 0x37, 0x82, 0xF9, 0xD1, 0x3A,
    0xF4, 0x65, 0x57, 0x03, 0xD5, 0xEC, 0xA9, 0xAA, 0xC9, 0x59, 0x85, 0x9E, 0x23, 0x3F, 0xF2, 0x9B,
    0x4A, 0x05, 0xCF, 0x00, 0xE7, 0x2B, 0xA4, 0x4F, 0xDE, 0xF3, 0xBA, 0x5A, 0x18, 0x16, 0x4B, 0x7C,
    0x7D, 0xE4, 0x44, 0xDA, 0xDD, 0x9F, 0xF6, 0x3D, 0xB5, 0xA7, 0xAE, 0xE9, 0xCD, 0x4D, 0xA7, 0xA5,
    0xE2, 0x2A, 0x5C, 0xBB, 0x56, 0x2A, 0x91, 0x26, 0x12, 0xB1, 0x78, 0x65, 0xE9, 0x03, 0xC5, 0x25,
    0x1D, 0x44, 0x0F, 0x31, 0xCB, 0xF3, 0xBB, 0x60, 0x76, 0xC0, 0xA5, 0x0A, 0x36, 0x1E, 0x4E, 0xA4,
    0x84, 0xCC, 0x42, 0xDA, 0xCC, 0xC1, 0x02, 0x47, 0xFE, 0xC3, 0xE0, 0x47, 0xBB, 0xA4, 0xCB, 0x5D,
    0x10, 0x4F, 0xE1, 0xDD, 0x4D, 0x6F, 0x2C, 0x69, 0x82, 0x09, 0x50, 0x8C, 0x8B, 0x13, 0xF4, 0xFB,
    0x29, 0x5A, 0x7A, 0xD4, 0xBC, 0x4F, 0x08, 0x61, 0xA2, 0xCD, 0x96, 0xF8, 0xEE, 0x86, 0xB4, 0xC9,
    0x4A, 0x5D, 0x65, 0xE4, 0xAC, 0x31, 0x5F, 0xF2, 0x18, 0x69, 0x30, 0x7F, 0x06, 0x05, 0x13, 0xE5,
    0x3C, 0x87, 0x7E, 0xBF, 0x47, 0xCD, 0xF1, 0x12, 0xFE, 0x0E, 0xCF, 0xF0, 0x1A, 0xB1, 0x54, 0x7D,
    0x2A, 0xA8, 0x9F, 0xDB, 0x2E, 0xBF, 0x09, 0xAA, 0xE9, 0x0E, 0x9F, 0x0E, 0x6C, 0xB9, 0xDB, 0x9F,
    0x04, 0xF5, 0x7D, 0xE7, 0x00, 0x25, 0x72, 0x7F, 0xF3, 0xDD, 0x1F, 0xB4, 0x40, 0xFA, 0xF6, 0xFF,
    0x69, 0xE1, 0xB3, 0xFA, 0x85, 0xE0, 0x75, 0x1D, 0xE6, 0xC9, 0xB7, 0xDC, 0x33, 0x18, 0x9F, 0x5A,
    0x71, 0x18, 0x97, 0x56, 0xEB, 0x86, 0x08, 0x78, 0x0A, 0xF8, 0x4A, 0xA9, 0xA5, 0xD3, 0xDF, 0xF0,
    0x4F, 0x53, 0x3F, 0x45, 0x4D, 0xD4, 0x47, 0xD2, 0xC4, 0xD2, 0x30, 0x2A, 0x0C, 0xA2, 0x20, 0x91,
    0x76, 0x9B, 0x66, 0x23, 0x44, 0x25, 0x17, 0xCB, 0xA8, 0x94, 0x4A, 0xDB, 0xA3, 0x4A, 0x57, 0xBA,
    0xD4, 0x65, 0x36, 0x1A, 0xFE, 0x39, 0x66, 0x24, 0x43, 0x41, 0xC1, 0x82, 0x53, 0x56, 0xD1, 0x96,
    0x22, 0x09, 0x87, 0x6A, 0x5D, 0x65, 0xFD, 0xC6, 0x46, 0x25, 0xF0, 0xE9, 0x18, 0x6A, 0x0D, 0xE6,
    0x9F, 0x41, 0xD6, 0x03, 0x00, 0x3C, 0x52, 0x9F, 0x17, 0xCB, 0x6B, 0xE5, 0xE6, 0x5B, 0xD2, 0xE4,
    0xF6, 0x14, 0x5D, 0xF5, 0xE8, 0xCF, 0x3B, 0x32, 0x65, 0xC9, 0xA5, 0x1A, 0xC9, 0xA4, 0x96, 0x42,
    0x35, 0x03, 0x39, 0x56, 0xB1, 0x63, 0xC9, 0x8E, 0x1A, 0x81, 0x8B, 0xD7, 0xAE, 0xB2, 0x96, 0x9E,
    0x6C, 0x20, 0x5D, 0x76, 0xA3, 0x4B, 0xAA, 0x83, 0xD9, 0x34, 0xD0, 0x15, 0xE5, 0x58, 0xA8, 0x96,
    0x43, 0xD5, 0x70, 0x3B, 0xB8, 0x7F, 0xA9, 0x35, 0x6D, 0xDA, 0x99, 0x4A, 0xF7, 0x4F, 0x01, 0x5C,
    0x83, 0xAB, 0xB1, 0x54, 0xAA, 0x63, 0x6D, 0x53, 0x87, 0xB1, 0x7A, 0x80, 0xA6, 0x70, 0x14, 0xED,
    0xBF, 0x74, 0x7C, 0xD3, 0xBD, 0xDB, 0x72, 0xEB, 0x97, 0xDF, 0x6D, 0x70, 0xEF, 0xBF, 0x3D, 0xC0,
    0x46, 0x59, 0xD5, 0x16, 0x41, 0xBC, 0x1D, 0xA6, 0x76, 0x53, 0x91, 0xB6, 0x02, 0xBA, 0x7B, 0x86,
    0x79, 0xEA, 0x1B, 0x9B, 0xD8, 0xDC, 0xA6, 0x56, 0x57, 0xDA, 0xEA, 0x71, 0x8B, 0xE8, 0x2A, 0x17,
    0x29, 0x07, 0xC2, 0x90, 0xEF, 0xE5, 0xF0, 0x8A, 0x82, 0x25, 0xA6, 0xAA, 0x59, 0x5B, 0x00, 0x2E,
    0x95, 0xB1, 0x74, 0xFA, 0x27, 0x3E, 0x2F, 0x8B, 0x02, 0x53, 0x93, 0x7B, 0xF2, 0x1E, 0x33, 0x7E,
    0x57, 0x1E, 0x7F, 0x27, 0xEE, 0xCC, 0xCF, 0x5B, 0x2D, 0xE5, 0x74, 0x2A, 0xAE, 0x95, 0xC1, 0x70,
    0x0C, 0x36, 0xED, 0x0E, 0x3C, 0x75, 0x00, 0x3F, 0xCB, 0x89, 0x8E, 0x8E, 0xC8, 0x8D, 0xB1, 0xB4,
    0xD8, 0x4D, 0xA0, 0x9C, 0x1A, 0xB5, 0x4F, 0x4B, 0xDE, 0xAB, 0x1E, 0xE3, 0x13, 0x0F, 0x00, 0x5C,
    0x8B, 0xAF, 0xC7, 0x92, 0xF7, 0x9C, 0xEE, 0xB6, 0x61, 0xDA, 0x98, 0xD2, 0xB0, 0x1E, 0x8D, 0x58,
    0x43, 0x4D, 0x81, 0xA7, 0xA0, 0xA7, 0x9E, 0x2C, 0xC7, 0xC4, 0x45, 0xE3, 0xA0, 0x5B, 0xD4, 0x2F,
    0x40, 0xB5, 0x33, 0x35, 0x60, 0x3C, 0xAC, 0xFD, 0x74, 0x48, 0x36, 0x12, 0x6F, 0x37, 0x69, 0xF3,
    0xAC, 0xAE, 0x9E, 0xCD, 0xC1, 0x40, 0x31, 0x7F, 0x27, 0x6B, 0xF9, 0x25, 0x2D, 0x4E, 0x49, 0xC3,
    0x05, 0x2E, 0x96, 0xAF, 0x45, 0x37, 0xD8, 0x7C, 0x7B, 0xAB, 0x3D, 0xF9, 0xE9, 0xA6, 0xD8, 0xA1,
    0x5D, 0xEE, 0x0C, 0xBA, 0xC9, 0xAD, 0x21, 0xAB, 0xF2, 0xD2, 0x10, 0xA8, 0x20, 0x9F, 0x97, 0x2D,
    0x2C, 0xDA, 0xD9, 0x20, 0x5B, 0x8D, 0x67, 0x89, 0x47, 0xCA, 0x7A, 0x44, 0x00, 0x88, 0xAE, 0x72,
    0x8D, 0xA4, 0x57, 0x12, 0x0E, 0x80, 0x07, 0x8F, 0x83, 0x3A, 0x76, 0xB0, 0x54, 0x16, 0x46, 0x0F,
    0xB6, 0xD0, 0x25, 0xE4, 0x39, 0x90, 0x2D, 0x00, 0x5D, 0x07, 0xE8, 0x02, 0x38, 0x20, 0x6D, 0x00,
    0x6D, 0x81, 0x6C, 0xAF, 0x8A, 0x3D, 0x60, 0x1C, 0xB0, 0xAE, 0x98, 0xB7, 0x0E, 0xB1, 0x00, 0x9C,
    0xEE, 0xF5, 0xF4, 0xE1, 0x1E, 0xEE, 0x00, 0xB9, 0x74, 0x44, 0xB2, 0x0B, 0x7E, 0x49, 0x1F, 0x04,
    0x6E, 0x17, 0x0E, 0x83, 0xD3, 0x55, 0x11, 0x05, 0x88, 0x9D, 0x2E, 0x17, 0x71, 0x9B, 0x51, 0xA8,
    0x36, 0xC7, 0xA8, 0x66, 0x45, 0xFE, 0xEA, 0x5B, 0x3D, 0x5A, 0xA4, 0x0D, 0xBF, 0x06, 0xA4, 0xBF,
    0xB6, 0x8F, 0xCA, 0x3D, 0x38, 0x20, 0x6B, 0xC7, 0x59, 0xBE, 0x98, 0x3A, 0xE5, 0xE3, 0x3E, 0x6D,
    0xA8, 0x33, 0x28, 0x16, 0x90, 0xF7, 0xA0, 0x1D, 0x68, 0x3B, 0x31, 0x7B, 0xEA, 0x88, 0x46, 0xAF,
    0xEA, 0x0E, 0x47, 0x95, 0xA9, 0x84, 0xBC, 0xF9, 0x08, 0x67, 0xF4, 0x7A, 0xD6, 0x6F, 0xDA, 0xA8,
    0x54, 0x0D, 0x28, 0xBB, 0x27, 0xE0, 0x60, 0xE8, 0xCB, 0x34, 0xA9, 0xCD, 0xAC, 0xFE, 0xF5, 0xB6,
    0xB7, 0xF9, 0x40, 0xEB, 0x30, 0x0F, 0x12, 0x39, 0x82, 0x17, 0x0B, 0x20, 0xD0, 0x62, 0x5E, 0xBC,
    0x8D, 0x9D, 0x0E, 0xCC, 0x01, 0x07, 0x48, 0x15, 0x38, 0x38, 0xAA, 0x02, 0x0F, 0x7A, 0x20, 0x43,
    0x46, 0x4E, 0x41, 0xBE, 0x57, 0x4C, 0x8B, 0x11, 0x6B, 0x0A, 0xEE, 0xE0, 0x59, 0xE0, 0xF1, 0xAC,
    0x62, 0xAF, 0x3C, 0x45, 0xBA, 0x4D, 0x7B, 0xCC, 0xCE, 0x6C, 0x77, 0x64, 0x5D, 0xEE, 0x84, 0x88,
    0xE8, 0x31, 0xF7, 0x2C, 0xD5, 0xD8, 0xB3, 0x8D, 0x98, 0x62, 0x12, 0x90, 0x56, 0x23, 0x96, 0x23,
    0x02, 0x00, 0x07, 0xD7, 0xC0, 0xC8, 0x44, 0x87, 0x06, 0xFE, 0xA8, 0x00, 0xCC, 0x1B, 0x60, 0xC4,
    0xB2, 0xFA, 0x92, 0xA3, 0x56, 0x0E, 0x1F, 0x0F, 0xA4, 0x1C, 0xE1, 0x7D, 0x89, 0x54, 0x91, 0xF4,
    0x03, 0xA7, 0x1C, 0xB0, 0xB1, 0x41, 0x4C, 0x04, 0xD0, 0xC1, 0xC0, 0xD0, 0x25, 0x39, 0xD9, 0x3B,
    0xE1, 0x9D, 0x88, 0x33, 0xE4, 0x5F, 0xEC, 0x03, 0xB7, 0xBE, 0xA0, 0xC0, 0x2F, 0x28, 0xE8, 0x97,
    0xAC, 0x82, 0xAD, 0xB5, 0x96, 0x46, 0xCA, 0xCD, 0x0E, 0xA9, 0x66, 0xD1, 0x1B, 0x3A, 0x1A, 0xBB,
    0x41, 0x97, 0x63, 0x07, 0xE2, 0x86, 0x5F, 0x0E, 0xBF, 0x1A, 0xBE, 0xFD, 0x4A, 0xB9, 0xB5, 0x34,
    0x9B, 0xDD, 0xA4, 0x25, 0x9C, 0xFE, 0xAF, 0x5E, 0x73, 0xE7, 0x93, 0x14, 0x60, 0x38, 0xD9, 0x8C,
    0x1B, 0x6E, 0x05, 0x35, 0xF4, 0x5F, 0x55, 0x6E, 0xB3, 0xB1, 0xF9, 0x0E, 0x46, 0x2D, 0xF1, 0x3A,
    0x1B, 0x9B, 0xC9, 0xC0, 0xE1, 0xFA, 0x3F, 0xB5, 0xBA, 0xF2, 0xCA, 0xE9, 0x17, 0x5C, 0xD4, 0x65,
    0xAA, 0x8D, 0xBA, 0x5C, 0xEC, 0x0C, 0x46, 0xDB, 0xD8, 0x15, 0x41, 0xA3, 0x16, 0xA9, 0x4D, 0x9B,
    0x55, 0xD2, 0x66, 0x55, 0xAD, 0x76, 0x42, 0xCD, 0x66, 0xEF, 0xF2, 0xCE, 0x0B, 0xB2, 0x3B, 0xB2,
    0xCA, 0xE9, 0x4A, 0xB5, 0xBA, 0x54, 0x4D, 0x86, 0x72, 0x39, 0x91, 0x08, 0x6C, 0x04, 0xFA, 0x82,
    0xC8, 0x05, 0x77, 0x64, 0xC5, 0x30, 0x60, 0xB5, 0x29, 0xA7, 0xCD, 0x02, 0x80, 0x06, 0xB2, 0x06,
    0x54, 0x0F, 0xAC, 0x80, 0x4F, 0x00, 0x8F, 0xA8, 0x9A, 0x17, 0x1A, 0x8A, 0xAC, 0xE2, 0x50, 0x03,
    0x3C, 0x72, 0x7F, 0x07, 0x57, 0x31, 0x2D, 0x97, 0x1B, 0x92, 0x60, 0xCA, 0xB1, 0x11, 0x74, 0x35,
    0x7E, 0xFF, 0xB8, 0xCB, 0xF2, 0x6D, 0xFE, 0xCD, 0x4D, 0xDE, 0x18, 0x53, 0x19, 0x43, 0x51, 0x50,
    0xAC, 0x82, 0x01, 0xB4, 0xAC, 0xA9, 0x3D, 0x7E, 0x16, 0xE0, 0xA3, 0xF0, 0x46, 0x39, 0x8C, 0xE5,
    0x18, 0x98, 0xB7, 0x1A, 0xA6, 0x22, 0xDA, 0x82, 0x6A, 0x21, 0x02, 0xE0, 0x51, 0x8C, 0xA3, 0x48,
    0x7C, 0x7A, 0xB7, 0xCE, 0xAA, 0x43, 0xC3, 0xA7, 0x6B, 0xD8, 0x9D, 0x20, 0x42, 0x0F, 0x3D, 0x78,
    0x38, 0xA5, 0x32, 0xD2, 0xCC, 0xBA, 0xE6, 0xD2, 0xA0, 0x1F, 0x7C, 0xFA, 0xE3, 0xA5, 0xAE, 0x0E,
    0x75, 0x79, 0x41, 0x37, 0xA4, 0x3B, 0x22, 0x69, 0xC8, 0x1C, 0x71, 0xF7, 0x72, 0xD4, 0xDD, 0x52,
    0xEE, 0x34, 0x18, 0x14, 0x65, 0x54, 0x12, 0xC6, 0x49, 0x9C, 0x6A, 0xA7, 0xDD, 0xB8, 0xB1, 0xB9,
    0x0D, 0x02, 0x66, 0x16, 0x2E, 0x14, 0x14, 0xAC, 0x58, 0x57, 0x1B, 0x0B, 0x87, 0x57, 0x56, 0x66,
    0x59, 0xFC, 0xF6, 0x7F, 0x07, 0x23, 0xEF, 0x89, 0x0B, 0xC8, 0x43, 0xB7, 0x39, 0xE4, 0x70, 0xBF,
    0xA2, 0x59, 0xC1, 0x12, 0x6A, 0xF6, 0xEB, 0xA9, 0x1C, 0x9B, 0x06, 0x61, 0x32, 0x14, 0x60, 0x2D,
    0x1D, 0x90, 0x89, 0x03, 0x74, 0x7C, 0x1F, 0xAA, 0x1F, 0xDC, 0x80, 0x67, 0x95, 0x6C, 0xE1, 0x79,
    0x75, 0x77, 0x0D, 0x87, 0x89, 0xCD, 0x60, 0x99, 0x58, 0x0D, 0x7D, 0x78, 0x0E, 0x41, 0x86, 0x02,
    0xD3, 0xAA, 0x7B, 0x1E, 0x53, 0x21, 0x2D, 0x4F, 0xC1, 0xC1, 0x24, 0x70, 0xD8, 0x58, 0x5D, 0x91,
    0x07, 0xD0, 0x55, 0x56, 0x12, 0x84, 0x0F, 0x19, 0xF9, 0xA5, 0xA0, 0xFD, 0xA5, 0x1D, 0xE0, 0x1B,
    0x9D, 0xA1, 0xA0, 0x2F, 0x02, 0x2C, 0x28, 0xE8, 0x56, 0x98, 0xD8, 0xD5, 0xE4, 0x3F, 0x6F, 0x6A,
    0x52, 0x29, 0x81, 0xAB, 0x61, 0x03, 0x61, 0x5A, 0xC2, 0x16, 0x22, 0xB1, 0x84, 0x4D, 0xC4, 0x46,
    0x40, 0x57, 0x33, 0xFD, 0xFD, 0x8E, 0x61, 0x27, 0x91, 0x7D, 0x73, 0x43, 0xDE, 0x18, 0x4C, 0x35,
    0x10, 0xC5, 0x2C, 0xB5, 0x17, 0x2C, 0x47, 0xCD, 0x58, 0xE3, 0xD9, 0x94, 0x1E, 0xA9, 0xD8, 0xFF,
    0xBC, 0x09, 0xAA, 0x87, 0xAC, 0x81, 0x02, 0x78, 0x06, 0xE0, 0x11, 0xAC, 0x2E, 0x80, 0x67, 0x81,
    0xDC, 0x42, 0xE2, 0x80, 0x1A, 0xB8, 0xF0, 0xC8, 0x56, 0x20, 0xE7, 0xB9, 0x0E, 0xFA, 0x73, 0xED,
    0x9C, 0x63, 0x51, 0x3B, 0x00, 0xF8, 0x98, 0x34, 0xFB, 0x47, 0xE3, 0xBE, 0x1C, 0xB9, 0x07, 0xF8,
    0x1A, 0xE0, 0xE6, 0x03, 0x38, 0x1B, 0x47, 0xAC, 0x3D, 0x6C, 0xFC, 0x38, 0xEA, 0xC5, 0x2F, 0x7F,
    0xEF, 0xAA, 0x11, 0xE9, 0x56, 0x47, 0xFF, 0xDE, 0x7D, 0x2D, 0xC7, 0xBD, 0x94, 0x73, 0x03, 0x33,
    0x2A, 0x0F, 0x47, 0xF1, 0x45, 0xCF, 0x8A, 0x3B, 0x2C, 0x47, 0x13, 0x67, 0x85, 0x0F, 0x9F, 0x24,
    0xF8, 0x8B, 0xAD, 0x96, 0x1D, 0x17, 0x3F, 0x17, 0xC4, 0xD2, 0x77, 0x7A, 0xC8, 0x4F, 0x3D, 0x68,
    0x57, 0x33, 0x3A, 0x5B, 0x64, 0x55, 0xFD, 0x3A, 0x39, 0x22, 0x55, 0xCE, 0xEE, 0xCB, 0xD6, 0xD0,
    0xA9, 0xA6, 0x88, 0xDC, 0x08, 0x89, 0x5D, 0xD1, 0x87, 0x7F, 0xB5, 0xD9, 0x30, 0x9A, 0x95, 0x10,
    0x95, 0x10, 0x9D, 0x84, 0xA4, 0x20, 0x4A, 0x44, 0x3A, 0x88, 0xEE, 0x5E, 0xFB, 0x52, 0xCB, 0x9C,
    0x7C, 0x64, 0x9C, 0x20, 0x90, 0xE3, 0x81, 0x31, 0x2D, 0x0F, 0x24, 0x7F, 0x69, 0xD9, 0x1F, 0x9E,
    0x48, 0xC4, 0x03, 0xAA, 0xED, 0x0B, 0x40, 0xDB, 0x2E, 0x07, 0x0C, 0x4E, 0x57, 0x70, 0x27, 0x72,
    0xA9, 0x25, 0xEA, 0xE3, 0x20, 0x09, 0x54, 0x3B, 0x1A, 0xA0, 0x47, 0xDD, 0xE5, 0x3E, 0xDD, 0x21,
    0xBD, 0xF1, 0x99, 0x04, 0x6D, 0x79, 0xED, 0x45, 0xD0, 0x63, 0x27, 0xE9, 0x8F, 0xBF, 0xD8, 0x83,
    0x6A, 0x55, 0x03, 0x74, 0xBA, 0x04, 0x96, 0x4B, 0x20, 0xDA, 0xEC, 0x60, 0x72, 0x89, 0xC9, 0xBF,
    0xF0, 0x6A, 0x03, 0x85, 0x7E, 0xC5, 0x81, 0xD7, 0x65, 0x38, 0xD2, 0x1A, 0x4F, 0xDE, 0x6C, 0x9A,
    0x75, 0x69, 0x2A, 0x71, 0xE6, 0x03, 0x04, 0x6B, 0xCB, 0xD1, 0x6D, 0x37, 0x22, 0x52, 0xAE, 0x07,
    0x60, 0x05, 0x26, 0xC0, 0x31, 0xC7, 0xB0, 0xA5, 0x20, 0xF2, 0x18, 0x94, 0x23, 0xB3, 0x59, 0x43,
    0x7A, 0x26, 0x58, 0xBB, 0x57, 0x09, 0x6A, 0x54, 0x09, 0x3A, 0xEC, 0x0C, 0x9B, 0x93, 0x5A, 0x73,
    0x72, 0xD3, 0x1A, 0x11, 0x5B, 0xA0, 0x07, 0x1A, 0xBA, 0xC7, 0x90, 0x97, 0xDB, 0x51, 0x25, 0x24,
    0xA3, 0xE7, 0x18, 0x92, 0x83, 0xC4, 0x6E, 0x1D, 0xAC, 0x5B, 0xDD, 0x62, 0xDA, 0xB4, 0x65, 0x45,
    0x32, 0xC5, 0x2D, 0x47, 0x51, 0xAF, 0xDA, 0x01, 0xC6, 0xF0, 0xB6, 0xAE, 0x88, 0xBB, 0x8C, 0x29,
    0xAA, 0x4F, 0xBF, 0x04, 0x7C, 0x0F, 0x6C, 0x1D, 0xB0, 0x69, 0x03, 0xD8, 0x79, 0x97, 0x62, 0xF6,
    0x2E, 0x17, 0xFC, 0xE3, 0x75, 0x15, 0x6F, 0x33, 0x9B, 0x7A, 0x6D, 0x75, 0x95, 0xDA, 0x7C, 0x74,
    0x65, 0x55, 0xB3, 0x0C, 0x2F, 0x08, 0xF5, 0x0B, 0x47, 0xFC, 0x6E, 0x43, 0xF4, 0xD7, 0x16, 0xA4,
    0x04, 0x01, 0xB6, 0x00, 0xC0, 0xC1, 0x27, 0x80, 0xEC, 0x0A, 0xA0, 0xBF, 0x00, 0x24, 0xDF, 0xAE,
    0x20, 0x7E, 0xDB, 0x02, 0x3C, 0x71, 0xC6, 0x79, 0x06, 0x70, 0x0E, 0x6E, 0x77, 0x70, 0x78, 0x08,
    0xCF, 0x7E, 0x16, 0x3E, 0xF1, 0x89, 0x47, 0x9E, 0xD4, 0x9C, 0x90, 0xB1, 0x6A, 0xF7, 0xC1, 0x13,
    0x32, 0x6E, 0x9F, 0x90, 0xA9, 0x1E, 0x9A, 0x90, 0x69, 0xC5, 0x26, 0x93, 0x47, 0xBE, 0x8F, 0xE7,
    0xA6, 0x25, 0xA0, 0x01, 0x3E, 0xF9, 0x04, 0xDC, 0xE1, 0xC4, 0x4E, 0x23, 0xE8, 0x59, 0xCA, 0x42,
    0x74, 0x72, 0x1D, 0x25, 0x0D, 0x9C, 0x02, 0x2B, 0x48, 0xC5, 0x13, 0x6D, 0xAF, 0x82, 0x07, 0x76,
    0x6F, 0x80, 0x88, 0x8D, 0xDE, 0xFB, 0xB2, 0x8B, 0x9D, 0x1A, 0x68, 0xC2, 0x39, 0x88, 0xD6, 0x26,
    0x4D, 0x66, 0x83, 0x1F, 0xBA, 0x91, 0x3E, 0x28, 0x98, 0xDC, 0x91, 0x86, 0xB3, 0x89, 0x1A, 0xED,
    0x94, 0xCB, 0xDF, 0x63, 0x23, 0x65, 0xF6, 0xBD, 0xDF, 0x6E, 0x39, 0x9E, 0xCD, 0x2C, 0xCC, 0x01,
    0xD0, 0xBD, 0x7F, 0xF8, 0xD5, 0x2E, 0x76, 0x7F, 0x6F, 0x18, 0x75, 0x6D, 0x95, 0x08, 0xEA, 0xDE,
    0x9F, 0x97, 0xAA, 0x8D, 0xCB, 0x87, 0x66, 0x16, 0xF6, 0x7E, 0xE7, 0xBD, 0xB3, 0x7E, 0xE7, 0x6A,
    0xEF, 0x77, 0x2E, 0xC6, 0x7E, 0xBB, 0x5B, 0x3D, 0xDD, 0x7A, 0xF6, 0x3B, 0xA5, 0x52, 0xBF, 0x08,
    0x0E, 0x78, 0x54, 0x3D, 0xE0, 0x77, 0xC2, 0xEF, 0x01, 0x87, 0x33, 0xD5, 0xF1, 0xC9, 0x49, 0x3F,
    0xE7, 0x98, 0x6F, 0xEC, 0x03, 0x8D, 0x1F, 0x25, 0xA7, 0x0B, 0x7F, 0x1B, 0xF8, 0xEC, 0x60, 0x39,
    0x2C, 0xD9, 0x88, 0x27, 0x97, 0xFE, 0x81, 0xC2, 0x92, 0x7D, 0x3A, 0xE4, 0xE1, 0x99, 0x0B, 0x7A,
    0x60, 0x0E, 0x41, 0x6E, 0x1A, 0x90, 0x0F, 0x50, 0x20, 0x74, 0x79, 0xF7, 0x3A, 0xB9, 0x78, 0x92,
    0xF7, 0xAE, 0xEE, 0xF9, 0x53, 0x0F, 0xE1, 0x2F, 0xBA, 0x76, 0x0D, 0x2D, 0x52, 0x25, 0x03, 0xC5,
    0x2E, 0x2D, 0x95, 0x4B, 0x51, 0x2D, 0xFC, 0xFF, 0x3F, 0x2E, 0x31, 0x62, 0xF9, 0x83, 0x77, 0xCA,
    0xB3, 0x75, 0x31, 0x33, 0xEB, 0x61, 0x7C, 0x15, 0xC6, 0x3F, 0x3D, 0xE9, 0xA8, 0x79, 0x33, 0x8C,
    0xBF, 0xE7, 0xF5, 0xBD, 0x53, 0x22, 0x91, 0x26, 0xDE, 0x7D, 0x29, 0xEC, 0xA1, 0x4E, 0xB9, 0xA8,
    0x53, 0xED, 0x40, 0x4D, 0xE4, 0xA6, 0x00, 0x8A, 0x6A, 0x8F, 0x6C, 0x6A, 0xC5, 0xE6, 0x15, 0x6A,
    0x07, 0xAA, 0x1B, 0x96, 0xE7, 0xC5, 0x8D, 0xF8, 0x5C, 0xFC, 0x68, 0x26, 0x3E, 0x97, 0x41, 0x9E,
    0x57, 0xC1, 0x7B, 0xF9, 0xB7, 0xFD, 0xE8, 0xB4, 0xD4, 0x2B, 0xEA, 0x7A, 0xFC, 0xEE, 0x6D, 0x32,
    0xD2, 0x46, 0x49, 0xA9, 0x3C, 0xBF, 0x93, 0xE4, 0xB3, 0x54, 0x53, 0xF2, 0xD9, 0x02, 0x90, 0x9C,
    0x6D, 0xAA, 0xFB, 0x9B, 0xF8, 0xC1, 0xE8, 0x5D, 0x3F, 0x47, 0xEF, 0x16, 0xFA, 0x43, 0x45, 0xEF,
    0x5E, 0xDD, 0x47, 0xEF, 0x3E, 0x35, 0x45, 0xEF, 0x3A, 0x8C, 0x4B, 0xED, 0xBA, 0x23, 0x02, 0x0E,
    0x1C, 0x00, 0x9C, 0x69, 0xA2, 0x16, 0x00, 0xE0, 0xB1, 0x25, 0xC9, 0x6B, 0xE0, 0x36, 0x70, 0x0B,
    0x78, 0x13, 0x78, 0xE9, 0xC3, 0x44, 0x0D, 0x63, 0x47, 0xDC, 0x12, 0x37, 0xC4, 0xF6, 0x49, 0x55,
    0xF8, 0x94, 0xD2, 0x23, 0xD5, 0xD9, 0xB0, 0x07, 0xCC, 0x70, 0x0E, 0x80, 0x61, 0x40, 0xBB, 0xFE,
    0xFA, 0x69, 0xA9, 0xCB, 0x9E, 0xEC, 0xF3, 0x8E, 0x3C, 0xF8, 0x5A, 0x52, 0x62, 0x06, 0x2A, 0xB4,
    0xA5, 0x48, 0x2D, 0x2B, 0xD5, 0x8E, 0x69, 0xB2, 0x3A, 0xDA, 0xCD, 0x66, 0x70, 0x36, 0xEF, 0x7D,
    0xCD, 0x44, 0x51, 0x60, 0x7F, 0xCC, 0x7C, 0x48, 0xC7, 0x96, 0xBC, 0xC4, 0x53, 0x80, 0xAF, 0x3C,
    0xDC, 0x7D, 0xCB, 0x0D, 0xF0, 0x17, 0x96, 0xE8, 0xAF, 0xBE, 0x53, 0x11, 0x8B, 0x30, 0xC0, 0x0E,
    0xD4, 0xBB, 0x47, 0xA0, 0x7E, 0xA8, 0x2D, 0xEA, 0xA7, 0xE9, 0x00, 0xFF, 0x7B, 0xCC, 0xE3, 0xC4,
    0xDD, 0x94, 0xBA, 0x3D, 0xEA, 0x90, 0xC0, 0xBE, 0xB1, 0x17, 0xCB, 0x8B, 0x57, 0x37, 0x76, 0xE3,
    0x72, 0x9B, 0x57, 0xFA, 0x5F, 0x15, 0xE8, 0x7F, 0x5A, 0x93, 0xFD, 0x13, 0x47, 0x2E, 0xED, 0x40,
    0x0D, 0xE6, 0xEF, 0x3A, 0x8A, 0x7F, 0xDE, 0x51, 0x3C, 0xD3, 0xB3, 0xA2, 0x9E, 0x63, 0x81, 0xC6,
    0x0E, 0x32, 0xFE, 0xE4, 0x86, 0x92, 0x56, 0x1C, 0xA7, 0x18, 0xA2, 0xD3, 0xB2, 0x46, 0xCB, 0xF7,
    0x3B, 0xF0, 0xAA, 0x05, 0xAF, 0x2D, 0xF4, 0x39, 0xF3, 0xE1, 0x0F, 0x10, 0xBB, 0x22, 0x80, 0x81,
    0xE0, 0x51, 0x07, 0xB0, 0xA8, 0x76, 0x14, 0xED, 0xCA, 0x91, 0xF7, 0xE1, 0xD5, 0x7B, 0xE4, 0x01,
    0xB7, 0x62, 0x2D, 0x70, 0xF4, 0x0E, 0x68, 0x1B, 0x95, 0xFA, 0x15, 0xB1, 0xFA, 0x73, 0x3B, 0xB2,
    0xB2, 0x23, 0x57, 0x2D, 0x79, 0x6A, 0x31, 0x02, 0xE6, 0xE6, 0xB4, 0x9E, 0xAB, 0x90, 0x11, 0x54,
    0xED, 0x14, 0xC3, 0x88, 0xB6, 0xF4, 0xC8, 0x13, 0x2C, 0xEE, 0x3A, 0xB8, 0xC6, 0xB5, 0x32, 0x97,
    0x17, 0xA4, 0x32, 0x12, 0x79, 0x0E, 0xF3, 0xC8, 0xF1, 0x47, 0x46, 0x8D, 0x06, 0x60, 0x05, 0x46,
    0x98, 0xB8, 0x67, 0xA9, 0x4B, 0xA8, 0xB5, 0x05, 0x3F, 0x0E, 0xA9, 0xDA, 0x00, 0x77, 0xA1, 0x8B,
    0x76, 0x4F, 0xA4, 0x2C, 0xA0, 0x15, 0x9F, 0x8A, 0x03, 0xE2, 0x76, 0x0F, 0x4D, 0x00, 0x0B, 0x44,
    0xD5, 0x47, 0x08, 0x00, 0xB7, 0x35, 0x6B, 0x07, 0x71, 0xA0, 0x36, 0xF4, 0x36, 0x11, 0x23, 0xFB,
    0x27, 0x27, 0x65, 0x98, 0x80, 0x48, 0x15, 0xA6, 0x70, 0xEF, 0x66, 0x39, 0x4E, 0x42, 0x83, 0x67,
    0xF2, 0x48, 0x03, 0x67, 0x8C, 0x53, 0x81, 0xA8, 0x9B, 0x9A, 0x30, 0x1D, 0x18, 0x27, 0x04, 0x61,
    0x4A, 0x53, 0x93, 0x03, 0xAA, 0x9D, 0x9A, 0x06, 0x03, 0x53, 0xF5, 0x00, 0x04, 0xEF, 0x0E, 0xC6,
    0xE9, 0x55, 0x10, 0x26, 0xD8, 0x8C, 0xEE, 0xEC, 0x20, 0xD0, 0xAD, 0x91, 0x5D, 0x6E, 0x33, 0xD9,
    0x06, 0xF3, 0xEB, 0x30, 0xC4, 0xF5, 0x0E, 0xC3, 0x74, 0x2E, 0x84, 0xF9, 0x10, 0x60, 0x2E, 0x13,
    0x9C, 0xC0, 0x30, 0x4E, 0x6A, 0xDC, 0xCA, 0x93, 0xC9, 0x05, 0x40, 0x3C, 0x3A, 0x1A, 0x89, 0x88,
    0xF4, 0x84, 0x3A, 0x87, 0x0A, 0xEA, 0x91, 0x29, 0x4F, 0x0E, 0xF4, 0x33, 0x9A, 0x71, 0x06, 0xC5,
    0xD1, 0xF5, 0xD8, 0x61, 0xA4, 0x1F, 0x70, 0xFD, 0x5F, 0xBC, 0x72, 0x2C, 0x39, 0x1E, 0xB0, 0x26,
    0x88, 0x7F, 0x3F, 0x60, 0x13, 0x30, 0xB1, 0xF4, 0xAC, 0x52, 0x4B, 0x47, 0x7D, 0xD4, 0xA5, 0x8E,
    0x5E, 0x7C, 0xEE, 0x62, 0x07, 0x90, 0xB5, 0x00, 0x52, 0x01, 0xF4, 0x21, 0xC4, 0x1C, 0x5C, 0xA6,
    0x1D, 0x21, 0xC0, 0x0C, 0xDA, 0xE5, 0x25, 0xBA, 0xC9, 0xCA, 0x60, 0xE3, 0x43, 0x5E, 0xE6, 0x79,
    0x35, 0x47, 0xD9, 0xCC, 0xBF, 0xEB, 0x0B, 0x46, 0x6B, 0x67, 0x81, 0x5F, 0x31, 0xE9, 0xAB, 0x09,
    0x3C, 0x40, 0x0F, 0x44, 0x0E, 0x50, 0x01, 0x52, 0x0B, 0x6A, 0x5C, 0x61, 0x0F, 0xD1, 0x9B, 0x40,
    0xEE, 0x80, 0xF1, 0xBF, 0xF4, 0xB1, 0x94, 0x69, 0x9B, 0x49, 0xA3, 0xED, 0x5A, 0x0D, 0x03, 0xFA,
    0xB8, 0x33, 0x71, 0x17, 0x75, 0x45, 0x50, 0xA4, 0xC7, 0x01, 0x56, 0xC1, 0x2B, 0x1A, 0x40, 0x0D,
    0xE0, 0x92, 0xC6, 0x04, 0xFB, 0xD9, 0xD0, 0x1B, 0x74, 0x73, 0xEA, 0x5F, 0x4A, 0x76, 0x9B, 0xF7,
    0x1D, 0x22, 0x62, 0x89, 0xCA, 0x0B, 0x70, 0xAE, 0x84, 0x75, 0x45, 0xBC, 0x3D, 0x5F, 0xA5, 0xCD,
    0xA6, 0xD7, 0xAF, 0xDC, 0x3D, 0xCD, 0x93, 0x26, 0x2F, 0x52, 0x9B, 0x2D, 0x74, 0x95, 0x0F, 0x54,
    0x0C, 0xB4, 0x30, 0x41, 0xF3, 0xBD, 0xF0, 0x53, 0x97, 0xBE, 0x2F, 0xFF, 0x37, 0x16, 0xD9, 0x72,
    0x10, 0x95, 0xA3, 0x53, 0x94, 0x4B, 0x8F, 0x7C, 0xA3, 0x57, 0x3D, 0xB7, 0xD2, 0x96, 0x37, 0xB5,
    0xE5, 0xA5, 0xBC, 0x64, 0x6F, 0xB1, 0x1C, 0xC3, 0x43, 0xEA, 0x87, 0x63, 0xB2, 0x26, 0xB7, 0x5A,
    0x84, 0x58, 0x3A, 0xF6, 0xC1, 0xDB, 0xC3, 0x99, 0x9E, 0x9B, 0x3C, 0xA2, 0xF5, 0x14, 0xEA, 0xCF,
    0x74, 0xF5, 0xF4, 0xC3, 0x42, 0xFD, 0x9F, 0x9A, 0x43, 0xFD, 0x3D, 0x38, 0xE6, 0xEF, 0xE3, 0xAA,
    0x04, 0x69, 0xE0, 0x6C, 0x34, 0x1A, 0xE2, 0x72, 0x9F, 0x52, 0xD8, 0xE9, 0xED, 0x98, 0x52, 0x10,
    0x74, 0x37, 0xA5, 0x14, 0x32, 0x6B, 0xC8, 0x6C, 0x5E, 0x0D, 0x58, 0x9E, 0x0D, 0x02, 0x4F, 0x75,
    0xBB, 0xCB, 0x39, 0xA5, 0xB0, 0xA0, 0xC6, 0x8F, 0x4F, 0x52, 0x85, 0x27, 0xB1, 0x00, 0xC9, 0xFD,
    0x58, 0xB1, 0x47, 0xF8, 0xCC, 0xEB, 0xE7, 0x4E, 0x58, 0x7B, 0x2D, 0x93, 0x40, 0x49, 0x9A, 0xD1,
    0xE9, 0x9D, 0x9C, 0xA2, 0x20, 0x02, 0xAF, 0x00, 0xFD, 0xC8, 0x7D, 0x07, 0x98, 0x36, 0x80, 0x05,
    0xF2, 0x32, 0x00, 0x80, 0x01, 0x28, 0x98, 0x61, 0x3C, 0x86, 0xC9, 0x58, 0x21, 0xC1, 0xC5, 0xAB,
    0xA6, 0x32, 0x5D, 0x36, 0x06, 0xD7, 0x35, 0xA9, 0xBD, 0x32, 0x96, 0x01, 0xAA, 0xE6, 0x36, 0xAA,
    0x75, 0xA8, 0x1F, 0xB4, 0xC4, 0xEF, 0x5A, 0xA2, 0xF7, 0x2B, 0x10, 0x60, 0x07, 0xF8, 0xB3, 0x36,
    0x67, 0xD4, 0x81, 0xDE, 0x41, 0xB6, 0xBB, 0x9F, 0xD3, 0xB4, 0x89, 0x3B, 0xD4, 0xC4, 0x69, 0x3A,
    0x72, 0x0A, 0x74, 0xC5, 0x9E, 0x53, 0x77, 0x3F, 0xA7, 0x5A, 0x76, 0x01, 0xB6, 0xBF, 0x81, 0xD3,
    0x03, 0x0E, 0xAE, 0x1A, 0x3B, 0x72, 0xDA, 0xA4, 0x56, 0x97, 0x93, 0xB3, 0x76, 0x88, 0x6A, 0xEB,
    0x89, 0xD3, 0x5F, 0x9E, 0xE5, 0xF4, 0x92, 0xDC, 0xC0, 0x88, 0x3B, 0x63, 0x95, 0xB3, 0xE7, 0x94,
    0x60, 0x11, 0x5E, 0xFA, 0x55, 0x81, 0x4C, 0xF9, 0xEB, 0x02, 0x99, 0xC5, 0xFD, 0x05, 0x32, 0x48,
    0x15, 0x80, 0x19, 0xE2, 0xA9, 0x40, 0xC6, 0x42, 0x96, 0x36, 0x0F, 0x16, 0xC8, 0x9C, 0x93, 0x6A,
    0xDD, 0x6B, 0x69, 0x00, 0x65, 0x1F, 0x84, 0xB8, 0xFC, 0x08, 0xB9, 0x94, 0x56, 0xC8, 0x1D, 0x44,
    0x81, 0xDA, 0x89, 0xE2, 0x66, 0xDE, 0xE0, 0xFF, 0xF9, 0xE4, 0xBA, 0x11, 0x79, 0x57, 0x9A, 0xE2,
    0xE6, 0xCF, 0xDA, 0x53, 0x0E, 0xF5, 0x5B, 0x4D, 0xCD, 0xCB, 0xFA, 0x15, 0xEB, 0x41, 0x57, 0x67,
    0x4A, 0x2B, 0xBA, 0x80, 0x51, 0x07, 0x86, 0xD8, 0x41, 0x31, 0xA3, 0x72, 0xB0, 0x0A, 0xEC, 0xB3,
    0x0C, 0x38, 0xE9, 0xAF, 0x49, 0x81, 0x4D, 0x35, 0x63, 0x7A, 0x44, 0x80, 0x43, 0x1E, 0x8E, 0xCF,
    0x85, 0x38, 0xCB, 0x01, 0x46, 0x44, 0x57, 0xC5, 0xE6, 0x54, 0x97, 0x87, 0xC5, 0xD3, 0x19, 0x7F,
    0xB8, 0xF8, 0xFF, 0x72, 0x58, 0x32, 0x82, 0x81, 0x9A, 0x02, 0x3C, 0x2B, 0xE8, 0xF1, 0xD0, 0xC7,
    0x1E, 0x7C, 0x5A, 0xC3, 0x66, 0xB7, 0xA9, 0x30, 0xDD, 0xC6, 0x12, 0x3D, 0xB0, 0x68, 0x15, 0x00,
    0x0F, 0xD6, 0xFE, 0x74, 0xCC, 0xB5, 0x3F, 0xF1, 0x99, 0xDA, 0x9F, 0x26, 0x69, 0x49, 0x1E, 0x5E,
    0xFB, 0x63, 0xCF, 0xD6, 0xFE, 0xF4, 0xA0, 0xC4, 0x03, 0xD4, 0x00, 0xB7, 0xF7, 0x70, 0x0B, 0xE0,
    0xA5, 0x8F, 0x92, 0x6F, 0x6A, 0x60, 0xB3, 0x4F, 0x55, 0xEE, 0xA5, 0xC5, 0xCC, 0x7E, 0x15, 0xD8,
    0xB7, 0x69, 0x1B, 0x05, 0x9D, 0x4A, 0x60, 0x3F, 0x72, 0x03, 0x7C, 0xDE, 0xA1, 0xDF, 0x7E, 0x2B,
    0xC0, 0xAB, 0x03, 0x7C, 0xF7, 0x8F, 0x47, 0xF6, 0x5B, 0x62, 0x79, 0xBF, 0x81, 0xCB, 0xA3, 0x47,
    0x15, 0xE0, 0x69, 0x6D, 0xE1, 0x93, 0xFB, 0xFA, 0xA5, 0x68, 0x1C, 0x47, 0x3A, 0xA2, 0x3D, 0x97,
    0x69, 0xE0, 0xD2, 0xEA, 0xFF, 0x39, 0x70, 0xFA, 0xED, 0xAC, 0xD2, 0xFF, 0x6B, 0x5D, 0x4E, 0x5C,
    0xDE, 0x84, 0xFF, 0x9E, 0xC3, 0xEF, 0xCF, 0x9C, 0x62, 0x2A, 0x58, 0xCF, 0x36, 0xF5, 0x0D, 0x12,
    0x71, 0x0F, 0xA9, 0x91, 0x79, 0x8A, 0xE8, 0xFD, 0x60, 0x97, 0x8B, 0x8B, 0xBB, 0xE0, 0x96, 0x8D,
    0x16, 0x4F, 0xBF, 0x77, 0xCD, 0xEC, 0xE8, 0x9A, 0xB9, 0xA3, 0x2E, 0xDB, 0x8A, 0x37, 0xBB, 0x83,
    0x12, 0x4C, 0x0B, 0xD9, 0x7D, 0x6E, 0xA3, 0x0E, 0xF4, 0xF5, 0x1B, 0xE8, 0x2F, 0x6C, 0xD1, 0xC7,
    0x1B, 0x32, 0x67, 0xC8, 0x6D, 0x8E, 0x29, 0xEF, 0x0F, 0x47, 0x14, 0x2C, 0x59, 0x51, 0xEF, 0xE3,
    0xC8, 0x52, 0xCE, 0x16, 0x39, 0x90, 0xF6, 0x80, 0x48, 0x89, 0xDA, 0x1E, 0x35, 0xE8, 0xD1, 0xC6,
    0x2C, 0x63, 0x77, 0x68, 0xA0, 0xBB, 0x5D, 0x43, 0xDF, 0x79, 0xE8, 0x65, 0xF8, 0xE9, 0xD6, 0x01,
    0xCE, 0xDD, 0xBD, 0x76, 0xED, 0x6A, 0xD4, 0x01, 0x23, 0xD0, 0x03, 0x78, 0x14, 0xAC, 0xCB, 0xBC,
    0x22, 0x97, 0x1D, 0x24, 0xD2, 0x02, 0x17, 0xA6, 0x34, 0xF8, 0xA8, 0x6F, 0x86, 0x44, 0xF8, 0xF3,
    0x79, 0xB9, 0x3C, 0x2C, 0xA8, 0x97, 0x75, 0xD4, 0x17, 0xDB, 0xA3, 0x36, 0xFC, 0xCB, 0xE8, 0x6E,
    0x09, 0x3D, 0x13, 0x6D, 0xB9, 0xCE, 0x90, 0x12, 0x27, 0x93, 0x12, 0xAE, 0x32, 0xB3, 0xB6, 0x91,
    0xE0, 0x93, 0x06, 0xD6, 0xDA, 0x60, 0xFC, 0x54, 0x71, 0x17, 0x58, 0xEB, 0x6F, 0x1F, 0x43, 0xDF,
    0xFF, 0x8A, 0xB5, 0xDE, 0x04, 0xD6, 0xA2, 0xC0, 0x1A, 0xFD, 0x7D, 0x5C, 0x01, 0x77, 0x50, 0x25,
    0xA6, 0xCA, 0x2D, 0xD9, 0x9E, 0x35, 0xEA, 0xB3, 0xBB, 0xF0, 0x4D, 0x80, 0x97, 0x1E, 0x81, 0xDD,
    0xF8, 0x81, 0xAD, 0xF8, 0x51, 0xEF, 0xC3, 0xC0, 0x8D, 0xF3, 0x00, 0xB8, 0x0C, 0x80, 0x5D, 0x0D,
    0x40, 0xDE, 0xB2, 0xFF, 0xF9, 0xDD, 0x96, 0x76, 0x13, 0x57, 0x9F, 0x02, 0x48, 0xAD, 0x03, 0x50,
    0x7F, 0xD5, 0x02, 0x44, 0x52, 0x71, 0xF6, 0xE7, 0xE3, 0x2B, 0x91, 0x09, 0x85, 0x7D, 0xA1, 0xAC,
    0x6F, 0x2E, 0xEA, 0xC3, 0xD3, 0x83, 0x57, 0x7B, 0xC7, 0x25, 0x7B, 0xD0, 0x71, 0x99, 0x7C, 0x96,
    0xAC, 0x1A, 0x20, 0x6D, 0x26, 0xC7, 0x6A, 0x96, 0x75, 0xF4, 0x1C, 0x75, 0x78, 0xA4, 0xA7, 0x06,
    0xD8, 0x9B, 0x8A, 0xB1, 0x03, 0x92, 0x16, 0xC8, 0x2A, 0xE0, 0x69, 0x3E, 0x48, 0xB2, 0xC5, 0x62,
    0x94, 0xA3, 0x08, 0x86, 0x30, 0x9E, 0xD5, 0xDE, 0x1E, 0x29, 0x60, 0xA4, 0x25, 0x30, 0xF2, 0x03,
    0x3A, 0x48, 0x1F, 0x9E, 0x44, 0x1D, 0xB7, 0x54, 0xA1, 0x8E, 0xDB, 0x5E, 0x60, 0x76, 0xC0, 0x01,
    0x9E, 0xDD, 0x2B, 0x95, 0xE7, 0x3E, 0x4A, 0xB5, 0x4D, 0x6F, 0x2A, 0xED, 0x9F, 0x9A, 0xF8, 0xEF,
    0x00, 0x07, 0x51, 0x03, 0x3C, 0x01, 0x27, 0x8D, 0x15, 0xE2, 0xF7, 0xEF, 0x62, 0x86, 0x1E, 0x50,
    0x0E, 0xD8, 0x34, 0x80, 0x94, 0x7C, 0x50, 0x4F, 0x2D, 0xD0, 0x8A, 0x62, 0x9F, 0x90, 0x81, 0x7A,
    0xA6, 0x1E, 0x62, 0x07, 0xEB, 0x16, 0x36, 0xE5, 0x13, 0x71, 0x36, 0x9B, 0xD9, 0xD9, 0x44, 0x59,
    0x20, 0xB1, 0x67, 0x82, 0x21, 0x9F, 0xE0, 0x23, 0x3A, 0x9B, 0xED, 0x5E, 0xEA, 0xEC, 0xA3, 0xCB,
    0x41, 0x11, 0x9E, 0x9F, 0xF4, 0x78, 0x39, 0xEB, 0xF1, 0xD8, 0x91, 0x8E, 0xB0, 0x57, 0xE1, 0x13,
    0x34, 0x69, 0x43, 0x22, 0x62, 0x89, 0x03, 0x70, 0xE1, 0x81, 0xF2, 0xDD, 0x00, 0x40, 0x2C, 0x2D,
    0x04, 0xEE, 0x1F, 0x1A, 0xC4, 0xF9, 0xE4, 0x6F, 0xAC, 0x1B, 0xD9, 0xCC, 0x7A, 0x7C, 0x7D, 0x46,
    0x8F, 0xEF, 0xEB, 0xBF, 0xAF, 0x00, 0xCF, 0xB3, 0xF7, 0x44, 0x3E, 0xC0, 0x6D, 0x83, 0xBF, 0x9E,
    0x6F, 0x1B, 0x5C, 0x99, 0x6E, 0x1B, 0xD4, 0xF7, 0xDD, 0x36, 0xE8, 0x7F, 0xFB, 0x6D, 0x03, 0x35,
    0xDD, 0x36, 0xD8, 0x21, 0x1D, 0x46, 0x00, 0x28, 0x60, 0x3F, 0xF8, 0xCB, 0x00, 0x38, 0x00, 0xAE,
    0x3F, 0x72, 0x35, 0x59, 0x2F, 0xA0, 0xFD, 0x33, 0xCC, 0x8A, 0xC6, 0x01, 0x51, 0x0B, 0xC4, 0x16,
    0xC6, 0x45, 0x33, 0x6D, 0xD6, 0xCC, 0x26, 0x45, 0x35, 0xE6, 0xCC, 0xF7, 0x79, 0x84, 0xC5, 0xAC,
    0xAE, 0xA5, 0x94, 0x6A, 0xAF, 0x17, 0x3A, 0x0D, 0x9C, 0xDE, 0x01, 0x72, 0x07, 0xF0, 0x24, 0xAF,
    0x75, 0xF1, 0xB7, 0xA2, 0x8A, 0x22, 0xC8, 0xB2, 0x9B, 0x25, 0xA9, 0x07, 0x00, 0x78, 0xC4, 0x02,
    0xD4, 0xDB, 0xCF, 0x03, 0xDE, 0x00, 0xFD, 0xE2, 0x89, 0xCF, 0xE0, 0xF9, 0xB4, 0xC4, 0xE8, 0x8A,
    0x85, 0x2E, 0x1F, 0x0B, 0xF7, 0xC1, 0x13, 0x18, 0x2B, 0x5E, 0x64, 0x07, 0xA9, 0x9C, 0x9C, 0x82,
    0xDE, 0xF0, 0x3C, 0xE4, 0x86, 0xDF, 0x87, 0x45, 0x01, 0xD0, 0x07, 0x8C, 0xDD, 0x0A, 0xC2, 0x66,
    0x94, 0x0A, 0x6D, 0x03, 0x66, 0x78, 0xC0, 0x48, 0xCF, 0xCC, 0x7A, 0xB8, 0xD4, 0xC6, 0xD5, 0x10,
    0x39, 0xC0, 0xA5, 0x36, 0xE0, 0xBA, 0xBD, 0x2C, 0xD2, 0x4A, 0x67, 0x44, 0x1A, 0x2E, 0x55, 0xE7,
    0xAB, 0x44, 0x3A, 0xF1, 0xE9, 0x4F, 0xE4, 0xEE, 0x2E, 0xC5, 0x58, 0x73, 0x7E, 0xE4, 0x8B, 0x63,
    0xEE, 0xC0, 0x9D, 0xCB, 0xFD, 0x28, 0x7C, 0xF2, 0x77, 0x76, 0x57, 0x29, 0xF0, 0xB0, 0x8C, 0x3C,
    0xAC, 0x92, 0x1D, 0x2F, 0x19, 0x31, 0x3F, 0x77, 0x59, 0x9F, 0x4A, 0x15, 0x95, 0x5C, 0x65, 0xBC,
    0xE4, 0xA8, 0x4B, 0x47, 0xFA, 0xB3, 0x86, 0x58, 0x1E, 0xEF, 0x3D, 0xEF, 0x4F, 0xC7, 0x25, 0x8B,
    0xA4, 0xC2, 0xDC, 0x04, 0xDD, 0x3F, 0x96, 0x8A, 0x1B, 0xD2, 0xBB, 0x44, 0x22, 0x95, 0xBE, 0x77,
    0x14, 0xEA, 0x89, 0x1C, 0x44, 0x3D, 0xE0, 0x99, 0xE9, 0xE2, 0x55, 0xFC, 0x5A, 0xA4, 0xDF, 0x0C,
    0x54, 0x13, 0xBB, 0x1A, 0x35, 0x50, 0xDA, 0xAC, 0xC2, 0x6B, 0x2C, 0xD7, 0x64, 0xE2, 0xF7, 0xA9,
    0x5A, 0x3E, 0x53, 0x26, 0xE2, 0x86, 0x48, 0xF8, 0x53, 0xAC, 0xA0, 0x00, 0xC3, 0x25, 0x51, 0xB2,
    0xCB, 0x7F, 0xB4, 0x38, 0x1E, 0x4B, 0x93, 0x6B, 0xE5, 0xD6, 0x1B, 0x9B, 0xED, 0xA0, 0x84, 0xF4,
    0x85, 0x06, 0xFD, 0x6A, 0x8B, 0x7E, 0xC1, 0xC2, 0x63, 0x66, 0xC4, 0x1D, 0x46, 0xFD, 0x6A, 0x40,
    0x80, 0x0F, 0xCB, 0x17, 0xDC, 0x3A, 0x04, 0xA0, 0x3F, 0x06, 0xA0, 0x3B, 0xFC, 0x1B, 0x63, 0x0E,
    0xAA, 0x6F, 0xB5, 0x00, 0xE9, 0x5C, 0x53, 0xF0, 0x96, 0xFB, 0x9D, 0xD9, 0x81, 0x3C, 0x9B, 0x56,
    0x18, 0x6D, 0xB9, 0xA2, 0x2B, 0x80, 0xC7, 0x79, 0x0B, 0xF1, 0xEC, 0xDB, 0xFB, 0x50, 0x55, 0xD9,
    0xA1, 0x32, 0xE3, 0xBA, 0x12, 0x69, 0xD5, 0x3B, 0x37, 0x1B, 0x65, 0x75, 0x95, 0x94, 0x05, 0x50,
    0x43, 0xE4, 0x20, 0x09, 0xAC, 0xF4, 0x03, 0xED, 0xF6, 0x7C, 0x4C, 0x94, 0x8F, 0x7C, 0xFC, 0xA3,
    0x68, 0x8B, 0x48, 0xC7, 0x91, 0x58, 0xB8, 0xBA, 0x2F, 0x11, 0x6B, 0x07, 0x1A, 0xFB, 0x8A, 0x4B,
    0xC3, 0xBE, 0x2F, 0xD5, 0x8C, 0x53, 0x38, 0xDB, 0x5F, 0xCE, 0xDC, 0x27, 0x60, 0x80, 0x63, 0xFE,
    0x45, 0xEC, 0xD9, 0x88, 0xE3, 0xB2, 0x94, 0x53, 0x49, 0xC0, 0x78, 0x50, 0xE1, 0xE2, 0x8B, 0x4F,
    0xFC, 0xB6, 0x75, 0x18, 0xCC, 0xEC, 0xF6, 0x43, 0x3D, 0x72, 0x65, 0x11, 0x2F, 0x5F, 0x61, 0xD6,
    0x26, 0xB7, 0x8B, 0x27, 0xCE, 0xFD, 0xE1, 0xB3, 0x50, 0x1B, 0x58, 0xE6, 0x8F, 0x87, 0xFB, 0xB8,
    0xB9, 0x05, 0xCA, 0xF5, 0xE3, 0x69, 0x00, 0x80, 0x27, 0x7C, 0x43, 0x91, 0x5B, 0xCF, 0xE3, 0x0B,
    0xBA, 0x05, 0x7C, 0xF8, 0x22, 0xF5, 0xBF, 0xB9, 0xF5, 0x38, 0x0F, 0x59, 0xC9, 0x27, 0xCE, 0x6E,
    0x30, 0x2D, 0x8A, 0x33, 0xA6, 0xC5, 0xA3, 0x4D, 0x21, 0xF9, 0xFA, 0xFC, 0xF7, 0x52, 0x5E, 0x69,
    0x81, 0xC7, 0x7A, 0x21, 0xEA, 0xAC, 0xF0, 0xFA, 0x70, 0xC5, 0xC2, 0x0C, 0x11, 0x35, 0xD0, 0x63,
    0x50, 0xF8, 0x5A, 0xF9, 0xB1, 0xFC, 0x6D, 0x84, 0xB3, 0x43, 0x7E, 0xCC, 0xA5, 0x82, 0x93, 0xEA,
    0xD7, 0x7F, 0xD2, 0x82, 0x56, 0xF6, 0xE3, 0x99, 0xEF, 0x38, 0x50, 0xF6, 0x27, 0xCD, 0xF8, 0xF4,
    0x71, 0xCF, 0x97, 0x12, 0x88, 0x7E, 0xD9, 0x06, 0x7D, 0x6B, 0x41, 0x7D, 0xBB, 0x82, 0xF4, 0x0B,
    0x40, 0x7C, 0xF0, 0xE4, 0x67, 0x4E, 0x59, 0x02, 0xBF, 0x68, 0x83, 0xA9, 0xDF, 0x80, 0xFA, 0x0B,
    0xBB, 0x1F, 0xFC, 0x63, 0x7D, 0xE7, 0x0F, 0xBE, 0x80, 0x27, 0x77, 0x0B, 0x96, 0x43, 0x0D, 0xC7,
    0x59, 0x39, 0xB6, 0xC0, 0xA3, 0x5E, 0xBA, 0x78, 0xE4, 0xBF, 0x76, 0x71, 0x17, 0x44, 0x80, 0x62,
    0xA6, 0xE7, 0x81, 0xCF, 0xCE, 0xF5, 0x57, 0x5F, 0xA9, 0x52, 0xE9, 0xF5, 0x4F, 0xB6, 0x9A, 0xE3,
    0x03, 0x56, 0xC4, 0x9E, 0xB5, 0x4B, 0x76, 0x65, 0xDE, 0x60, 0x98, 0x64, 0xE5, 0x57, 0x8D, 0xF4,
    0xE9, 0xFD, 0x29, 0xC1, 0x16, 0xF6, 0x6B, 0x4A, 0xF6, 0x0F, 0x1A, 0x40, 0x87, 0xB1, 0x00, 0xF8,
    0x38, 0xEF, 0xA6, 0x92, 0xBC, 0xD2, 0x30, 0xCA, 0x54, 0xF4, 0xAB, 0x0D, 0xFB, 0x9F, 0xC7, 0x79,
    0x45, 0x23, 0x1A, 0xDC, 0x28, 0x25, 0xE2, 0x39, 0x3D, 0xA9, 0x59, 0xF2, 0x32, 0x35, 0x5F, 0xBB,
    0x3F, 0x65, 0x77, 0x7E, 0x98, 0x85, 0x16, 0xCF, 0xB9, 0xF7, 0x5E, 0x24, 0x76, 0x0F, 0xFE, 0x89,
    0xA3, 0x7C, 0x36, 0xD5, 0xF6, 0xA1, 0x28, 0x0F, 0x51, 0x0F, 0xC6, 0xC1, 0xBA, 0xFA, 0x4D, 0xE5,
    0x60, 0x3C, 0xBC, 0x1C, 0xEC, 0x47, 0xA0, 0xFD, 0x83, 0x65, 0x6A, 0x63, 0xCE, 0x04, 0x38, 0x9B,
    0x88, 0x6B, 0xC8, 0xA7, 0x44, 0xDC, 0xE1, 0x87, 0xB9, 0xA9, 0xDE, 0x42, 0x17, 0xBB, 0x49, 0x18,
    0xE4, 0xDD, 0x74, 0x1B, 0x64, 0x01, 0x50, 0x9C, 0x05, 0x0F, 0xA8, 0x6E, 0x1F, 0xEC, 0xF8, 0xB0,
    0xD7, 0x9B, 0x6A, 0x8E, 0xAA, 0x02, 0x21, 0x07, 0xB2, 0x99, 0x72, 0xE0, 0x18, 0xE2, 0x1E, 0x68,
    0x3E, 0xF8, 0xB5, 0xFB, 0x4C, 0xBA, 0x11, 0x3E, 0xF0, 0xB5, 0xFB, 0xC0, 0x69, 0xE2, 0x62, 0x1F,
    0xF9, 0xA4, 0xA1, 0xD6, 0x25, 0xA6, 0x98, 0x38, 0xBD, 0x79, 0x8F, 0x48, 0x64, 0xE2, 0xF4, 0x4E,
    0x37, 0x73, 0xBA, 0x22, 0xAF, 0x4C, 0xB5, 0x21, 0x6B, 0xFE, 0x1F, 0x75, 0x8F, 0x01, 0x64, 0x1C,
    0x41, 0x14, 0x86, 0xBF, 0xD9, 0x69, 0x2C, 0x19, 0x3A, 0x41, 0x03, 0x45, 0x16, 0x8A, 0xA8, 0xE4,
    0x0E, 0x82, 0x60, 0xCE, 0x4D, 0x53, 0x40, 0xD1, 0xA2, 0x0B, 0x40, 0x01, 0x05, 0x5A, 0xC0, 0x22,
    0x9B, 0x9B, 0x2A, 0xA0, 0x68, 0x01, 0x28, 0x04, 0x45, 0xB5, 0x00, 0x87, 0x20, 0xD2, 0x01, 0x8A,
    0x22, 0x0B, 0x00, 0xD8, 0x02, 0x00, 0x83, 0xC5, 0x62, 0xD3, 0xE9, 0x4C, 0x4F, 0x21, 0xC4, 0xFB,
    0xFE, 0x79, 0xEF, 0x3D, 0xFB, 0xFF, 0xEC, 0x6E, 0xBD, 0x8A, 0xAB, 0x3F, 0xCB, 0x18, 0xFB, 0xAC,
    0xDD, 0xBA, 0x66, 0x15, 0x23, 0x59, 0x69, 0xAE, 0x5F, 0xA4, 0x21, 0x86, 0x7F, 0xCF, 0xAD, 0x75,
    0xAB, 0xAE, 0xED, 0x7C, 0xE3, 0xB0, 0x59, 0xC9, 0xED, 0x73, 0x17, 0xDA, 0x34, 0xE3, 0xB4, 0x2E,
    0xAC, 0xF6, 0xDA, 0x2B, 0xAB, 0x39, 0xE0, 0x88, 0x6D, 0xE6, 0xA9, 0xAA, 0x34, 0x37, 0x9C, 0xB3,
    0x4F, 0x9B, 0xCA, 0xB0, 0x87, 0x42, 0xDA, 0xB2, 0xE4, 0xBE, 0xC6, 0x18, 0x2E, 0x4E, 0x99, 0x2E,
    0x99, 0x26, 0x5E, 0x3D, 0xA2, 0x38, 0xB1, 0xFA, 0x97, 0x4F, 0xA8, 0x0F, 0x4E, 0xA7, 0x8C, 0x43,
    0x8E, 0xF6, 0xD9, 0x4E, 0x31, 0x95, 0x4D, 0x54, 0xF9, 0x42, 0x73, 0xCC, 0xF9, 0x5B, 0xD8, 0x82,
    0x2A, 0xC3, 0x8C, 0xDD, 0xB3, 0x97, 0xCB, 0x78, 0xF3, 0x30, 0x7E, 0x01, 0xF8, 0x0A, 0x13, 0x8C,
    0x19, 0x06, 0x44, 0xA0, 0xC8, 0x20, 0x7B, 0x64, 0x87, 0xF4, 0x08, 0xFB, 0xDF, 0xBB, 0x77, 0xDB,
    0x3B, 0xFF, 0x1E, 0xAA, 0xD8, 0xB1, 0x03, 0xDC, 0xED, 0x45, 0x87, 0xE5, 0xB4, 0xA9, 0xF9, 0x50,
    0xB8, 0x05, 0x17, 0x57, 0x62, 0x6A, 0x19, 0x81, 0x85, 0xEC, 0x16, 0x57, 0xAA, 0xFF, 0xD1, 0x96,
    0x5D, 0x0B, 0x50, 0x8C, 0x28, 0x0B, 0x3A, 0x52, 0x01, 0x0B, 0xE5, 0x0C, 0xD0, 0x94, 0x6E, 0x00,
    0xD6, 0xE5, 0xFB, 0x1E, 0x08, 0xEA, 0x99, 0xCB, 0x9B, 0xAE, 0x00, 0xDA, 0x33, 0x03, 0x30, 0x1F,
    0x07, 0x00, 0xF1, 0xF4, 0xF7, 0x0D, 0x73, 0x87, 0xBA, 0x8E, 0x27, 0x31, 0x50, 0xCD, 0xE4, 0x4F,
    0x1F, 0x30, 0x46, 0x5E, 0xDB, 0x35, 0x43, 0x23, 0xAF, 0x59, 0x17, 0x7D, 0x6E, 0xA1, 0xF4, 0x8D,
    0x7A, 0x2E, 0x82, 0x66, 0xF1, 0x46, 0x7D, 0xF6, 0x0B, 0xAA, 0x51, 0x46, 0x1E, 0x20, 0x2C, 0x3B,
    0xE9, 0x91, 0x5E, 0x39, 0xCD, 0x1E, 0x07, 0x18, 0x40, 0x3C, 0xB1, 0x29, 0x47, 0x7D, 0x74, 0x3A,
    0xDD, 0x66, 0x1C, 0x18, 0xCC, 0x31, 0x00, 0xD0, 0xCB, 0x4E, 0xBB, 0x25, 0x97, 0x8C, 0x49, 0x29,
    0x05, 0x65, 0x05, 0xB0, 0x8D, 0xB6, 0xA5, 0x97, 0xBD, 0x08, 0x22, 0xC8, 0x5E, 0xBB, 0x19, 0x4D,
    0xCE, 0x3D, 0x7F, 0x2D, 0xC3, 0xA5, 0xEC, 0x13, 0x93, 0xEC, 0xC6, 0xD2, 0x0F, 0xCA, 0x07, 0xF5,
    0x2E, 0xA3, 0x4F, 0x7A, 0x5D, 0x74, 0x5A, 0xFA, 0x7B, 0x00, 0x6C, 0xFE, 0x7D, 0xA5, 0x7D, 0xAB,
    0x1D, 0xF0, 0xF8, 0xDB, 0xA7, 0x55, 0xEC, 0x80, 0x43, 0xE0, 0x14, 0x08, 0x20, 0x3B, 0x50, 0x0E,
    0x2A, 0xC0, 0x00, 0x23, 0x88, 0x7C, 0xF6, 0xA0, 0x2D, 0xCC, 0xEE, 0xFE, 0x72, 0x07, 0xF8, 0x0B,
    0x4D, 0x91, 0x21, 0x6C, 0xDB, 0x40, 0x18, 0x46, 0x9F, 0x7D, 0x55, 0x6F, 0xD2, 0x49, 0xFD, 0x51,
    0xC9, 0xA6, 0xE9, 0x86, 0x2B, 0xCD, 0xA6, 0x55, 0x65, 0xC7, 0xC7, 0xB9, 0x46, 0xC7, 0x4B, 0x4A,
    0x0B, 0xDC, 0xE5, 0x38, 0x59, 0x39, 0x19, 0x29, 0x0A, 0x1A, 0x18, 0xC8, 0xA4, 0xA5, 0xFE, 0x39,
    0x59, 0xF8, 0x48, 0xC6, 0x41, 0x0E, 0x18, 0x04, 0x24, 0xB9, 0x29, 0x6E, 0xC1, 0xA4, 0x07, 0xEF,
    0x7B, 0x3A, 0xBD, 0xBF, 0x3C, 0x20, 0x39, 0xD4, 0x56, 0x1B, 0xA3, 0xBD, 0xD1, 0xA5, 0xD5, 0xA5,
    0x8B, 0xA3, 0x84, 0xA5, 0xE7, 0xCB, 0x8A, 0x7A, 0xA4, 0x00, 0x24, 0xD2, 0x29, 0x43, 0x2C, 0xB6,
    0xC1, 0x7C, 0x0D, 0x22, 0x34, 0x42, 0x97, 0xD7, 0x57, 0x43, 0xA4, 0x82, 0x96, 0x72, 0x11, 0x5C,
    0x8E, 0x12, 0x10, 0x90, 0x47, 0xFC, 0x11, 0x3C, 0x08, 0x78, 0x6E, 0x56, 0xCC, 0x5F, 0x24, 0x03,
    0x36, 0xE3, 0xA1, 0x81, 0xD5, 0x13, 0xF9, 0xC0, 0xE8, 0x49, 0x9E, 0xB1, 0x62, 0xF5, 0x8B, 0x2E,
    0x51, 0xC0, 0xDB, 0x45, 0xE8, 0x72, 0xBC, 0x16, 0x3E, 0x54, 0xD0, 0xC0, 0x8E, 0x22, 0x61, 0xD6,
    0x58, 0x45, 0xA0, 0x02, 0x9E, 0xB1, 0x5B, 0x95, 0x72, 0x2D, 0x46, 0xE5, 0x4F, 0x34, 0x47, 0xE4,
    0x2E, 0x34, 0x56, 0x1B, 0x1B, 0x67, 0x35, 0x7E, 0x0F, 0x81, 0xE2, 0x80, 0xCB, 0xC1, 0x5B, 0x6D,
    0xCD, 0x89, 0xFA, 0xB3, 0x4A, 0x8E, 0x08, 0xD4, 0x5C, 0xEE, 0xE9, 0x36, 0x9C, 0xC1, 0x95, 0xD3,
    0xF9, 0x3C, 0xC9, 0xDF, 0xD1, 0xC7, 0x54, 0x93, 0xAA, 0x22, 0xCD, 0xCA, 0xD4, 0x9A, 0x4D, 0x63,
    0xC6, 0xDE, 0xEC, 0x8A, 0x23, 0x2E, 0x47, 0x7F, 0x9A, 0xBF, 0x66, 0xE9, 0xAD, 0xDE, 0x3B, 0xED,
    0x25, 0xCC, 0x06, 0xFC, 0x0E, 0x80, 0xEF, 0x36, 0xD5, 0xE9, 0x32, 0x95, 0x9B, 0x72, 0x6D, 0xD6,
    0x46, 0x8D, 0xBE, 0x5B, 0x0F, 0xE3, 0xF9, 0x11, 0xC9, 0xF1, 0xC2, 0xE9, 0x1B, 0xA7, 0x48, 0x60,
    0x06, 0x7B, 0xCC, 0x66, 0x0A, 0x78, 0x64, 0x9E, 0x99, 0x1E, 0xE8, 0x85, 0xD5, 0x33, 0xAB, 0xF8,
    0x60, 0x0E, 0x14, 0x77, 0x30, 0x95, 0xBB, 0x19, 0x98, 0xEF, 0x28, 0x00, 0x1F, 0xE8, 0x02, 0x19,
    0xF3, 0x1B, 0xE7, 0x79, 0x5F, 0x71, 0x5D, 0x31, 0x64, 0xBD, 0x7D, 0x8E, 0x34, 0xD0, 0x53, 0x2E,
    0xA2, 0xC9, 0x6A, 0x23, 0x2E, 0x20, 0x4F, 0x48, 0x06, 0x09, 0x13, 0xCC, 0x9E, 0xE9, 0x5E, 0x24,
    0x43, 0x30, 0xF9, 0xF5, 0x0B, 0xED, 0x13, 0x43, 0x66, 0x29, 0x27, 0xFE, 0xBF, 0xEB, 0xED, 0x62,
    0xC8, 0xA9, 0x7D, 0xEC, 0x19, 0xCB, 0x64, 0xD4, 0x45, 0xA1, 0x3D, 0xD9, 0x0F, 0xC8, 0x36, 0x7C,
    0xB4, 0xB1, 0x75, 0xB1, 0xFE, 0x86, 0xEC, 0x4F, 0xD2, 0x1F, 0x42, 0x12, 0x7E, 0x3E, 0xD0, 0x4D,
    0xCB, 0xF3, 0x1D, 0xFE, 0x48, 0x23, 0xDC, 0x4F, 0xD2, 0x87, 0x3B, 0xEA, 0x0C, 0x15, 0xF4, 0x7C,
    0x4A, 0x64, 0xE5, 0x0C, 0xFE, 0x01, 0x8D, 0x94, 0x01, 0xA4, 0x1C, 0xD7, 0x1E, 0xC6, 0x7F, 0x67,
    0xCE, 0x4B, 0x46, 0x32, 0xCF, 0x3B, 0x0F, 0x79, 0x3C, 0x69, 0x6A, 0xAA, 0xA0, 0x4D, 0x13, 0x03,
    0x50, 0xDC, 0xEC, 0x0C, 0x40, 0x81, 0x22, 0x57, 0x00, 0x0A, 0x28, 0x70, 0x8B, 0xA8, 0x22, 0xF7,
    0xEE, 0x04, 0x80, 0xE2, 0x16, 0x01, 0x20, 0x28, 0xDC, 0x09, 0x1A, 0x04, 0xC1, 0xDE, 0xBB, 0x07,
    0x80, 0x52, 0x23, 0x54, 0x01, 0x9D, 0xCA, 0x8D, 0x92, 0xC2, 0x21, 0xD3, 0x66, 0x6E, 0x7A, 0x76,
    0xFF, 0xFD, 0xE7, 0x18, 0x24, 0x14, 0x3D, 0xBB, 0xDF, 0x6F, 0xAC, 0xE5, 0xEC, 0x9E, 0xEF, 0xFB,
    0xCE, 0x1F, 0xFE, 0xFD, 0x19, 0x5C, 0x19, 0xE0, 0x63, 0x0F, 0x5F, 0x7A, 0xCA, 0x17, 0x13, 0xEB,
    0xA7, 0x9B, 0x2C, 0xB2, 0x93, 0x07, 0x76, 0x9C, 0x67, 0xA7, 0x6C, 0xA1, 0x26, 0x89, 0xC5, 0x1B,
    0xAA, 0x67, 0x55, 0xDE, 0x78, 0x17, 0xF6, 0x06, 0xFB, 0x54, 0x1A, 0xBE, 0x3F, 0x25, 0xFB, 0x01,
    0xEC, 0xD7, 0xAA, 0x6B, 0x60, 0x2E, 0x41, 0xD6, 0x75, 0xDF, 0x5A, 0x91, 0xC8, 0x49, 0x37, 0xB1,
    0xE2, 0x36, 0x91, 0x2F, 0x54, 0x30, 0x25, 0x61, 0x44, 0xC8, 0x5E, 0x1D, 0x61, 0x03, 0x49, 0xB5,
    0xB4, 0x7C, 0xF4, 0x1C, 0xF2, 0x1E, 0x0A, 0x0F, 0x7B, 0x13, 0xC8, 0x06, 0x30, 0xEB, 0x43, 0x9C,
    0x4C, 0xD4, 0xDF, 0x4C, 0x1C, 0xF3, 0x88, 0xC8, 0xC3, 0x79, 0x0F, 0x4A, 0x99, 0x38, 0xB7, 0xFB,
    0x69, 0x52, 0x2D, 0x01, 0x33, 0x82, 0x09, 0x90, 0x05, 0xD3, 0xDA, 0xC1, 0xFA, 0xDC, 0x5B, 0xBF,
    0x14, 0x69, 0x45, 0xA4, 0xA1, 0x6B, 0x32, 0x7D, 0x8B, 0x2F, 0xA4, 0x65, 0xD9, 0x9B, 0x09, 0xEA,
    0x40, 0x80, 0x45, 0xE2, 0x9D, 0xC9, 0x28, 0x57, 0x2B, 0x65, 0x21, 0x22, 0x5B, 0xCC, 0xEE, 0xEE,
    0xEE, 0x4D, 0x00, 0xC0, 0x89, 0x48, 0xC4, 0x84, 0xE2, 0x27, 0xAF, 0xB4, 0xBF, 0x7A, 0xB2, 0xC1,
    0xFE, 0xD9, 0x62, 0x07, 0x23, 0xCA, 0x1E, 0x69, 0xA8, 0xD4, 0x41, 0xA8, 0x23, 0x35, 0x64, 0xDD,
    0x11, 0x58, 0x91, 0x01, 0x4E, 0x1E, 0x8C, 0xB0, 0x32, 0x11, 0x22, 0x31, 0x6D, 0xD4, 0x26, 0x30,
    0x66, 0x23, 0x26, 0xE4, 0x41, 0x4D, 0x58, 0x7B, 0xAC, 0x6C, 0xC1, 0xBE, 0x3A, 0x54, 0x0C, 0x28,
    0x7A, 0x92, 0x13, 0xC9, 0x8A, 0xE4, 0xC5, 0x6C, 0xC6, 0xE5, 0x23, 0x3E, 0xA7, 0x3B, 0xAC, 0xB7,
    0xC4, 0x4C, 0x86, 0x7C, 0x30, 0x91, 0x05, 0x7A, 0x54, 0x0D, 0x4E, 0x1F, 0xF9, 0x86, 0x15, 0x36,
    0xB8, 0x63, 0x46, 0xF4, 0xB1, 0x30, 0x81, 0x5A, 0x5E, 0x2F, 0xFE, 0xB7, 0xFB, 0x7A, 0x31, 0xAF,
    0xB5, 0xE8, 0xDA, 0x60, 0xFE, 0x08, 0x55, 0x05, 0xBC, 0xE8, 0xCB, 0x1B, 0xC0, 0x4B, 0xEF, 0x56,
    0x80, 0x34, 0x6E, 0x02, 0x04, 0x17, 0x80, 0x2D, 0x6E, 0x00, 0x22, 0x85, 0xE7, 0x8D, 0x75, 0x09,
    0xE0, 0x0E, 0xC0, 0x2A, 0x45, 0xE9, 0x31, 0xDD, 0xB6, 0x99, 0x93, 0x3D, 0x1A, 0xA1, 0x94, 0x00,
    0xEB, 0x07, 0x01, 0x33, 0x65, 0x01, 0x1B, 0x6C, 0xA0, 0xF0, 0x76, 0xC0, 0x25, 0xB4, 0x79, 0xAF,
    0x70, 0x9E, 0x19, 0xB5, 0xC2, 0x4B, 0x4B, 0x21, 0x3F, 0x07, 0x32, 0x71, 0x23, 0xFC, 0x17, 0xF4,
    0x5F, 0xA7, 0x60, 0x25, 0x30, 0xAF, 0xBD, 0x53, 0xC8, 0x45, 0xA0, 0x7C, 0xB6, 0x86, 0x25, 0x0E,
    0xA2, 0x22, 0x1B, 0x39, 0x87, 0x0D, 0x40, 0x2D, 0x5B, 0xB8, 0xAA, 0xF6, 0x03, 0xC0, 0x52, 0x36,
    0x50, 0xFE, 0x78, 0x13, 0x9C, 0x07, 0x8A, 0x64, 0x6B, 0xE0, 0x3D, 0xEC, 0x94, 0x8D, 0x90, 0x12,
    0x52, 0x2F, 0xC1, 0x34, 0x90, 0x75, 0x6D, 0x77, 0xDF, 0xCA, 0x13, 0x09, 0x1C, 0x73, 0x00, 0x2B,
    0x22, 0xC4, 0x2C, 0x28, 0xF2, 0x1E, 0x26, 0xD7, 0x2A, 0x6A, 0x28, 0x45, 0x24, 0x81, 0x2C, 0xEC,
    0x83, 0x0D, 0xB5, 0x62, 0x28, 0x1B, 0x85, 0xF3, 0xE4, 0x7D, 0x3E, 0xA0, 0xC5, 0x0B, 0xEC, 0x8D,
    0xD9, 0x16, 0x89, 0x08, 0x97, 0xF5, 0x2E, 0xE8, 0x31, 0xC6, 0xC5, 0x77, 0xCF, 0x83, 0x5E, 0xAE,
    0x70, 0xDB, 0xB5, 0x01, 0xD7, 0x42, 0xF9, 0x09, 0x54, 0x11, 0xB3, 0x6E, 0x70, 0xFD, 0x07, 0xFC,
    0xAB, 0x98, 0xC8, 0x04, 0xCA, 0xE3, 0xD9, 0xDD, 0x15, 0x10, 0x41, 0x2B, 0x4B, 0x99, 0x3C, 0xEE,
    0xC0, 0x26, 0x3F, 0x4E, 0x6E, 0x4D, 0x70, 0x87, 0x88, 0xDA, 0x21, 0xFE, 0x7C, 0xD7, 0x75, 0x2D,
    0xCC, 0x55, 0x6D, 0xCE, 0x9F, 0xDD, 0x3A, 0xC3, 0x8C, 0xE5, 0x40, 0xA6, 0x9F, 0x14, 0x13, 0xD8,
    0x80, 0x62, 0x60, 0x46, 0x2A, 0x57, 0x75, 0x06, 0xAC, 0xB7, 0x00, 0xBC, 0x0B, 0x70, 0x1D, 0xE0,
    0xDA, 0x7C, 0xE9, 0xA8, 0x64, 0x0B, 0x72, 0xEF, 0x04, 0x1B, 0xB9, 0x4E, 0x1E, 0xB8, 0x86, 0xF3,
    0x5C, 0xA1, 0x6C, 0x81, 0x1A, 0x66, 0x2C, 0x38, 0xDF, 0x35, 0x0B, 0x9C, 0xB4, 0x0B, 0x98, 0x50,
    0x04, 0x6A, 0x8C, 0xA2, 0xC9, 0x02, 0xAE, 0xCF, 0xD3, 0x95, 0x1A, 0x30, 0xB2, 0x6D, 0xC0, 0xA9,
    0x70, 0x30, 0xE3, 0xC2, 0x1C, 0x6B, 0x2E, 0x42, 0xFE, 0x6C, 0xD9, 0x16, 0x5A, 0x88, 0x22, 0x79,
    0xE3, 0x80, 0x03, 0xD4, 0xB6, 0x5E, 0x6B, 0xD0, 0xCC, 0xB5, 0xF5, 0xE5, 0xBD, 0x5D, 0xEA, 0xE4,
    0xCE, 0x05, 0xD5, 0x75, 0x0E, 0xD8, 0xA1, 0x96, 0x48, 0x21, 0xE3, 0xDC, 0xCA, 0x2B, 0xF3, 0x11,
    0x76, 0x80, 0x7D, 0xD2, 0x8C, 0x58, 0xFF, 0xF6, 0xF6, 0x68, 0x6B, 0xFE, 0xC1, 0x68, 0xFB, 0x5D,
    0x47, 0x9B, 0x9A, 0xC7, 0xFA, 0x14, 0x1C, 0x24, 0xFD, 0x07, 0xB8, 0x40, 0x8A, 0xB3, 0xD2, 0x38,
    0x81, 0xD4, 0xCE, 0xA5, 0xEA, 0xB1, 0xBB, 0x1B, 0x1E, 0x96, 0xCD, 0xF0, 0xB0, 0x64, 0xA0, 0xE2,
    0xED, 0x1F, 0xB8, 0xF1, 0xF7, 0x71, 0x5E, 0xEC, 0xBA, 0xC3, 0x52, 0xCF, 0x07, 0xA0, 0xFB, 0xF9,
    0xAB, 0xDD, 0xB6, 0x85, 0x08, 0xCC, 0x79, 0x55, 0x3D, 0xB2, 0x85, 0x2E, 0xCE, 0xFB, 0x54, 0x80,
    0x6B, 0x54, 0x1E, 0x0A, 0x55, 0x3E, 0x82, 0x9D, 0xE0, 0xC3, 0xF9, 0xFB, 0x7D, 0x60, 0x55, 0xC1,
    0x7A, 0xC2, 0x6C, 0x0D, 0xAE, 0x3F, 0xE0, 0xFF, 0xEF, 0x9C, 0x92, 0x6D, 0xA0, 0x0A, 0xDC, 0x7F,
    0x3F, 0x64, 0xC1, 0xA6, 0x57, 0xDE, 0xBF, 0xEE, 0xAA, 0xED, 0xEB, 0x26, 0x7F, 0xB2, 0xA1, 0x92,
    0x91, 0xB5, 0x34, 0x30, 0x3B, 0xC8, 0x57, 0x00, 0x3C, 0x06, 0xE0, 0x11, 0x40, 0x21, 0x00, 0x4B,
    0x19, 0xD0, 0xCD, 0x5E, 0x8E, 0x90, 0xFF, 0x32, 0x44, 0x70, 0x77, 0x87, 0x7D, 0xA8, 0xB3, 0x7E,
    0x01, 0xFB, 0xD6, 0x57, 0x10, 0x95, 0x98, 0xD1, 0xFA, 0x92, 0x2C, 0x28, 0xB1, 0x43, 0xDE, 0x96,
    0x4D, 0xDE, 0x17, 0x4D, 0x49, 0xE1, 0x0B, 0x4A, 0x9C, 0x77, 0x54, 0xB8, 0x16, 0xE5, 0xB2, 0x81,
    0xBA, 0x15, 0x94, 0x5E, 0xCB, 0x9D, 0xBA, 0xAD, 0x23, 0x73, 0x62, 0x9F, 0xC8, 0x8A, 0x55, 0x62,
    0x24, 0x32, 0x99, 0x89, 0x29, 0x0F, 0x17, 0x75, 0x56, 0x96, 0x72, 0x06, 0xA0, 0x29, 0xDC, 0xA7,
    0x92, 0x01, 0x3B, 0x40, 0xDE, 0xA7, 0x32, 0xA7, 0x2E, 0xFF, 0x05, 0x63, 0x60, 0x9A, 0xC0, 0x20,
    0xFF, 0x83, 0xC1, 0x7E, 0x0F, 0xC3, 0x1F, 0x1B, 0x86, 0x2F, 0x36, 0x8C, 0x1F, 0x6C, 0x98, 0x3E,
    0xEC, 0x60, 0xFA, 0xF8, 0x81, 0xF9, 0xF1, 0x05, 0xE6, 0xF7, 0x0E, 0xCC, 0x7F, 0x19, 0xD8, 0xBF,
    0x30, 0xC8, 0x1F, 0x60, 0xD8, 0x7F, 0x80, 0x21, 0xFF, 0x00, 0x03, 0x7F, 0x03, 0x18, 0x1D, 0x60,
    0xE0, 0xFE, 0xCF, 0xC0, 0xFC, 0x9F, 0x81, 0x41, 0x80, 0x01, 0x00, 0x65, 0xCF, 0x81, 0x66, 0x1C,
    0x5D, 0x18, 0xC6, 0xF1, 0xDF, 0xCC, 0xC9, 0x67, 0x31, 0x5F, 0x9D, 0xDE, 0xC1, 0x00, 0x14, 0x64,
    0x8A, 0x00, 0x36, 0x3B, 0x43, 0xEF, 0xA6, 0xD7, 0xB0, 0x49, 0x96, 0xDE, 0x40, 0x2F, 0xA1, 0x00,
    0x16, 0x0A, 0x10, 0x6C, 0xED, 0xA1, 0x08, 0x8A, 0x0E, 0x00, 0x85, 0xA9, 0x00, 0x8A, 0x0E, 0x16,
    0xA3, 0x99, 0x64, 0x9A, 0x09, 0x03, 0xFA, 0x78, 0xCF, 0xE3, 0x7F, 0xBC, 0x0F, 0x9E, 0x97, 0x06,
    0x79, 0x87, 0x22, 0xA1, 0x82, 0x11, 0xA1, 0x47, 0x4C, 0xA8, 0xF7, 0xFB, 0xFD, 0xC7, 0xE3, 0x34,
    0x4D, 0xDD, 0x0B, 0x95, 0xCD, 0x92, 0x0D, 0x1D, 0x9C, 0x60, 0x0B, 0xE7, 0x70, 0x06, 0x3E, 0x91,
    0x0F, 0xC4, 0x47, 0xEA, 0x49, 0xF6, 0xE7, 0x57, 0x5A, 0xDD, 0xDF, 0xF7, 0xD5, 0xBB, 0x76, 0x3C,
    0x84, 0xB4, 0x79, 0xBB, 0x4A, 0xFF, 0x2B, 0x12, 0xC5, 0x8E, 0x38, 0xBF, 0x86, 0x88, 0x12, 0x25,
    0x2A, 0x6C, 0x20, 0x83, 0xA2, 0xC1, 0x2A, 0x21, 0xEF, 0x61, 0xB0, 0xAC, 0x2B, 0xEF, 0xF7, 0xFB,
    0xCF, 0x69, 0x7A, 0x56, 0xBB, 0x9F, 0x69, 0x59, 0x0C, 0x4B, 0xBD, 0x72, 0x87, 0x2B, 0x38, 0xC1,
    0x6B, 0x78, 0x03, 0x6B, 0xD8, 0xC2, 0x61, 0x31, 0xC3, 0x92, 0xD3, 0x2F, 0x96, 0xF5, 0xAC, 0xF3,
    0x3E, 0xAA, 0x42, 0x77, 0x2D, 0x7E, 0xFD, 0x39, 0x08, 0xF7, 0x3F, 0x5A, 0x1E, 0x26, 0xDC, 0x8C,
    0x28, 0x7B, 0x14, 0x3B, 0x68, 0x9C, 0x21, 0xB4, 0xD6, 0x88, 0x49, 0x85, 0x7A, 0x26, 0x06, 0x42,
    0x37, 0x8F, 0xAC, 0x57, 0xEE, 0x30, 0xBA, 0xD9, 0x3F, 0xEB, 0x68, 0x7A, 0x91, 0xE3, 0xFC, 0x7B,
    0x52, 0x23, 0x3B, 0x89, 0x3B, 0x56, 0xED, 0x3C, 0xCA, 0x46, 0xDE, 0xF3, 0x05, 0xE3, 0x4C, 0xAC,
    0x85, 0x04, 0x32, 0x50, 0xC2, 0x4D, 0x22, 0x9F, 0x3A, 0xE2, 0x74, 0xA2, 0xBE, 0xBC, 0x62, 0x58,
    0x57, 0x56, 0xDD, 0xBA, 0x48, 0xB1, 0xD9, 0x86, 0x96, 0x83, 0x86, 0xDB, 0x7F, 0x2F, 0xCD, 0x7A,
    0xE4, 0x2F, 0xD6, 0x71, 0x11, 0xBA, 0x57, 0xAE, 0x42, 0x5B, 0xAB, 0x42, 0x1A, 0x14, 0x77, 0x77,
    0x9D, 0xF0, 0xF0, 0xBB, 0x61, 0x1A, 0x51, 0xF7, 0x28, 0x13, 0xFE, 0x03, 0x1A, 0xAC, 0x3A, 0x54,
    0x27, 0x1C, 0x1F, 0xCD, 0x69, 0xE2, 0xB7, 0xEF, 0xC9, 0x75, 0xFC, 0xD0, 0x67, 0x43, 0x6C, 0x06,
    0x6D, 0x6C, 0x2E, 0x88, 0x50, 0x42, 0x05, 0xE7, 0xB0, 0x81, 0x4B, 0x58, 0x53, 0xD8, 0xE6, 0xA9,
    0x48, 0x87, 0x22, 0x85, 0xFE, 0xB6, 0x66, 0x18, 0x46, 0x36, 0x0F, 0x1D, 0xE5, 0xB4, 0x63, 0xF5,
    0xB8, 0x34, 0xD5, 0x50, 0x4F, 0xD3, 0x93, 0xD9, 0x80, 0xBF, 0x75, 0xD1, 0x21, 0x8C, 0xE4, 0x54,
    0x1C, 0x80, 0xF1, 0xDF, 0xB4, 0xDC, 0x35, 0x61, 0x12, 0xDE, 0x09, 0x10, 0x20, 0xA8, 0x46, 0x1C,
    0xF5, 0xC9, 0xEE, 0xB4, 0x1E, 0x83, 0x39, 0x75, 0x16, 0x8F, 0x4F, 0x76, 0x6F, 0x8B, 0x37, 0x68,
    0x14, 0x7A, 0x11, 0x18, 0xC4, 0x89, 0x39, 0xE6, 0x85, 0xF3, 0xA1, 0x0E, 0x79, 0xA3, 0x41, 0xF0,
    0x44, 0xB9, 0x6C, 0xB8, 0x32, 0x8F, 0xBE, 0xCD, 0x66, 0x04, 0x09, 0x4D, 0xBE, 0xEF, 0xBD, 0x34,
    0xFF, 0xFF, 0x57, 0x51, 0x70, 0x89, 0x9B, 0x91, 0x90, 0xA8, 0xEE, 0xB0, 0xC7, 0x0E, 0x1D, 0x5A,
    0x55, 0x7E, 0x23, 0xBC, 0xCB, 0x43, 0x37, 0xF6, 0x5E, 0xE8, 0xEC, 0xF5, 0x16, 0xBB, 0x95, 0xEB,
    0x95, 0xC5, 0xAB, 0x3A, 0xE9, 0xF3, 0x24, 0x64, 0x7C, 0x09, 0x1F, 0xAF, 0xC7, 0x36, 0xBF, 0x4D,
    0x6E, 0x7E, 0xCF, 0x71, 0x2D, 0x76, 0x63, 0x33, 0xB9, 0x99, 0xC2, 0xE0, 0x6D, 0xDA, 0xA9, 0xA7,
    0x74, 0x21, 0x8C, 0xF3, 0x4B, 0x3B, 0xF3, 0x6C, 0x6F, 0x4E, 0x55, 0x92, 0x52, 0x13, 0x37, 0x29,
    0xB5, 0xEA, 0xE3, 0x7C, 0xA9, 0x89, 0x57, 0xB3, 0x30, 0xF4, 0x47, 0x3B, 0xED, 0x7D, 0xE2, 0x74,
    0x98, 0xEC, 0x0F, 0x27, 0x6C, 0x06, 0xF8, 0x0C, 0x3D, 0x32, 0x9B, 0x3C, 0xA8, 0xDF, 0x8C, 0x9A,
    0x5F, 0xA3, 0xF0, 0x45, 0xD4, 0x35, 0xD1, 0x45, 0x7D, 0xF4, 0xB2, 0x4E, 0xD6, 0x74, 0x75, 0xDC,
    0xA4, 0x3A, 0x9A, 0xC3, 0xE8, 0xAE, 0x65, 0xD9, 0xB1, 0xBF, 0xC9, 0x79, 0x39, 0xAC, 0xB8, 0x5D,
    0x9F, 0x2A, 0xE7, 0x7C, 0xD2, 0xDF, 0xFE, 0x90, 0xF4, 0xEA, 0xC9, 0x4E, 0x13, 0x5D, 0xDA, 0x46,
    0xD7, 0x42, 0xB4, 0x7F, 0xD0, 0x68, 0x51, 0x1A, 0xDA, 0x61, 0x55, 0x67, 0x33, 0x17, 0x95, 0x9D,
    0x2A, 0xD9, 0xA9, 0x1F, 0x74, 0xA9, 0x3E, 0xBA, 0x2A, 0x9D, 0x7D, 0xE9, 0x2C, 0xB6, 0x45, 0x21,
    0xBA, 0x73, 0x98, 0x43, 0x96, 0x8B, 0xCA, 0x77, 0xC9, 0x39, 0x73, 0xBA, 0xFD, 0x51, 0xC9, 0xB3,
    0xF3, 0x01, 0x3D, 0xB4, 0x23, 0x65, 0x85, 0xE6, 0x48, 0xA9, 0x52, 0xCD, 0xB0, 0xC0, 0x1D, 0xEA,
    0xE3, 0xC3, 0x88, 0x0E, 0xAE, 0xCF, 0xEF, 0x13, 0xB6, 0xD1, 0xA4, 0x1D, 0x36, 0x93, 0x5E, 0x1D,
    0x1D, 0x72, 0x3E, 0x6B, 0xC9, 0x79, 0x01, 0x9E, 0xE2, 0x0A, 0x89, 0x7A, 0x62, 0x3B, 0xD2, 0xE2,
    0x02, 0x77, 0x6C, 0x92, 0xB2, 0x2A, 0x0C, 0x7C, 0xFE, 0xFF, 0x93, 0x4F, 0x70, 0x79, 0xB8, 0x86,
    0xF7, 0x6F, 0xA1, 0xCB, 0xD0, 0x3F, 0x83, 0x2B, 0xB0, 0x80, 0x19, 0xAA, 0x04, 0xA5, 0xF1, 0x91,
    0x6D, 0xE4, 0x30, 0x84, 0x91, 0x6E, 0x6C, 0x11, 0xC6, 0x5D, 0x71, 0xBC, 0x50, 0xBC, 0xC7, 0x36,
    0x26, 0x34, 0xBF, 0x14, 0xD7, 0xAF, 0xA7, 0xE2, 0xDF, 0x62, 0xF1, 0x9F, 0x63, 0x71, 0x86, 0xEA,
    0x04, 0x9B, 0x05, 0x00, 0x5F, 0xD9, 0x7C, 0xAB, 0xC9, 0x63, 0xB7, 0x68, 0xFF, 0x48, 0xA7, 0x83,
    0xDE, 0xBB, 0x63, 0x3B, 0x5C, 0xE9, 0xC7, 0x30, 0xEC, 0xED, 0x14, 0x1F, 0xB4, 0xF6, 0x55, 0x1E,
    0x7B, 0x37, 0x5F, 0xBF, 0xFE, 0x6B, 0xD1, 0x9D, 0xE4, 0xD9, 0xE3, 0xEF, 0x7D, 0x32, 0x78, 0x84,
    0x30, 0x12, 0x06, 0x5A, 0x74, 0x0F, 0xF4, 0xD8, 0x3D, 0x70, 0x8D, 0x2B, 0xBC, 0x7A, 0xF6, 0x6C,
    0xC8, 0x39, 0xC7, 0x82, 0xC7, 0x27, 0xFA, 0x3C, 0x39, 0x3D, 0x4F, 0xD5, 0xBC, 0x99, 0xEB, 0x64,
    0x6E, 0x26, 0xF3, 0x36, 0x16, 0x36, 0x29, 0xC4, 0x2A, 0x85, 0xB1, 0x4E, 0x61, 0xA8, 0x53, 0x3B,
    0xD4, 0xC7, 0x4E, 0x3D, 0x75, 0x9A, 0xD8, 0xDB, 0xC6, 0x9D, 0x42, 0x88, 0xD7, 0xC2, 0x48, 0xF5,
    0x37, 0x42, 0x46, 0xFF, 0x1D, 0xAE, 0x61, 0xEF, 0xFC, 0xFB, 0xCF, 0x9A, 0xB1, 0x49, 0xA8, 0xCE,
    0xAA, 0xEF, 0x75, 0x3C, 0x6B, 0x42, 0x73, 0xAF, 0x88, 0xED, 0x59, 0xE1, 0x5E, 0xE3, 0x59, 0x03,
    0x3A, 0x78, 0x81, 0x9B, 0x05, 0x87, 0x04, 0xE0, 0x25, 0x4D, 0xFE, 0xE6, 0x18, 0x9E, 0xE7, 0xF8,
    0x9E, 0x9F, 0x41, 0x75, 0x24, 0x9C, 0x9A, 0x78, 0xD9, 0x65, 0x4F, 0xAA, 0x05, 0x8F, 0x10, 0x70,
    0x81, 0x9F, 0xB4, 0x39, 0x8F, 0x05, 0x5B, 0x7C, 0x8A, 0x2B, 0xFA, 0x9C, 0x57, 0x4E, 0xEA, 0x91,
    0x80, 0xA7, 0x80, 0xB0, 0xCE, 0xAD, 0x44, 0x80, 0xAE, 0xCC, 0xAD, 0x00, 0xCA, 0x8E, 0x9B, 0x15,
    0x00, 0x9A, 0xC8, 0x61, 0xB2, 0x3D, 0xD9, 0xE4, 0xF5, 0xB8, 0x23, 0x1C, 0x69, 0x4E, 0xE8, 0x66,
    0xAA, 0x8C, 0xCE, 0x79, 0xFF, 0x3F, 0xBD, 0x66, 0x54, 0x76, 0x6C, 0x72, 0xB9, 0xFC, 0x83, 0xC3,
    0x50, 0x28, 0xF7, 0xD2, 0xEB, 0xEE, 0xE8, 0x07, 0x3E, 0x04, 0x1C, 0xF2, 0x22, 0xAF, 0xC0, 0xBF,
    0x8D, 0x8F, 0x65, 0x41, 0x07, 0x31, 0x14, 0xC0, 0x7F, 0xB8, 0x2C, 0xCC, 0x05, 0x40, 0x76, 0x34,
    0xA0, 0xC9, 0x7D, 0xC4, 0x25, 0xC2, 0x85, 0x20, 0xC0, 0x1A, 0xDC, 0x22, 0x2C, 0xC2, 0x04, 0x77,
    0x77, 0x78, 0xE8, 0xDF, 0xF5, 0xB9, 0x0B, 0xE0, 0xBB, 0xE1, 0x84, 0xD7, 0xBE, 0x72, 0x62, 0xB7,
    0xF9, 0x01, 0xFF, 0x4B, 0xF7, 0xF0, 0x01, 0x02, 0x57, 0xBB, 0x24, 0x4B, 0xB4, 0x84, 0x5F, 0x8A,
    0xBB, 0x13, 0x09, 0x1D, 0xA8, 0x1C, 0x62, 0xF9, 0xEB, 0x58, 0x86, 0xE2, 0x9A, 0x4C, 0xAE, 0x91,
    0x7D, 0xC3, 0x3D, 0x06, 0xDF, 0x8F, 0x47, 0xCC, 0x84, 0xCF, 0xAE, 0xB5, 0xDF, 0xF9, 0x5E, 0x5A,
    0x59, 0xB1, 0x9A, 0x6D, 0x7A, 0xCD, 0xF9, 0xF6, 0xE5, 0xC7, 0xF7, 0x86, 0xEB, 0xE1, 0xE6, 0x94,
    0x6D, 0xDF, 0x1D, 0xF9, 0xCB, 0xFB, 0xEB, 0x55, 0xBF, 0xEA, 0x4D, 0xF4, 0x92, 0xEF, 0x91, 0x73,
    0xCD, 0xF5, 0xE6, 0xD3, 0xBB, 0xBC, 0x7F, 0xCE, 0x5F, 0xD7, 0x70, 0xF3, 0xED, 0xD7, 0x2F, 0xE7,
    0x99, 0x07, 0x46, 0x2C, 0x23, 0xEE, 0x9B, 0xD4, 0xC8, 0xA5, 0x1A, 0xFD, 0x54, 0xD9, 0xB3, 0x12,
    0xA7, 0x1F, 0x9C, 0x2C, 0xB9, 0xB3, 0xEF, 0xE0, 0x5F, 0x7C, 0xEC, 0x53, 0x15, 0x3F, 0xF1, 0x9D,
    0x7A, 0x9C, 0x5C, 0xC1, 0x14, 0x7C, 0x01, 0x62, 0x60, 0x60, 0x9B, 0x00, 0x28, 0x73, 0x0E, 0x30,
    0x23, 0x06, 0x02, 0x00, 0x8A, 0xBE, 0x0A, 0x0D, 0x82, 0x1C, 0x61, 0x8E, 0x90, 0x13, 0x24, 0x3B,
    0x97, 0x28, 0xE8, 0x55, 0xC2, 0xCE, 0x61, 0x0A, 0xC0, 0x5E, 0x20, 0x24, 0x47, 0x18, 0x28, 0x00,
    0x0B, 0xA0, 0x20, 0xB4, 0x28, 0x56, 0xA7, 0x99, 0x2E, 0x94, 0x85, 0xFF, 0x01, 0x1E, 0xCE, 0x9F,
    0x99, 0x9F, 0xD7, 0xAB, 0x66, 0x6F, 0xB3, 0xE6, 0x8A, 0xE3, 0x74, 0xEF, 0x2F, 0xD1, 0x5A, 0x4A,
    0x72, 0xF9, 0xB8, 0x24, 0x7D, 0xEA, 0xE3, 0x91, 0x40, 0x1F, 0x07, 0x82, 0x13, 0x43, 0xCD, 0xC9,
    0x54, 0x33, 0x32, 0x99, 0x19, 0x2D, 0xCC, 0xD6, 0x68, 0x51, 0x92, 0x05, 0x6E, 0xF0, 0x85, 0x66,
    0xC7, 0x9A, 0x51, 0x80, 0xE7, 0x37, 0x9C, 0xCB, 0xEE, 0xE9, 0x2E, 0x68, 0xAA, 0xA0, 0xCD, 0xDA,
    0xDC, 0x6D, 0xBA, 0xED, 0xC8, 0x5A, 0xFA, 0xED, 0x10, 0xF4, 0x55, 0xF0, 0x97, 0x10, 0x85, 0x18,
    0x08, 0x86, 0xFF, 0x82, 0xE9, 0x9E, 0x91, 0xD1, 0xAC, 0x0A, 0x52, 0x15, 0x6C, 0x6E, 0xF0, 0xED,
    0x51, 0x10, 0x01, 0x7E, 0x01,
};

static const EpdGlyph bitter_12_italicGlyphs[] = {
    { 0, 0, 0, 0, 0, 0, 0 }, // U+0000
    { 0, 0, 0, 0, 0, 0, 0 }, // U+0001
    { 0, 0, 0, 0, 0, 0, 0 }, // U+0002
    { 0, 0, 0, 0, 0, 0, 0 }, // U+0003
    { 0, 0, 0, 0, 0, 0, 0 }, // U+0004
    { 0, 0, 0, 0, 0, 0, 0 }, // U+0005
    { 0, 0, 0, 0, 0, 0, 0 }, // U+0006
    { 0, 0, 0, 0, 0, 0, 0 }, // U+0007
    { 0, 0, 0, 0, 0, 0, 0 }, // U+0008
    { 0, 0, 0, 0, 0, 0, 0 }, // U+0009
    { 0, 0, 0, 0, 0, 0, 0 }, // U+000A
    { 0, 0, 0, 0, 0, 0, 0 }, // U+000B
    { 0, 0, 0, 0, 0, 0, 0 }, // U+000C
    { 0, 0, 0, 0, 0, 0, 0 }, // U+000D
    { 0, 0, 0, 0, 0, 0, 0 }, // U+000E
    { 0, 0, 0, 0, 0, 0, 0 }, // U+000F
    { 0, 0, 0, 0, 0, 0, 0 }, // U+0010
    { 0, 0, 0, 0, 0, 0, 0 }, // U+0011
    { 0, 0, 0, 0, 0, 0, 0 }, // U+0012
    { 0, 0, 0, 0, 0, 0, 0 }, // U+0013
    { 0, 0, 0, 0, 0, 0, 0 }, // U+0014
    { 0, 0, 0, 0, 0, 0, 0 }, // U+0015
    { 0, 0, 0, 0, 0, 0, 0 }, // U+0016
    { 0, 0, 0, 0, 0, 0, 0 }, // U+0017
    { 0, 0, 0, 0, 0, 0, 0 }, // U+0018
    { 0, 0, 0, 0, 0, 0, 0 }, // U+0019
    { 0, 0, 0, 0, 0, 0, 0 }, // U+001A
    { 0, 0, 0, 0, 0, 0, 0 }, // U+001B
    { 0, 0, 0, 0, 0, 0, 0 }, // U+001C
    { 0, 0, 0, 0, 0, 0, 0 }, // U+001D
    { 0, 0, 0, 0, 0, 0, 0 }, // U+001E
    { 0, 0, 0, 0, 0, 0, 0 }, // U+001F
    { 0, 0, 75, 0, 0, 0, 0 }, // U+0020
    { 6, 19, 127, 1, 18, 29, 0 }, // !
    { 8, 8, 155, 3, 20, 16, 29 }, // "
    { 16, 18, 254, 0, 18, 72, 45 }, // #
    { 14, 25, 242, 1, 21, 88, 117 }, // $
    { 17, 19, 329, 2, 18, 81, 205 }, // %
    { 16, 19, 273, 1, 18, 76, 286 }, // &
    { 3, 8, 90, 3, 20, 6, 362 }, // '
    { 9, 26, 120, 0, 22, 59, 368 }, // (
    { 9, 26, 120, -1, 22, 59, 427 }, // )
    { 9, 9, 175, 2, 20, 21, 486 }, // *
    { 12, 13, 218, 1, 15, 39, 507 }, // +
    { 5, 7, 90, -1, 3, 9, 546 }, // ,
    { 8, 3, 163, 1, 9, 6, 555 }, // -
    { 4, 4, 92, 0, 3, 4, 561 }, // .
    { 12, 24, 122, -2, 21, 72, 565 }, // /
    { 14, 16, 253, 1, 15, 56, 637 }, // 0
    { 10, 14, 166, 0, 14, 35, 693 }, // 1
    { 13, 15, 223, 0, 15, 49, 728 }, // 2
    { 14, 19, 216, -1, 15, 67, 777 }, // 3
    { 15, 18, 230, -1, 15, 68, 844 }, // 4
    { 14, 19, 206, -1, 15, 67, 912 }, // 5
    { 14, 19, 236, 1, 18, 67, 979 }, // 6
    { 13, 19, 206, 1, 15, 62, 1046 }, // 7
    { 14, 19, 239, 1, 18, 67, 1108 }, // 8
    { 14, 19, 237, 0, 15, 67, 1175 }, // 9
    { 5, 13, 92, 0, 12, 17, 1242 }, // :
    { 6, 16, 92, -1, 12, 24, 1259 }, // ;
    { 12, 12, 208, 1, 15, 36, 1283 }, // <
    { 13, 7, 269, 2, 12, 23, 1319 }, // =
    { 13, 12, 208, 0, 15, 39, 1342 }, // >
    { 10, 19, 164, 1, 18, 48, 1381 }, // ?
    { 20, 20, 347, 1, 17, 100, 1429 }, // @
    { 17, 18, 272, -1, 18, 77, 1529 }, // A
    { 15, 18, 254, 0, 18, 68, 1606 }, // B
    { 15, 19, 248, 1, 18, 72, 1674 }, // C
    { 17, 18, 283, 0, 18, 77, 1746 }, // D
    { 15, 18, 241, 0, 18, 68, 1823 }, // E
    { 15, 18, 220, 0, 18, 68, 1891 }, // F
    { 17, 19, 285, 1, 18, 81, 1959 }, // G
    { 20, 18, 307, 0, 18, 90, 2040 }, // H
    { 10, 18, 141, 0, 18, 45, 2130 }, // I
    { 13, 22, 134, -3, 18, 72, 2175 }, // J
    { 18, 18, 276, 0, 18, 81, 2247 }, // K
    { 13, 18, 215, 0, 18, 59, 2328 }, // L
    { 23, 18, 344, 0, 18, 104, 2387 }, // M
    { 20, 18, 303, 0, 18, 90, 2491 }, // N
    { 17, 19, 289, 1, 18, 81, 2581 }, // O
    { 15, 18, 235, 0, 18, 68, 2662 }, // P
    { 18, 23, 290, 1, 18, 104, 2730 }, // Q
    { 15, 18, 256, 0, 18, 68, 2834 }, // R
    { 15, 19, 233, 0, 18, 72, 2902 }, // S
    { 15, 18, 232, 1, 18, 68, 2974 }, // T
    { 18, 19, 291, 2, 18, 86, 3042 }, // U
    { 18, 19, 274, 1, 18, 86, 3128 }, // V
    { 26, 19, 396, 1, 18, 124, 3214 }, // W
    { 19, 18, 273, -1, 18, 86, 3338 }, // X
    { 17, 18, 251, 1, 18, 77, 3424 }, // Y
    { 16, 18, 238, 0, 18, 72, 3501 }, // Z
    { 10, 25, 131, 0, 22, 63, 3573 }, // [
    { 5, 24, 123, 2, 21, 30, 3636 }, // <backslash>
    { 10, 25, 131, -1, 22, 63, 3666 }, // ]
    { 11, 9, 201, 1, 22, 25, 3729 }, // ^
    { 13, 3, 190, -2, -1, 10, 3754 }, // _
    { 7, 6, 154, 3, 21, 11, 3764 }, // `
    { 14, 15, 235, 0, 14, 53, 3775 }, // a
    { 13, 21, 229, 1, 20, 69, 3828 }, // b
    { 12, 15, 193, 0, 14, 45, 3897 }, // c
    { 15, 21, 235, 0, 20, 79, 3942 }, // d
    { 13, 15, 203, 0, 14, 49, 4021 }, // e
    { 15, 26, 135, -3, 20, 98, 4070 }, // f
    { 14, 20, 229, 0, 14, 70, 4168 }, // g
    { 13, 21, 238, 1, 20, 69, 4238 }, // h
    { 6, 21, 117, 1, 20, 32, 4307 }, // i
    { 10, 26, 111, -3, 20, 65, 4339 }, // j
    { 13, 20, 220, 1, 20, 65, 4404 }, // k
    { 6, 21, 111, 1, 20, 32, 4469 }, // l
    { 21, 15, 362, 1, 14, 79, 4501 }, // m
    { 14, 15, 244, 1, 14, 53, 4580 }, // n
    { 12, 15, 223, 1, 14, 45, 4633 }, // o
    { 16, 20, 236, -2, 14, 80, 4678 }, // p
    { 14, 20, 229, 0, 14, 70, 4758 }, // q
    { 11, 14, 166, 1, 14, 39, 4828 }, // r
    { 12, 15, 190, 0, 14, 45, 4867 }, // s
    { 9, 18, 148, 1, 17, 41, 4912 }, // t
    { 13, 15, 244, 1, 14, 49, 4953 }, // u
    { 15, 15, 208, 0, 14, 57, 5002 }, // v
    { 21, 15, 316, 0, 14, 79, 5059 }, // w
    { 15, 14, 216, -1, 14, 53, 5138 }, // x
    { 17, 20, 208, -2, 14, 85, 5191 }, // y
    { 13, 14, 191, -1, 14, 46, 5276 }, // z
    { 10, 25, 132, 0, 22, 63, 5322 }, // {
    { 7, 24, 127, 1, 21, 42, 5385 }, // |
    { 10, 25, 132, -1, 22, 63, 5427 }, // }
    { 13, 4, 258, 2, 11, 13, 5490 }, // ~
    { 0, 0, 0, 0, 0, 0, 5503 }, // U+007F
    { 0, 0, 0, 0, 0, 0, 0 }, // U+0080
    { 0, 0, 0, 0, 0, 0, 0 }, // U+0081
    { 0, 0, 0, 0, 0, 0, 0 }, // U+0082
    { 0, 0, 0, 0, 0, 0, 0 }, // U+0083
    { 0, 0, 0, 0, 0, 0, 0 }, // U+0084
    { 0, 0, 0, 0, 0, 0, 0 }, // U+0085
    { 0, 0, 0, 0, 0, 0, 0 }, // U+0086
    { 0, 0, 0, 0, 0, 0, 0 }, // U+0087
    { 0, 0, 0, 0, 0, 0, 0 }, // U+0088
    { 0, 0, 0, 0, 0, 0, 0 }, // U+0089
    { 0, 0, 0, 0, 0, 0, 0 }, // U+008A
    { 0, 0, 0, 0, 0, 0, 0 }, // U+008B
    { 0, 0, 0, 0, 0, 0, 0 }, // U+008C
    { 0, 0, 0, 0, 0, 0, 0 }, // U+008D
    { 0, 0, 0, 0, 0, 0, 0 }, // U+008E
    { 0, 0, 0, 0, 0, 0, 0 }, // U+008F
    { 0, 0, 0, 0, 0, 0, 0 }, // U+0090
    { 0, 0, 0, 0, 0, 0, 0 }, // U+0091
    { 0, 0, 0, 0, 0, 0, 0 }, // U+0092
    { 0, 0, 0, 0, 0, 0, 0 }, // U+0093
    { 0, 0, 0, 0, 0, 0, 0 }, // U+0094
    { 0, 0, 0, 0, 0, 0, 0 }, // U+0095
    { 0, 0, 0, 0, 0, 0, 0 }, // U+0096
    { 0, 0, 0, 0, 0, 0, 0 }, // U+0097
    { 0, 0, 0, 0, 0, 0, 0 }, // U+0098
    { 0, 0, 0, 0, 0, 0, 0 }, // U+0099
    { 0, 0, 0, 0, 0, 0, 0 }, // U+009A
    { 0, 0, 0, 0, 0, 0, 0 }, // U+009B
    { 0, 0, 0, 0, 0, 0, 0 }, // U+009C
    { 0, 0, 0, 0, 0, 0, 0 }, // U+009D
    { 0, 0, 0, 0, 0, 0, 0 }, // U+009E
    { 0, 0, 0, 0, 0, 0, 0 }, // U+009F
    { 0, 0, 75, 0, 0, 0, 0 }, // U+00A0
    { 7, 18, 127, 0, 12, 32, 0 }, // U+00A1
    { 12, 20, 219, 1, 19, 60, 32 }, // U+00A2
    { 16, 18, 260, 0, 18, 72, 92 }, // U+00A3
    { 14, 13, 258, 1, 14, 46, 164 }, // U+00A4
    { 16, 18, 276, 2, 18, 72, 210 }, // U+00A5
    { 7, 24, 127, 1, 21, 42, 282 }, // U+00A6
    { 13, 23, 219, 0, 18, 75, 324 }, // U+00A7
    { 9, 4, 176, 3, 19, 9, 399 }, // U+00A8
    { 19, 19, 350, 2, 18, 91, 408 }, // U+00A9
    { 11, 14, 194, 1, 18, 39, 499 }, // U+00AA
    { 11, 12, 193, 1, 13, 33, 538 }, // U+00AB
    { 13, 8, 258, 1, 10, 26, 571 }, // U+00AC
    { 0, 0, 0, 0, 0, 0, 597 }, // U+00AD
    { 16, 15, 290, 2, 19, 60, 597 }, // U+00AE
    { 8, 3, 162, 3, 19, 6, 657 }, // U+00AF
    { 8, 9, 166, 2, 19, 18, 663 }, // U+00B0
    { 14, 16, 227, 0, 16, 56, 681 }, // U+00B1
    { 9, 11, 140, 1, 20, 25, 737 }, // U+00B2
    { 9, 12, 144, 1, 20, 27, 762 }, // U+00B3
    { 7, 6, 148, 2, 21, 11, 789 }, // U+00B4
    { 14, 20, 274, 1, 14, 70, 800 }, // U+00B5
    { 15, 23, 238, 1, 18, 87, 870 }, // U+00B6
    { 4, 4, 92, 1, 10, 4, 957 }, // U+00B7
    { 7, 6, 142, -1, 0, 11, 961 }, // U+00B8
    { 6, 11, 110, 1, 20, 17, 972 }, // U+00B9
    { 12, 14, 177, 0, 18, 42, 989 }, // U+00BA
    { 11, 12, 193, 0, 13, 33, 1031 }, // U+00BB
    { 19, 19, 330, 1, 18, 91, 1064 }, // U+00BC
    { 19, 19, 334, 1, 18, 91, 1155 }, // U+00BD
    { 20, 19, 351, 1, 18, 95, 1246 }, // U+00BE
    { 10, 19, 162, -1, 14, 48, 1341 }, // U+00BF
    { 17, 24, 272, -1, 24, 102, 1389 }, // U+00C0
    { 17, 24, 272, -1, 24, 102, 1491 }, // U+00C1
    { 17, 23, 272, -1, 23, 98, 1593 }, // U+00C2
    { 17, 23, 272, -1, 23, 98, 1691 }, // U+00C3
    { 17, 22, 272, -1, 22, 94, 1789 }, // U+00C4
    { 17, 24, 272, -1, 24, 102, 1883 }, // U+00C5
    { 24, 18, 367, -1, 18, 108, 1985 }, // U+00C6
    { 15, 24, 248, 1, 18, 90, 2093 }, // U+00C7
    { 15, 24, 241, 0, 24, 90, 2183 }, // U+00C8
    { 15, 24, 241, 0, 24, 90, 2273 }, // U+00C9
    { 15, 23, 241, 0, 23, 87, 2363 }, // U+00CA
    { 15, 22, 241, 0, 22, 83, 2450 }, // U+00CB
    { 10, 24, 141, 0, 24, 60, 2533 }, // U+00CC
    { 10, 24, 141, 0, 24, 60, 2593 }, // U+00CD
    { 11, 23, 141, 0, 23, 64, 2653 }, // U+00CE
    { 11, 22, 141, 0, 22, 61, 2717 }, // U+00CF
    { 17, 18, 283, 0, 18, 77, 2778 }, // U+00D0
    { 20, 23, 303, 0, 23, 115, 2855 }, // U+00D1
    { 17, 25, 289, 1, 24, 107, 2970 }, // U+00D2
    { 17, 25, 289, 1, 24, 107, 3077 }, // U+00D3
    { 17, 24, 289, 1, 23, 102, 3184 }, // U+00D4
    { 17, 24, 289, 1, 23, 102, 3286 }, // U+00D5
    { 17, 23, 289, 1, 22, 98, 3388 }, // U+00D6
    { 12, 11, 208, 1, 14, 33, 3486 }, // U+00D7
    { 17, 22, 294, 1, 20, 94, 3519 }, // U+00D8
    { 18, 25, 291, 2, 24, 113, 3613 }, // U+00D9
    { 18, 25, 291, 2, 24, 113, 3726 }, // U+00DA
    { 18, 24, 291, 2, 23, 108, 3839 }, // U+00DB
    { 18, 23, 291, 2, 22, 104, 3947 }, // U+00DC
    { 17, 24, 251, 1, 24, 102, 4051 }, // U+00DD
    { 14, 18, 230, 0, 18, 63, 4153 }, // U+00DE
    { 19, 27, 255, -3, 20, 129, 4216 }, // U+00DF
    { 14, 22, 235, 0, 21, 77, 4345 }, // U+00E0
    { 14, 22, 235, 0, 21, 77, 4422 }, // U+00E1
    { 14, 22, 235, 0, 21, 77, 4499 }, // U+00E2
    { 14, 21, 235, 0, 20, 74, 4576 }, // U+00E3
    { 14, 20, 235, 0, 19, 70, 4650 }, // U+00E4
    { 14, 22, 235, 0, 21, 77, 4720 }, // U+00E5
    { 20, 15, 320, 0, 14, 75, 4797 }, // U+00E6
    { 12, 20, 193, 0, 14, 60, 4872 }, // U+00E7
    { 13, 22, 202, 0, 21, 72, 4932 }, // U+00E8
    { 13, 22, 202, 0, 21, 72, 5004 }, // U+00E9
    { 13, 22, 202, 0, 21, 72, 5076 }, // U+00EA
    { 13, 20, 202, 0, 19, 65, 5148 }, // U+00EB
    { 8, 22, 117, 1, 21, 44, 5213 }, // U+00EC
    { 8, 22, 117, 1, 21, 44, 5257 }, // U+00ED
    { 8, 22, 117, 1, 21, 44, 5301 }, // U+00EE
    { 8, 20, 118, 1, 19, 40, 5345 }, // U+00EF
    { 14, 21, 228, 0, 20, 74, 5385 }, // U+00F0
    { 14, 21, 244, 1, 20, 74, 5459 }, // U+00F1
    { 12, 22, 223, 1, 21, 66, 5533 }, // U+00F2
    { 12, 22, 223, 1, 21, 66, 5599 }, // U+00F3
    { 12, 22, 223, 1, 21, 66, 5665 }, // U+00F4
    { 13, 21, 223, 1, 20, 69, 5731 }, // U+00F5
    { 12, 20, 223, 1, 19, 60, 5800 }, // U+00F6
    { 12, 13, 269, 3, 15, 39, 5860 }, // U+00F7
    { 15, 19, 233, 0, 16, 72, 5899 }, // U+00F8
    { 13, 22, 244, 1, 21, 72, 5971 }, // U+00F9
    { 13, 22, 244, 1, 21, 72, 6043 }, // U+00FA
    { 13, 22, 244, 1, 21, 72, 6115 }, // U+00FB
    { 13, 20, 244, 1, 19, 65, 6187 }, // U+00FC
    { 17, 27, 208, -2, 21, 115, 6252 }, // U+00FD
    { 16, 26, 230, -2, 20, 104, 6367 }, // U+00FE
    { 17, 25, 208, -2, 19, 107, 6471 }, // U+00FF
    { 17, 22, 272, -1, 22, 94, 0 }, // U+0100
    { 14, 20, 235, 0, 19, 70, 94 }, // U+0101
    { 17, 23, 272, -1, 23, 98, 164 }, // U+0102
    { 14, 21, 235, 0, 20, 74, 262 }, // U+0103
    { 17, 24, 272, -1, 18, 102, 336 }, // U+0104
    { 14, 20, 235, 0, 14, 70, 438 }, // U+0105
    { 15, 25, 248, 1, 24, 94, 508 }, // U+0106
    { 12, 22, 193, 0, 21, 66, 602 }, // U+0107
    { 15, 24, 248, 1, 23, 90, 668 }, // U+0108
    { 13, 22, 193, 0, 21, 72, 758 }, // U+0109
    { 15, 24, 248, 1, 23, 90, 830 }, // U+010A
    { 12, 21, 193, 0, 20, 63, 920 }, // U+010B
    { 15, 25, 248, 1, 24, 94, 983 }, // U+010C
    { 13, 22, 193, 0, 21, 72, 1077 }, // U+010D
    { 17, 24, 283, 0, 24, 102, 1149 }, // U+010E
    { 19, 21, 235, 0, 20, 100, 1251 }, // U+010F
    { 17, 18, 283, 0, 18, 77, 1351 }, // U+0110
    { 16, 21, 236, 0, 20, 84, 1428 }, // U+0111
    { 15, 22, 241, 0, 22, 83, 1512 }, // U+0112
    { 13, 20, 202, 0, 19, 65, 1595 }, // U+0113
    { 15, 23, 241, 0, 23, 87, 1660 }, // U+0114
    { 13, 21, 202, 0, 20, 69, 1747 }, // U+0115
    { 15, 23, 241, 0, 23, 87, 1816 }, // U+0116
    { 13, 21, 202, 0, 20, 69, 1903 }, // U+0117
    { 15, 24, 241, 0, 18, 90, 1972 }, // U+0118
    { 13, 20, 202, 0, 14, 65, 2062 }, // U+0119
    { 15, 24, 241, 0, 24, 90, 2127 }, // U+011A
    { 13, 22, 202, 0, 21, 72, 2217 }, // U+011B
    { 17, 24, 285, 1, 23, 102, 2289 }, // U+011C
    { 14, 27, 229, 0, 21, 95, 2391 }, // U+011D
    { 17, 24, 285, 1, 23, 102, 2486 }, // U+011E
    { 14, 26, 229, 0, 20, 91, 2588 }, // U+011F
    { 17, 24, 285, 1, 23, 102, 2679 }, // U+0120
    { 14, 26, 229, 0, 20, 91, 2781 }, // U+0121
    { 17, 26, 285, 1, 18, 111, 2872 }, // U+0122
    { 14, 28, 229, 0, 22, 98, 2983 }, // U+0123
    { 20, 23, 307, 0, 23, 115, 3081 }, // U+0124
    { 14, 25, 238, 0, 24, 88, 3196 }, // U+0125
    { 20, 18, 307, 0, 18, 90, 3284 }, // U+0126
    { 13, 21, 238, 1, 20, 69, 3374 }, // U+0127
    { 11, 23, 141, 0, 23, 64, 3443 }, // U+0128
    { 9, 21, 117, 1, 20, 48, 3507 }, // U+0129
    { 11, 22, 141, 0, 22, 61, 3555 }, // U+012A
    { 8, 20, 117, 1, 19, 40, 3616 }, // U+012B
    { 11, 23, 141, 0, 23, 64, 3656 }, // U+012C
    { 9, 21, 117, 1, 20, 48, 3720 }, // U+012D
    { 10, 24, 141, 0, 18, 60, 3768 }, // U+012E
    { 8, 26, 117, -1, 20, 52, 3828 }, // U+012F
    { 10, 23, 141, 0, 23, 58, 3880 }, // U+0130
    { 5, 15, 117, 1, 14, 19, 3938 }, // U+0131
    { 18, 22, 275, 0, 18, 99, 3957 }, // U+0132
    { 14, 26, 230, 1, 20, 91, 4056 }, // U+0133
    { 14, 27, 134, -3, 23, 95, 4147 }, // U+0134
    { 12, 27, 111, -3, 21, 81, 4242 }, // U+0135
    { 18, 26, 276, 0, 18, 117, 4323 }, // U+0136
    { 13, 28, 220, 1, 20, 91, 4440 }, // U+0137
    { 14, 14, 226, 1, 14, 49, 4531 }, // U+0138
    { 13, 24, 215, 0, 24, 78, 4580 }, // U+0139
    { 8, 26, 111, 1, 25, 52, 4658 }, // U+013A
    { 13, 26, 215, 0, 18, 85, 4710 }, // U+013B
    { 8, 28, 111, -1, 20, 56, 4795 }, // U+013C
    { 14, 18, 215, 0, 18, 63, 4851 }, // U+013D
    { 10, 21, 111, 1, 20, 53, 4914 }, // U+013E
    { 13, 18, 215, 0, 18, 59, 4967 }, // U+013F
    { 9, 21, 145, 1, 20, 48, 5026 }, // U+0140
    { 14, 18, 224, 0, 18, 63, 5074 }, // U+0141
    { 9, 21, 129, 0, 20, 48, 5137 }, // U+0142
    { 20, 24, 303, 0, 24, 120, 5185 }, // U+0143
    { 14, 22, 244, 1, 21, 77, 5305 }, // U+0144
    { 20, 26, 303, 0, 18, 130, 5382 }, // U+0145
    { 14, 22, 244, 1, 14, 77, 5512 }, // U+0146
    { 20, 24, 303, 0, 24, 120, 5589 }, // U+0147
    { 14, 22, 244, 1, 21, 77, 5709 }, // U+0148
    { 17, 21, 298, 1, 20, 90, 5786 }, // U+0149
    { 20, 24, 302, 0, 18, 120, 5876 }, // U+014A
    { 13, 20, 240, 1, 14, 65, 5996 }, // U+014B
    { 17, 23, 289, 1, 22, 98, 6061 }, // U+014C
    { 12, 20, 223, 1, 19, 60, 6159 }, // U+014D
    { 17, 24, 289, 1, 23, 102, 6219 }, // U+014E
    { 12, 21, 223, 1, 20, 63, 6321 }, // U+014F
    { 17, 25, 289, 1, 24, 107, 6384 }, // U+0150
    { 13, 22, 223, 1, 21, 72, 6491 }, // U+0151
    { 22, 19, 367, 1, 18, 105, 6563 }, // U+0152
    { 22, 15, 351, 0, 14, 83, 6668 }, // U+0153
    { 15, 24, 256, 0, 24, 90, 6751 }, // U+0154
    { 11, 21, 166, 1, 21, 58, 6841 }, // U+0155
    { 15, 26, 256, 0, 18, 98, 6899 }, // U+0156
    { 12, 22, 166, 0, 14, 66, 6997 }, // U+0157
    { 15, 24, 256, 0, 24, 90, 7063 }, // U+0158
    { 11, 21, 166, 1, 21, 58, 7153 }, // U+0159
    { 15, 25, 233, 0, 24, 94, 7211 }, // U+015A
    { 12, 22, 199, 0, 21, 66, 7305 }, // U+015B
    { 15, 24, 233, 0, 23, 90, 7371 }, // U+015C
    { 12, 22, 199, 0, 21, 66, 7461 }, // U+015D
    { 15, 24, 233, 0, 18, 90, 7527 }, // U+015E
    { 12, 20, 199, 0, 14, 60, 7617 }, // U+015F
    { 15, 25, 233, 0, 24, 94, 7677 }, // U+0160
    { 13, 22, 199, 0, 21, 72, 7771 }, // U+0161
    { 15, 24, 232, 1, 18, 90, 7843 }, // U+0162
    { 9, 23, 148, 1, 17, 52, 7933 }, // U+0163
    { 15, 24, 232, 1, 24, 90, 7985 }, // U+0164
    { 11, 21, 148, 1, 20, 58, 8075 }, // U+0165
    { 15, 18, 232, 1, 18, 68, 8133 }, // U+0166
    { 10, 18, 148, 0, 17, 45, 8201 }, // U+0167
    { 18, 24, 291, 2, 23, 108, 8246 }, // U+0168
    { 13, 21, 244, 1, 20, 69, 8354 }, // U+0169
    { 18, 23, 291, 2, 22, 104, 8423 }, // U+016A
    { 13, 20, 244, 1, 19, 65, 8527 }, // U+016B
    { 18, 24, 291, 2, 23, 108, 8592 }, // U+016C
    { 13, 21, 244, 1, 20, 69, 8700 }, // U+016D
    { 18, 25, 291, 2, 24, 113, 8769 }, // U+016E
    { 13, 22, 244, 1, 21, 72, 8882 }, // U+016F
    { 18, 25, 291, 2, 24, 113, 8954 }, // U+0170
    { 13, 22, 244, 1, 21, 72, 9067 }, // U+0171
    { 18, 24, 291, 2, 18, 108, 9139 }, // U+0172
    { 13, 20, 244, 1, 14, 65, 9247 }, // U+0173
    { 26, 24, 396, 1, 23, 156, 9312 }, // U+0174
    { 21, 22, 316, 0, 21, 116, 9468 }, // U+0175
    { 17, 23, 251, 1, 23, 98, 9584 }, // U+0176
    { 17, 27, 208, -2, 21, 115, 9682 }, // U+0177
    { 17, 22, 251, 1, 22, 94, 9797 }, // U+0178
    { 16, 24, 238, 0, 24, 96, 9891 }, // U+0179
    { 13, 21, 191, -1, 21, 69, 9987 }, // U+017A
    { 16, 23, 238, 0, 23, 92, 10056 }, // U+017B
    { 13, 20, 191, -1, 20, 65, 10148 }, // U+017C
    { 16, 24, 238, 0, 24, 96, 10213 }, // U+017D
    { 13, 21, 191, -1, 21, 69, 10309 }, // U+017E
    { 16, 27, 150, -3, 20, 108, 10378 }, // U+017F
    { 18, 23, 292, 1, 22, 104, 0 }, // U+01A0
    { 14, 18, 229, 1, 17, 63, 104 }, // U+01A1
    { 18, 23, 294, 2, 22, 104, 167 }, // U+01AF
    { 16, 18, 244, 1, 17, 72, 271 }, // U+01B0
    { 33, 24, 510, 0, 24, 198, 343 }, // U+01C4
    { 30, 21, 474, 0, 21, 158, 541 }, // U+01C5
    { 27, 22, 426, 0, 21, 149, 699 }, // U+01C6
    { 23, 22, 344, 0, 18, 127, 848 }, // U+01C7
    { 21, 26, 326, 0, 20, 137, 975 }, // U+01C8
    { 13, 26, 224, 1, 20, 85, 1112 }, // U+01C9
    { 29, 22, 437, 0, 18, 160, 1197 }, // U+01CA
    { 26, 26, 414, 0, 20, 169, 1357 }, // U+01CB
    { 21, 26, 355, 1, 20, 137, 1526 }, // U+01CC
    { 17, 24, 272, -1, 24, 102, 1663 }, // U+01CD
    { 14, 22, 235, 0, 21, 77, 1765 }, // U+01CE
    { 11, 24, 141, 0, 24, 66, 1842 }, // U+01CF
    { 8, 22, 117, 1, 21, 44, 1908 }, // U+01D0
    { 17, 25, 289, 1, 24, 107, 1952 }, // U+01D1
    { 13, 22, 223, 1, 21, 72, 2059 }, // U+01D2
    { 18, 25, 291, 2, 24, 113, 2131 }, // U+01D3
    { 13, 22, 244, 1, 21, 72, 2244 }, // U+01D4
    { 18, 26, 291, 2, 25, 117, 2316 }, // U+01D5
    { 13, 23, 244, 1, 22, 75, 2433 }, // U+01D6
    { 18, 27, 291, 2, 26, 122, 2508 }, // U+01D7
    { 13, 23, 244, 1, 22, 75, 2630 }, // U+01D8
    { 18, 27, 291, 2, 26, 122, 2705 }, // U+01D9
    { 13, 23, 244, 1, 22, 75, 2827 }, // U+01DA
    { 18, 27, 291, 2, 26, 122, 2902 }, // U+01DB
    { 13, 23, 244, 1, 22, 75, 3024 }, // U+01DC
    { 17, 25, 285, 1, 24, 107, 3099 }, // U+01E6
    { 14, 27, 229, 0, 21, 95, 3206 }, // U+01E7
    { 17, 24, 289, 1, 18, 102, 3301 }, // U+01EA
    { 12, 20, 223, 1, 14, 60, 3403 }, // U+01EB
    { 33, 18, 510, 0, 18, 149, 3463 }, // U+01F1
    { 30, 18, 474, 0, 18, 135, 3612 }, // U+01F2
    { 27, 21, 426, 0, 20, 142, 3747 }, // U+01F3
    { 17, 28, 272, -1, 28, 119, 3889 }, // U+01FA
    { 14, 25, 235, 0, 24, 88, 4008 }, // U+01FB
    { 24, 24, 367, -1, 24, 144, 4096 }, // U+01FC
    { 20, 22, 320, 0, 21, 110, 4240 }, // U+01FD
    { 17, 26, 294, 1, 24, 111, 4350 }, // U+01FE
    { 15, 24, 233, 0, 21, 90, 4461 }, // U+01FF
    { 17, 24, 272, -1, 24, 102, 4551 }, // U+0200
    { 14, 22, 235, 0, 21, 77, 4653 }, // U+0201
    { 17, 23, 272, -1, 23, 98, 4730 }, // U+0202
    { 14, 21, 235, 0, 20, 74, 4828 }, // U+0203
    { 15, 24, 241, 0, 24, 90, 4902 }, // U+0204
    { 13, 22, 202, 0, 21, 72, 4992 }, // U+0205
    { 15, 23, 241, 0, 23, 87, 5064 }, // U+0206
    { 13, 21, 202, 0, 20, 69, 5151 }, // U+0207
    { 10, 24, 141, 0, 24, 60, 5220 }, // U+0208
    { 9, 22, 117, 0, 21, 50, 5280 }, // U+0209
    { 10, 23, 141, 0, 23, 58, 5330 }, // U+020A
    { 8, 21, 117, 1, 20, 42, 5388 }, // U+020B
    { 17, 25, 289, 1, 24, 107, 5430 }, // U+020C
    { 12, 22, 223, 1, 21, 66, 5537 }, // U+020D
    { 17, 24, 289, 1, 23, 102, 5603 }, // U+020E
    { 12, 21, 223, 1, 20, 63, 5705 }, // U+020F
    { 15, 24, 256, 0, 24, 90, 5768 }, // U+0210
    { 11, 21, 166, 1, 21, 58, 5858 }, // U+0211
    { 15, 23, 256, 0, 23, 87, 5916 }, // U+0212
    { 11, 20, 166, 1, 20, 55, 6003 }, // U+0213
    { 18, 25, 291, 2, 24, 113, 6058 }, // U+0214
    { 13, 22, 244, 1, 21, 72, 6171 }, // U+0215
    { 18, 24, 291, 2, 23, 108, 6243 }, // U+0216
    { 13, 21, 244, 1, 20, 69, 6351 }, // U+0217
    { 15, 26, 233, 0, 18, 98, 6420 }, // U+0218
    { 12, 22, 199, 0, 14, 66, 6518 }, // U+0219
    { 15, 26, 232, 1, 18, 98, 6584 }, // U+021A
    { 9, 25, 148, 1, 17, 57, 6682 }, // U+021B
    { 7, 6, 0, 3, 21, 11, 0 }, // U+0300
    { 7, 6, 0, 2, 21, 11, 11 }, // U+0301
    { 9, 6, 0, 3, 21, 14, 22 }, // U+0302
    { 10, 4, 0, 3, 20, 10, 36 }, // U+0303
    { 8, 3, 0, 3, 19, 6, 46 }, // U+0304
    { 8, 5, 0, 3, 20, 10, 52 }, // U+0306
    { 4, 5, 0, 2, 20, 5, 62 }, // U+0307
    { 8, 4, 0, 3, 19, 8, 67 }, // U+0308
    { 6, 6, 0, 3, 21, 9, 75 }, // U+0309
    { 7, 6, 0, 3, 21, 11, 84 }, // U+030A
    { 9, 6, 0, 2, 21, 14, 95 }, // U+030B
    { 9, 6, 0, 3, 21, 14, 109 }, // U+030C
    { 9, 6, 0, 3, 21, 14, 123 }, // U+030F
    { 8, 5, 0, 2, 20, 10, 137 }, // U+0311
    { 4, 7, 0, 3, 22, 7, 147 }, // U+0312
    { 5, 6, 0, 1, 17, 8, 154 }, // U+031B
    { 4, 5, 0, 0, -1, 5, 162 }, // U+0323
    { 8, 4, 0, 0, -2, 8, 167 }, // U+0324
    { 5, 7, 0, -1, -1, 9, 175 }, // U+0326
    { 7, 6, 0, -1, 0, 11, 184 }, // U+0327
    { 7, 7, 0, -1, 1, 13, 195 }, // U+0328
    { 8, 5, 0, 0, -1, 10, 208 }, // U+032E
    { 7, 3, 0, 0, -2, 6, 218 }, // U+0331
    { 10, 3, 0, 1, 9, 8, 224 }, // U+0335
    { 0, 0, 0, 0, 0, 0, 232 }, // U+034F
    { 8, 19, 114, -1, 14, 38, 0 }, // U+037E
    { 5, 6, 84, 2, 21, 8, 38 }, // U+0384
    { 10, 6, 268, 5, 21, 15, 46 }, // U+0385
    { 18, 19, 345, 0, 19, 86, 61 }, // U+0386
    { 4, 4, 114, 2, 14, 4, 147 }, // U+0387
    { 18, 19, 249, -2, 19, 86, 151 }, // U+0388
    { 24, 19, 317, -2, 19, 114, 237 }, // U+0389
    { 13, 19, 147, -2, 19, 62, 351 }, // U+038A
    { 19, 19, 297, -1, 19, 91, 413 }, // U+038C
    { 21, 19, 250, -3, 19, 100, 504 }, // U+038E
    { 21, 19, 306, -2, 19, 100, 604 }, // U+038F
    { 11, 21, 112, 0, 21, 58, 704 }, // U+0390
    { 18, 18, 345, 0, 18, 81, 762 }, // U+0391
    { 17, 18, 262, -1, 18, 77, 843 }, // U+0392
    { 17, 18, 232, -1, 18, 77, 920 }, // U+0393
    { 17, 18, 266, -2, 18, 77, 997 }, // U+0394
    { 17, 18, 249, -1, 18, 77, 1074 }, // U+0395
    { 17, 18, 230, -1, 18, 77, 1151 }, // U+0396
    { 23, 18, 317, -1, 18, 104, 1228 }, // U+0397
    { 17, 18, 297, 1, 18, 77, 1332 }, // U+0398
    { 12, 18, 147, -1, 18, 54, 1409 }, // U+0399
    { 20, 18, 291, -1, 18, 90, 1463 }, // U+039A
    { 19, 18, 282, -2, 18, 86, 1553 }, // U+039B
    { 26, 18, 375, -1, 18, 117, 1639 }, // U+039C
    { 22, 18, 305, -1, 18, 99, 1756 }, // U+039D
    { 19, 18, 266, -1, 18, 86, 1855 }, // U+039E
    { 17, 18, 297, 1, 18, 77, 1941 }, // U+039F
    { 23, 18, 317, -1, 18, 104, 2018 }, // U+03A0
    { 17, 18, 248, -1, 18, 77, 2122 }, // U+03A1
    { 17, 18, 213, -2, 18, 77, 2199 }, // U+03A3
    { 17, 18, 245, 1, 18, 77, 2276 }, // U+03A4
    { 17, 18, 250, 1, 18, 77, 2353 }, // U+03A5
    { 20, 18, 331, 1, 18, 90, 2430 }, // U+03A6
    { 21, 18, 264, -2, 18, 95, 2520 }, // U+03A7
    { 21, 18, 352, 3, 18, 95, 2615 }, // U+03A8
    { 19, 18, 306, 0, 18, 86, 2710 }, // U+03A9
    { 13, 23, 147, -1, 23, 75, 2796 }, // U+03AA
    { 17, 23, 250, 1, 23, 98, 2871 }, // U+03AB
    { 16, 21, 255, 1, 21, 84, 2969 }, // U+03AC
    { 13, 21, 198, 0, 21, 69, 3053 }, // U+03AD
    { 14, 27, 229, 1, 21, 95, 3122 }, // U+03AE
    { 9, 21, 112, 0, 21, 48, 3217 }, // U+03AF
    { 13, 21, 220, 1, 21, 69, 3265 }, // U+03B0
    { 16, 14, 255, 1, 14, 56, 3334 }, // U+03B1
    { 15, 26, 241, -1, 20, 98, 3390 }, // U+03B2
    { 13, 20, 219, 1, 14, 65, 3488 }, // U+03B3
    { 14, 20, 216, 0, 20, 70, 3553 }, // U+03B4
    { 13, 14, 198, 0, 14, 46, 3623 }, // U+03B5
    { 13, 27, 172, 0, 21, 88, 3669 }, // U+03B6
    { 14, 20, 229, 1, 14, 70, 3757 }, // U+03B7
    { 14, 20, 242, 1, 20, 70, 3827 }, // U+03B8
    { 6, 14, 112, 0, 14, 21, 3897 }, // U+03B9
    { 15, 14, 229, 0, 14, 53, 3918 }, // U+03BA
    { 14, 20, 222, -1, 20, 70, 3971 }, // U+03BB
    { 15, 20, 230, -1, 14, 75, 4041 }, // U+03BC
    { 13, 14, 219, 1, 14, 46, 4116 }, // U+03BD
    { 13, 27, 199, 1, 21, 88, 4162 }, // U+03BE
    { 13, 14, 230, 1, 14, 46, 4250 }, // U+03BF
    { 17, 14, 258, 1, 14, 60, 4296 }, // U+03C0
    { 16, 20, 230, -2, 14, 80, 4356 }, // U+03C1
    { 12, 20, 194, 1, 14, 60, 4436 }, // U+03C2
    { 16, 14, 233, 0, 14, 56, 4496 }, // U+03C3
    { 13, 14, 202, 1, 14, 46, 4552 }, // U+03C4
    { 12, 14, 220, 1, 14, 42, 4598 }, // U+03C5
    { 18, 20, 287, 0, 14, 90, 4640 }, // U+03C6
    { 18, 20, 224, -2, 14, 90, 4730 }, // U+03C7
    { 17, 26, 291, 1, 20, 111, 4820 }, // U+03C8
    { 18, 15, 320, 1, 15, 68, 4931 }, // U+03C9
    { 9, 19, 112, 0, 19, 43, 4999 }, // U+03CA
    { 12, 19, 220, 1, 19, 57, 5042 }, // U+03CB
    { 13, 21, 230, 1, 21, 69, 5099 }, // U+03CC
    { 12, 21, 220, 1, 21, 63, 5168 }, // U+03CD
    { 18, 21, 320, 1, 21, 95, 5231 }, // U+03CE
    { 15, 24, 241, 0, 24, 90, 0 }, // U+0400
    { 15, 22, 241, 0, 22, 83, 90 }, // U+0401
    { 17, 19, 296, 1, 18, 81, 173 }, // U+0402
    { 15, 24, 220, 0, 24, 90, 254 }, // U+0403
    { 16, 19, 256, 1, 18, 76, 344 }, // U+0404
    { 15, 19, 233, 0, 18, 72, 420 }, // U+0405
    { 10, 18, 141, 0, 18, 45, 492 }, // U+0406
    { 11, 22, 141, 0, 22, 61, 537 }, // U+0407
    { 13, 22, 134, -3, 18, 72, 598 }, // U+0408
    { 24, 19, 378, -1, 18, 114, 670 }, // U+0409
    { 24, 18, 397, 0, 18, 108, 784 }, // U+040A
    { 18, 18, 315, 1, 18, 81, 892 }, // U+040B
    { 18, 24, 276, 0, 24, 108, 973 }, // U+040C
    { 20, 24, 308, 0, 24, 120, 1081 }, // U+040D
    { 18, 24, 266, 1, 23, 108, 1201 }, // U+040E
    { 20, 23, 300, 0, 18, 115, 1309 }, // U+040F
    { 17, 18, 272, -1, 18, 77, 1424 }, // U+0410
    { 15, 18, 246, 0, 18, 68, 1501 }, // U+0411
    { 15, 18, 254, 0, 18, 68, 1569 }, // U+0412
    { 15, 18, 220, 0, 18, 68, 1637 }, // U+0413
    { 20, 23, 274, -2, 18, 115, 1705 }, // U+0414
    { 15, 18, 241, 0, 18, 68, 1820 }, // U+0415
    { 26, 18, 396, -1, 18, 117, 1888 }, // U+0416
    { 14, 19, 229, 0, 18, 67, 2005 }, // U+0417
    { 20, 18, 308, 0, 18, 90, 2072 }, // U+0418
    { 20, 23, 308, 0, 23, 115, 2162 }, // U+0419
    { 18, 18, 276, 0, 18, 81, 2277 }, // U+041A
    { 19, 19, 279, -1, 18, 91, 2358 }, // U+041B
    { 23, 18, 344, 0, 18, 104, 2449 }, // U+041C
    { 20, 18, 307, 0, 18, 90, 2553 }, // U+041D
    { 17, 19, 289, 1, 18, 81, 2643 }, // U+041E
    { 20, 18, 302, 0, 18, 90, 2724 }, // U+041F
    { 15, 18, 235, 0, 18, 68, 2814 }, // U+0420
    { 15, 19, 248, 1, 18, 72, 2882 }, // U+0421
    { 15, 18, 232, 1, 18, 68, 2954 }, // U+0422
    { 18, 19, 266, 1, 18, 86, 3022 }, // U+0423
    { 18, 20, 307, 1, 19, 90, 3108 }, // U+0424
    { 19, 18, 273, -1, 18, 86, 3198 }, // U+0425
    { 20, 23, 305, 0, 18, 115, 3284 }, // U+0426
    { 17, 18, 274, 1, 18, 77, 3399 }, // U+0427
    { 26, 18, 403, 0, 18, 117, 3476 }, // U+0428
    { 26, 23, 408, 0, 18, 150, 3593 }, // U+0429
    { 16, 18, 286, 1, 18, 72, 3743 }, // U+042A
    { 23, 18, 356, 0, 18, 104, 3815 }, // U+042B
    { 14, 18, 240, 0, 18, 63, 3919 }, // U+042C
    { 16, 19, 257, 0, 18, 76, 3982 }, // U+042D
    { 25, 19, 405, 0, 18, 119, 4058 }, // U+042E
    { 18, 18, 252, -1, 18, 81, 4177 }, // U+042F
    { 14, 15, 235, 0, 14, 53, 4258 }, // U+0430
    { 15, 21, 236, 1, 20, 79, 4311 }, // U+0431
    { 12, 15, 218, 1, 14, 45, 4390 }, // U+0432
    { 14, 14, 188, -1, 14, 49, 4435 }, // U+0433
    { 14, 21, 237, 0, 20, 74, 4484 }, // U+0434
    { 13, 15, 202, 0, 14, 49, 4558 }, // U+0435
    { 25, 15, 366, -1, 14, 94, 4607 }, // U+0436
    { 12, 15, 193, 0, 14, 45, 4701 }, // U+0437
    { 13, 15, 244, 1, 14, 49, 4746 }, // U+0438
    { 13, 21, 244, 1, 20, 69, 4795 }, // U+0439
    { 14, 14, 227, 1, 14, 49, 4864 }, // U+043A
    { 15, 15, 225, -2, 14, 57, 4913 }, // U+043B
    { 19, 15, 301, -1, 14, 72, 4970 }, // U+043C
    { 14, 15, 250, 1, 14, 53, 5042 }, // U+043D
    { 12, 15, 223, 1, 14, 45, 5095 }, // U+043E
    { 18, 15, 255, -1, 14, 68, 5140 }, // U+043F
    { 16, 20, 236, -2, 14, 80, 5208 }, // U+0440
    { 12, 15, 193, 0, 14, 45, 5288 }, // U+0441
    { 21, 15, 362, 1, 14, 79, 5333 }, // U+0442
    { 17, 20, 208, -2, 14, 85, 5412 }, // U+0443
    { 17, 26, 278, 0, 20, 111, 5497 }, // U+0444
    { 15, 14, 216, -1, 14, 53, 5608 }, // U+0445
    { 14, 19, 251, 1, 14, 67, 5661 }, // U+0446
    { 14, 15, 229, 0, 14, 53, 5728 }, // U+0447
    { 21, 15, 374, 1, 14, 79, 5781 }, // U+0448
    { 21, 19, 373, 1, 14, 100, 5860 }, // U+0449
    { 14, 14, 238, 0, 14, 49, 5960 }, // U+044A
    { 17, 15, 307, 1, 14, 64, 6009 }, // U+044B
    { 11, 14, 202, 1, 14, 39, 6073 }, // U+044C
    { 12, 15, 202, 0, 14, 45, 6112 }, // U+044D
    { 19, 15, 326, 1, 14, 72, 6157 }, // U+044E
    { 13, 15, 213, -1, 14, 49, 6229 }, // U+044F
    { 13, 22, 202, 0, 21, 72, 6278 }, // U+0450
    { 13, 20, 202, 0, 19, 65, 6350 }, // U+0451
    { 12, 26, 227, 1, 20, 78, 6415 }, // U+0452
    { 14, 21, 188, -1, 21, 74, 6493 }, // U+0453
    { 12, 15, 198, 1, 14, 45, 6567 }, // U+0454
    { 12, 15, 199, 0, 14, 45, 6612 }, // U+0455
    { 6, 21, 117, 1, 20, 32, 6657 }, // U+0456
    { 8, 20, 118, 1, 19, 40, 6689 }, // U+0457
    { 10, 26, 111, -3, 20, 65, 6729 }, // U+0458
    { 21, 15, 306, -2, 14, 79, 6794 }, // U+0459
    { 19, 15, 327, 1, 14, 72, 6873 }, // U+045A
    { 13, 21, 238, 1, 20, 69, 6945 }, // U+045B
    { 14, 21, 227, 1, 21, 74, 7014 }, // U+045C
    { 13, 22, 244, 1, 21, 72, 7088 }, // U+045D
    { 17, 26, 208, -2, 20, 111, 7160 }, // U+045E
    { 13, 20, 243, 1, 14, 65, 7271 }, // U+045F
    { 16, 18, 282, 1, 18, 72, 7336 }, // U+0462
    { 18, 15, 308, 1, 14, 68, 7408 }, // U+0463
    { 25, 18, 388, -1, 18, 113, 7476 }, // U+046A
    { 21, 14, 312, -2, 14, 74, 7589 }, // U+046B
    { 17, 19, 292, 1, 18, 81, 7663 }, // U+0472
    { 13, 15, 223, 0, 14, 49, 7744 }, // U+0473
    { 19, 19, 286, 1, 18, 91, 7793 }, // U+0474
    { 16, 15, 228, 0, 14, 60, 7884 }, // U+0475
    { 19, 25, 286, 1, 24, 119, 7944 }, // U+0476
    { 16, 22, 228, 0, 21, 88, 8063 }, // U+0477
    { 20, 23, 311, 0, 18, 115, 8151 }, // U+048A
    { 14, 25, 247, 1, 20, 88, 8266 }, // U+048B
    { 15, 18, 244, 0, 18, 68, 8354 }, // U+048C
    { 11, 20, 202, 1, 20, 55, 8422 }, // U+048D
    { 15, 18, 235, 0, 18, 68, 8477 }, // U+048E
    { 16, 20, 237, -2, 14, 80, 8545 }, // U+048F
    { 16, 22, 208, 0, 22, 88, 8625 }, // U+0490
    { 16, 22, 175, -3, 16, 88, 8713 }, // U+0491
    { 15, 18, 220, 0, 18, 68, 8801 }, // U+0492
    { 13, 14, 194, 0, 14, 46, 8869 }, // U+0493
    { 15, 20, 256, 0, 18, 75, 8915 }, // U+0494
    { 12, 20, 219, 1, 14, 60, 8990 }, // U+0495
    { 26, 23, 402, -1, 18, 150, 9050 }, // U+0496
    { 25, 19, 368, -1, 14, 119, 9200 }, // U+0497
    { 14, 23, 229, 0, 18, 81, 9319 }, // U+0498
    { 12, 19, 193, 0, 14, 57, 9400 }, // U+0499
    { 18, 23, 284, 0, 18, 104, 9457 }, // U+049A
    { 14, 19, 234, 1, 14, 67, 9561 }, // U+049B
    { 19, 18, 291, 0, 18, 86, 9628 }, // U+049C
    { 15, 14, 241, 1, 14, 53, 9714 }, // U+049D
    { 19, 18, 281, 0, 18, 86, 9767 }, // U+049E
    { 14, 20, 222, 1, 20, 70, 9853 }, // U+049F
    { 18, 18, 276, 0, 18, 81, 9923 }, // U+04A0
    { 17, 14, 266, 0, 14, 60, 10004 }, // U+04A1
    { 20, 23, 311, 0, 18, 115, 10064 }, // U+04A2
    { 14, 19, 257, 1, 14, 67, 10179 }, // U+04A3
    { 25, 18, 377, 0, 18, 113, 10246 }, // U+04A4
    { 20, 15, 320, 1, 14, 75, 10359 }, // U+04A5
    { 24, 21, 399, 0, 18, 126, 10434 }, // U+04A6
    { 19, 20, 339, 1, 14, 95, 10560 }, // U+04A7
    { 19, 19, 337, 1, 18, 91, 10655 }, // U+04A8
    { 16, 15, 279, 0, 14, 60, 10746 }, // U+04A9
    { 15, 23, 251, 1, 18, 87, 10806 }, // U+04AA
    { 12, 19, 194, 0, 14, 57, 10893 }, // U+04AB
    { 15, 23, 232, 1, 18, 87, 10950 }, // U+04AC
    { 22, 19, 377, 1, 14, 105, 11037 }, // U+04AD
    { 17, 18, 251, 1, 18, 77, 11142 }, // U+04AE
    { 15, 20, 212, 0, 14, 75, 11219 }, // U+04AF
    { 17, 18, 250, 1, 18, 77, 11294 }, // U+04B0
    { 15, 20, 214, 0, 14, 75, 11371 }, // U+04B1
    { 19, 23, 282, -1, 18, 110, 11446 }, // U+04B2
    { 15, 19, 222, -1, 14, 72, 11556 }, // U+04B3
    { 22, 23, 356, 1, 18, 127, 11628 }, // U+04B4
    { 18, 19, 294, 0, 14, 86, 11755 }, // U+04B5
    { 17, 23, 272, 1, 18, 98, 11841 }, // U+04B6
    { 14, 19, 237, 0, 14, 67, 11939 }, // U+04B7
    { 17, 18, 276, 1, 18, 77, 12006 }, // U+04B8
    { 14, 15, 232, 0, 14, 53, 12083 }, // U+04B9
    { 16, 18, 271, 0, 18, 72, 12136 }, // U+04BA
    { 13, 21, 238, 1, 20, 69, 12208 }, // U+04BB
    { 19, 19, 323, 1, 18, 91, 12277 }, // U+04BC
    { 16, 15, 248, 0, 14, 60, 12368 }, // U+04BD
    { 19, 23, 326, 1, 18, 110, 12428 }, // U+04BE
    { 16, 19, 249, 0, 14, 76, 12538 }, // U+04BF
    { 10, 18, 141, 0, 18, 45, 12614 }, // U+04C0
    { 26, 23, 396, -1, 23, 150, 12659 }, // U+04C1
    { 25, 21, 366, -1, 20, 132, 12809 }, // U+04C2
    { 18, 25, 269, 0, 18, 113, 12941 }, // U+04C3
    { 14, 20, 226, 1, 14, 70, 13054 }, // U+04C4
    { 19, 23, 281, -1, 18, 110, 13124 }, // U+04C5
    { 16, 19, 225, -2, 14, 76, 13234 }, // U+04C6
    { 20, 24, 302, 0, 18, 120, 13310 }, // U+04C7
    { 14, 20, 244, 1, 14, 70, 13430 }, // U+04C8
    { 20, 23, 310, 0, 18, 115, 13500 }, // U+04C9
    { 14, 19, 250, 1, 14, 67, 13615 }, // U+04CA
    { 17, 23, 271, 1, 18, 98, 13682 }, // U+04CB
    { 13, 19, 229, 0, 14, 62, 13780 }, // U+04CC
    { 23, 23, 347, 0, 18, 133, 13842 }, // U+04CD
    { 19, 19, 301, -1, 14, 91, 13975 }, // U+04CE
    { 6, 21, 111, 1, 20, 32, 14066 }, // U+04CF
    { 17, 23, 272, -1, 23, 98, 14098 }, // U+04D0
    { 14, 21, 235, 0, 20, 74, 14196 }, // U+04D1
    { 17, 22, 272, -1, 22, 94, 14270 }, // U+04D2
    { 14, 20, 235, 0, 19, 70, 14364 }, // U+04D3
    { 24, 18, 367, -1, 18, 108, 14434 }, // U+04D4
    { 20, 15, 320, 0, 14, 75, 14542 }, // U+04D5
    { 15, 23, 241, 0, 23, 87, 14617 }, // U+04D6
    { 13, 21, 202, 0, 20, 69, 14704 }, // U+04D7
    { 15, 19, 267, 1, 18, 72, 14773 }, // U+04D8
    { 12, 15, 202, 0, 14, 45, 14845 }, // U+04D9
    { 15, 23, 271, 1, 22, 87, 14890 }, // U+04DA
    { 12, 20, 202, 0, 19, 60, 14977 }, // U+04DB
    { 26, 22, 396, -1, 22, 143, 15037 }, // U+04DC
    { 25, 20, 366, -1, 19, 125, 15180 }, // U+04DD
    { 14, 23, 229, 0, 22, 81, 15305 }, // U+04DE
    { 12, 20, 193, 0, 19, 60, 15386 }, // U+04DF
    { 14, 19, 222, 0, 18, 67, 15446 }, // U+04E0
    { 14, 20, 189, -2, 14, 70, 15513 }, // U+04E1
    { 20, 22, 308, 0, 22, 110, 15583 }, // U+04E2
    { 13, 20, 244, 1, 19, 65, 15693 }, // U+04E3
    { 20, 22, 308, 0, 22, 110, 15758 }, // U+04E4
    { 13, 20, 244, 1, 19, 65, 15868 }, // U+04E5
    { 17, 23, 289, 1, 22, 98, 15933 }, // U+04E6
    { 12, 20, 223, 1, 19, 60, 16031 }, // U+04E7
    { 17, 19, 292, 1, 18, 81, 16091 }, // U+04E8
    { 13, 15, 223, 0, 14, 49, 16172 }, // U+04E9
    { 17, 23, 292, 1, 22, 98, 16221 }, // U+04EA
    { 13, 20, 223, 0, 19, 65, 16319 }, // U+04EB
    { 16, 23, 257, 0, 22, 92, 16384 }, // U+04EC
    { 12, 20, 202, 0, 19, 60, 16476 }, // U+04ED
    { 18, 23, 266, 1, 22, 104, 16536 }, // U+04EE
    { 17, 25, 208, -2, 19, 107, 16640 }, // U+04EF
    { 18, 23, 266, 1, 22, 104, 16747 }, // U+04F0
    { 17, 25, 208, -2, 19, 107, 16851 }, // U+04F1
    { 18, 25, 266, 1, 24, 113, 16958 }, // U+04F2
    { 17, 27, 208, -2, 21, 115, 17071 }, // U+04F3
    { 17, 22, 274, 1, 22, 94, 17186 }, // U+04F4
    { 14, 20, 229, 0, 19, 70, 17280 }, // U+04F5
    { 15, 23, 220, 0, 18, 87, 17350 }, // U+04F6
    { 12, 19, 192, 0, 14, 57, 17437 }, // U+04F7
    { 23, 22, 356, 0, 22, 127, 17494 }, // U+04F8
    { 17, 20, 307, 1, 19, 85, 17621 }, // U+04F9
    { 15, 24, 224, 0, 18, 90, 17706 }, // U+04FA
    { 13, 20, 194, 0, 14, 65, 17796 }, // U+04FB
    { 19, 25, 268, -1, 18, 119, 17861 }, // U+04FC
    { 15, 20, 208, -1, 14, 75, 17980 }, // U+04FD
    { 19, 18, 273, -1, 18, 86, 18055 }, // U+04FE
    { 16, 14, 219, -1, 14, 56, 18141 }, // U+04FF
    { 0, 0, 200, 0, 0, 0, 0 }, // U+2007
    { 0, 0, 92, 0, 0, 0, 0 }, // U+2008
    { 0, 0, 38, 0, 0, 0, 0 }, // U+2009
    { 0, 0, 40, 0, 0, 0, 0 }, // U+200A
    { 0, 0, 0, 0, 0, 0, 0 }, // U+200B
    { 0, 0, 0, 0, 0, 0, 0 }, // U+200C
    { 0, 0, 0, 0, 0, 0, 0 }, // U+200D
    { 0, 0, 0, 0, 0, 0, 0 }, // U+200E
    { 0, 0, 0, 0, 0, 0, 0 }, // U+200F
    { 8, 3, 161, 1, 9, 6, 0 }, // U+2010
    { 14, 2, 250, 1, 10, 7, 6 }, // U+2012
    { 13, 3, 232, 1, 9, 10, 13 }, // U+2013
    { 19, 3, 327, 1, 9, 15, 23 }, // U+2014
    { 19, 3, 327, 1, 9, 15, 38 }, // U+2015
    { 14, 6, 190, -3, -1, 21, 53 }, // U+2017
    { 4, 7, 78, 2, 20, 7, 74 }, // U+2018
    { 5, 7, 78, 1, 20, 9, 81 }, // U+2019
    { 5, 7, 78, -1, 3, 9, 90 }, // U+201A
    { 5, 7, 100, 2, 20, 9, 99 }, // U+201B
    { 9, 7, 144, 2, 20, 16, 108 }, // U+201C
    { 10, 7, 144, 1, 20, 18, 124 }, // U+201D
    { 9, 7, 144, -1, 3, 16, 142 }, // U+201E
    { 12, 20, 181, 0, 18, 60, 158 }, // U+2020
    { 12, 20, 181, 0, 18, 60, 218 }, // U+2021
    { 8, 8, 153, 1, 12, 16, 278 }, // U+2022
    { 11, 4, 240, 1, 3, 11, 294 }, // U+2025
    { 16, 4, 285, 0, 3, 16, 305 }, // U+2026
    { 0, 0, 0, 0, 0, 0, 321 }, // U+202A
    { 0, 0, 0, 0, 0, 0, 321 }, // U+202B
    { 0, 0, 0, 0, 0, 0, 321 }, // U+202C
    { 0, 0, 0, 0, 0, 0, 321 }, // U+202D
    { 0, 0, 0, 0, 0, 0, 321 }, // U+202E
    { 27, 19, 479, 2, 18, 129, 321 }, // U+2030
    { 6, 8, 115, 2, 20, 12, 450 }, // U+2032
    { 10, 8, 176, 2, 20, 20, 462 }, // U+2033
    { 6, 12, 116, 1, 13, 18, 482 }, // U+2039
    { 7, 12, 116, 0, 13, 21, 500 }, // U+203A
    { 12, 19, 212, 1, 18, 57, 521 }, // U+203C
    { 10, 2, 164, 1, 17, 5, 578 }, // U+203E
    { 16, 19, 90, -5, 18, 76, 583 }, // U+2044
    { 0, 0, 0, 0, 0, 0, 659 }, // U+2060
    { 0, 0, 0, 0, 0, 0, 659 }, // U+2061
    { 0, 0, 0, 0, 0, 0, 659 }, // U+2062
    { 0, 0, 0, 0, 0, 0, 659 }, // U+2063
    { 0, 0, 0, 0, 0, 0, 659 }, // U+2064
    { 0, 0, 0, 0, 0, 0, 659 }, // U+2066
    { 0, 0, 0, 0, 0, 0, 659 }, // U+2067
    { 0, 0, 0, 0, 0, 0, 659 }, // U+2068
    { 0, 0, 0, 0, 0, 0, 659 }, // U+2069
    { 0, 0, 0, 0, 0, 0, 659 }, // U+206A
    { 0, 0, 0, 0, 0, 0, 659 }, // U+206B
    { 0, 0, 0, 0, 0, 0, 659 }, // U+206C
    { 0, 0, 0, 0, 0, 0, 659 }, // U+206D
    { 0, 0, 0, 0, 0, 0, 659 }, // U+206E
    { 0, 0, 0, 0, 0, 0, 659 }, // U+206F
    { 10, 12, 175, 2, 20, 30, 0 }, // U+2070
    { 10, 11, 142, 0, 20, 28, 30 }, // U+2074
    { 9, 12, 146, 1, 20, 27, 58 }, // U+2075
    { 9, 12, 156, 2, 20, 27, 85 }, // U+2076
    { 9, 11, 128, 1, 20, 25, 112 }, // U+2077
    { 10, 12, 162, 1, 20, 30, 137 }, // U+2078
    { 9, 12, 156, 1, 20, 27, 167 }, // U+2079
    { 11, 10, 190, 1, 18, 28, 194 }, // U+207F
    { 10, 12, 175, 0, 9, 30, 222 }, // U+2080
    { 7, 11, 110, -1, 9, 20, 252 }, // U+2081
    { 9, 11, 145, -1, 9, 25, 272 }, // U+2082
    { 9, 12, 152, -1, 9, 27, 297 }, // U+2083
    { 9, 11, 146, -1, 9, 25, 324 }, // U+2084
    { 9, 12, 146, -1, 9, 27, 349 }, // U+2085
    { 9, 12, 156, 0, 9, 27, 376 }, // U+2086
    { 8, 11, 128, 0, 9, 22, 403 }, // U+2087
    { 9, 12, 162, 0, 9, 27, 425 }, // U+2088
    { 9, 12, 156, 0, 9, 27, 452 }, // U+2089
    { 16, 25, 268, 1, 21, 100, 0 }, // U+20A1
    { 15, 18, 249, 1, 18, 68, 100 }, // U+20A3
    { 15, 18, 266, 1, 18, 68, 168 }, // U+20A4
    { 21, 18, 360, 1, 18, 95, 236 }, // U+20A6
    { 17, 18, 284, 1, 18, 77, 331 }, // U+20A7
    { 26, 19, 440, 2, 18, 124, 408 }, // U+20A9
    { 17, 24, 235, -1, 20, 102, 532 }, // U+20AB
    { 17, 19, 286, 1, 18, 81, 634 }, // U+20AC
    { 18, 18, 310, 1, 18, 81, 715 }, // U+20AD
    { 15, 18, 261, 2, 18, 68, 796 }, // U+20AE
    { 17, 18, 292, 1, 18, 77, 864 }, // U+20B1
    { 17, 25, 296, 1, 21, 107, 941 }, // U+20B2
    { 14, 19, 271, 2, 18, 67, 1048 }, // U+20B4
    { 16, 25, 268, 1, 21, 100, 1115 }, // U+20B5
    { 15, 18, 232, 1, 18, 68, 1215 }, // U+20B8
    { 14, 18, 250, 2, 18, 63, 1283 }, // U+20B9
    { 15, 18, 264, 1, 18, 68, 1346 }, // U+20BA
    { 22, 21, 372, 0, 21, 116, 1414 }, // U+20BC
    { 16, 18, 255, 1, 18, 72, 1530 }, // U+20BD
    { 12, 21, 195, 1, 20, 63, 0 }, // U+2113
    { 18, 17, 292, 1, 17, 77, 0 }, // U+2190
    { 16, 18, 268, 1, 18, 72, 77 }, // U+2191
    { 18, 17, 302, 1, 17, 77, 149 }, // U+2192
    { 17, 18, 258, 0, 18, 77, 226 }, // U+2193
    { 25, 17, 410, 1, 17, 107, 303 }, // U+2194
    { 18, 25, 278, 0, 21, 113, 410 }, // U+2195
    { 19, 28, 288, -1, 22, 133, 523 }, // U+21A8
    { 13, 21, 235, 1, 20, 69, 0 }, // U+2202
    { 19, 20, 345, 2, 19, 95, 69 }, // U+2205
    { 16, 18, 261, -1, 18, 72, 164 }, // U+2206
    { 20, 24, 300, -1, 18, 120, 236 }, // U+220F
    { 17, 24, 224, -2, 18, 102, 356 }, // U+2211
    { 12, 3, 269, 3, 10, 9, 458 }, // U+2212
    { 16, 19, 75, -5, 18, 76, 467 }, // U+2215
    { 4, 4, 99, 1, 10, 4, 543 }, // U+2219
    { 21, 23, 262, 0, 22, 121, 547 }, // U+221A
    { 21, 11, 388, 2, 14, 58, 668 }, // U+221E
    { 14, 14, 268, 2, 14, 49, 726 }, // U+221F
    { 15, 18, 276, 1, 18, 68, 775 }, // U+2229
    { 17, 29, 179, -3, 22, 124, 843 }, // U+222B
    { 14, 9, 258, 1, 13, 32, 967 }, // U+2248
    { 13, 15, 269, 2, 16, 49, 999 }, // U+2260
    { 13, 11, 269, 2, 14, 36, 1048 }, // U+2261
    { 14, 16, 233, 0, 16, 56, 1084 }, // U+2264
    { 13, 16, 234, 1, 16, 52, 1140 }, // U+2265
    { 6, 17, 124, 1, 17, 26, 0 }, // U+2669
    { 9, 17, 180, 1, 17, 39, 26 }, // U+266A
    { 14, 18, 256, 1, 17, 63, 65 }, // U+266B
    { 14, 18, 256, 1, 17, 63, 128 }, // U+266C
    { 7, 16, 139, 1, 15, 28, 191 }, // U+266D
    { 7, 17, 143, 1, 11, 30, 219 }, // U+266E
    { 12, 21, 221, 1, 15, 63, 249 }, // U+266F
    { 18, 26, 241, -3, 20, 117, 0 }, // U+FB01
    { 18, 27, 244, -3, 20, 122, 117 }, // U+FB02
};

static const EpdUnicodeInterval bitter_12_italicIntervals[] = {
    { 0x0, 0x17F, 0x0 },
    { 0x1A0, 0x1A1, 0x180 },
    { 0x1AF, 0x1B0, 0x182 },
    { 0x1C4, 0x1DC, 0x184 },
    { 0x1E6, 0x1E7, 0x19D },
    { 0x1EA, 0x1EB, 0x19F },
    { 0x1F1, 0x1F3, 0x1A1 },
    { 0x1FA, 0x21B, 0x1A4 },
    { 0x300, 0x304, 0x1C6 },
    { 0x306, 0x30C, 0x1CB },
    { 0x30F, 0x30F, 0x1D2 },
    { 0x311, 0x312, 0x1D3 },
    { 0x31B, 0x31B, 0x1D5 },
    { 0x323, 0x324, 0x1D6 },
    { 0x326, 0x328, 0x1D8 },
    { 0x32E, 0x32E, 0x1DB },
    { 0x331, 0x331, 0x1DC },
    { 0x335, 0x335, 0x1DD },
    { 0x34F, 0x34F, 0x1DE },
    { 0x37E, 0x37E, 0x1DF },
    { 0x384, 0x38A, 0x1E0 },
    { 0x38C, 0x38C, 0x1E7 },
    { 0x38E, 0x3A1, 0x1E8 },
    { 0x3A3, 0x3CE, 0x1FC },
    { 0x400, 0x45F, 0x228 },
    { 0x462, 0x463, 0x288 },
    { 0x46A, 0x46B, 0x28A },
    { 0x472, 0x477, 0x28C },
    { 0x48A, 0x4FF, 0x292 },
    { 0x2007, 0x2010, 0x308 },
    { 0x2012, 0x2015, 0x312 },
    { 0x2017, 0x201E, 0x316 },
    { 0x2020, 0x2022, 0x31E },
    { 0x2025, 0x2026, 0x321 },
    { 0x202A, 0x202E, 0x323 },
    { 0x2030, 0x2030, 0x328 },
    { 0x2032, 0x2033, 0x329 },
    { 0x2039, 0x203A, 0x32B },
    { 0x203C, 0x203C, 0x32D },
    { 0x203E, 0x203E, 0x32E },
    { 0x2044, 0x2044, 0x32F },
    { 0x2060, 0x2064, 0x330 },
    { 0x2066, 0x2070, 0x335 },
    { 0x2074, 0x2079, 0x340 },
    { 0x207F, 0x2089, 0x346 },
    { 0x20A1, 0x20A1, 0x351 },
    { 0x20A3, 0x20A4, 0x352 },
    { 0x20A6, 0x20A7, 0x354 },
    { 0x20A9, 0x20A9, 0x356 },
    { 0x20AB, 0x20AE, 0x357 },
    { 0x20B1, 0x20B2, 0x35B },
    { 0x20B4, 0x20B5, 0x35D },
    { 0x20B8, 0x20BA, 0x35F },
    { 0x20BC, 0x20BD, 0x362 },
    { 0x2113, 0x2113, 0x364 },
    { 0x2190, 0x2195, 0x365 },
    { 0x21A8, 0x21A8, 0x36B },
    { 0x2202, 0x2202, 0x36C },
    { 0x2205, 0x2206, 0x36D },
    { 0x220F, 0x220F, 0x36F },
    { 0x2211, 0x2212, 0x370 },
    { 0x2215, 0x2215, 0x372 },
    { 0x2219, 0x221A, 0x373 },
    { 0x221E, 0x221F, 0x375 },
    { 0x2229, 0x2229, 0x377 },
    { 0x222B, 0x222B, 0x378 },
    { 0x2248, 0x2248, 0x379 },
    { 0x2260, 0x2261, 0x37A },
    { 0x2264, 0x2265, 0x37C },
    { 0x2669, 0x266F, 0x37E },
    { 0xFB01, 0xFB02, 0x385 },
};

static const EpdFontGroup bitter_12_italicGroups[] = {
    { 0, 3098, 6204, 128, 0 },
    { 3098, 2626, 7328, 128, 128 },
    { 5724, 3489, 11732, 128, 256 },
    { 9213, 2459, 7524, 70, 384 },
    { 11672, 222, 268, 25, 454 },
    { 11894, 2624, 5961, 73, 479 },
    { 14518, 6789, 19798, 224, 552 },
    { 21307, 437, 716, 55, 776 },
    { 21744, 406, 602, 18, 831 },
    { 22150, 965, 1757, 19, 849 },
    { 23115, 64, 63, 1, 868 },
    { 23179, 367, 716, 7, 869 },
    { 23546, 646, 1330, 18, 876 },
    { 24192, 183, 358, 7, 894 },
    { 24375, 158, 265, 2, 901 },
};

static const uint16_t bitter_12_italicKernLeftCodepoints[] = {
    0x0021, 0x0022, 0x0024, 0x0026, 0x0027, 0x0028, 0x002C, 0x002D, 0x002E, 0x002F, 0x0030, 0x0031,
    0x0032, 0x0033, 0x0034, 0x0035, 0x0036, 0x0037, 0x0038, 0x0039, 0x003A, 0x003B, 0x003F, 0x0040,
    0x0041, 0x0042, 0x0043, 0x0044, 0x0045, 0x0046, 0x0047, 0x0048, 0x0049, 0x004A, 0x004B, 0x004C,
    0x004D, 0x004E, 0x004F, 0x0050, 0x0051, 0x0052, 0x0053, 0x0054, 0x0055, 0x0056, 0x0057, 0x0058,
    0x0059, 0x005A, 0x005B, 0x005C, 0x005F, 0x0061, 0x0062, 0x0063, 0x0064, 0x0065, 0x0066, 0x0067,
    0x0068, 0x0069, 0x006A, 0x006B, 0x006C, 0x006D, 0x006E, 0x006F, 0x0070, 0x0071, 0x0072, 0x0073,
    0x0074, 0x0075, 0x0076, 0x0077, 0x0078, 0x0079, 0x007A, 0x007B, 0x00A1, 0x00A2, 0x00A3, 0x00A5,
    0x00A7, 0x00A9, 0x00AB, 0x00AE, 0x00B3, 0x00B5, 0x00B7, 0x00BB, 0x00C0, 0x00C1, 0x00C2, 0x00C3,
    0x00C4, 0x00C5, 0x00C6, 0x00C7, 0x00C8, 0x00C9, 0x00CA, 0x00CB, 0x00CC, 0x00CD, 0x00CE, 0x00CF,
    0x00D0, 0x00D1, 0x00D2, 0x00D3, 0x00D4, 0x00D5, 0x00D6, 0x00D8, 0x00D9, 0x00DA, 0x00DB, 0x00DC,
    0x00DD, 0x00DE, 0x00DF, 0x00E0, 0x00E1, 0x00E2, 0x00E3, 0x00E4, 0x00E5, 0x00E6, 0x00E7, 0x00E8,
    0x00E9, 0x00EA, 0x00EB, 0x00EC, 0x00ED, 0x00EE, 0x00EF, 0x00F0, 0x00F1, 0x00F2, 0x00F3, 0x00F4,
    0x00F5, 0x00F6, 0x00F8, 0x00F9, 0x00FA, 0x00FB, 0x00FC, 0x00FD, 0x00FE, 0x00FF, 0x0100, 0x0101,
    0x0102, 0x0103, 0x0104, 0x0105, 0x0106, 0x0107, 0x0108, 0x0109, 0x010A, 0x010B, 0x010C, 0x010D,
    0x010E, 0x010F, 0x0110, 0x0111, 0x0112, 0x0113, 0x0114, 0x0115, 0x0116, 0x0117, 0x0118, 0x0119,
    0x011A, 0x011B, 0x011C, 0x011D, 0x011E, 0x011F, 0x0120, 0x0121, 0x0122, 0x0123, 0x0124, 0x0125,
    0x0126, 0x0127, 0x0128, 0x0129, 0x012A, 0x012B, 0x012C, 0x012D, 0x012E, 0x012F, 0x0130, 0x0131,
    0x0132, 0x0133, 0x0134, 0x0135, 0x0136, 0x0137, 0x0138, 0x0139, 0x013A, 0x013B, 0x013C, 0x013D,
    0x013E, 0x013F, 0x0140, 0x0141, 0x0142, 0x0143, 0x0144, 0x0145, 0x0146, 0x0147, 0x0148, 0x0149,
    0x014A, 0x014B, 0x014C, 0x014D, 0x014E, 0x014F, 0x0150, 0x0151, 0x0152, 0x0153, 0x0154, 0x0155,
    0x0156, 0x0157, 0x0158, 0x0159, 0x015A, 0x015B, 0x015C, 0x015D, 0x015E, 0x015F, 0x0160, 0x0161,
    0x0162, 0x0163, 0x0164, 0x0165, 0x0166, 0x0167, 0x0168, 0x0169, 0x016A, 0x016B, 0x016C, 0x016D,
    0x016E, 0x016F, 0x0170, 0x0171, 0x0172, 0x0173, 0x0174, 0x0175, 0x0176, 0x0177, 0x0178, 0x0179,
    0x017A, 0x017B, 0x017C, 0x017D, 0x017E, 0x017F, 0x01A0, 0x01A1, 0x01AF, 0x01B0, 0x01C4, 0x01C5,
    0x01C6, 0x01C7, 0x01C8, 0x01C9, 0x01CA, 0x01CB, 0x01CC, 0x01CD, 0x01CE, 0x01CF, 0x01D0, 0x01D1,
    0x01D2, 0x01D3, 0x01D4, 0x01D5, 0x01D6, 0x01D7, 0x01D8, 0x01D9, 0x01DA, 0x01DB, 0x01DC, 0x01E6,
    0x01E7, 0x01EA, 0x01EB, 0x01F1, 0x01F2, 0x01F3, 0x01FA, 0x01FB, 0x01FC, 0x01FD, 0x01FE, 0x01FF,
    0x0200, 0x0201, 0x0202, 0x0203, 0x0204, 0x0205, 0x0206, 0x0207, 0x0208, 0x0209, 0x020A, 0x020B,
    0x020C, 0x020D, 0x020E, 0x020F, 0x0210, 0x0211, 0x0212, 0x0213, 0x0214, 0x0215, 0x0216, 0x0217,
    0x0218, 0x0219, 0x021A, 0x021B, 0x0384, 0x0385, 0x0386, 0x0388, 0x0389, 0x038A, 0x038C, 0x038E,
    0x038F, 0x0390, 0x0391, 0x0392, 0x0393, 0x0394, 0x0395, 0x0396, 0x0397, 0x0398, 0x0399, 0x039A,
    0x039B, 0x039C, 0x039E, 0x039F, 0x03A0, 0x03A1, 0x03A3, 0x03A4, 0x03A5, 0x03A6, 0x03A7, 0x03A8,
    0x03A9, 0x03AA, 0x03AB, 0x03AC, 0x03AD, 0x03AE, 0x03AF, 0x03B0, 0x03B1, 0x03B2, 0x03B3, 0x03B4,
    0x03B5, 0x03B6, 0x03B7, 0x03B8, 0x03B9, 0x03BA, 0x03BB, 0x03BC, 0x03BD, 0x03BE, 0x03BF, 0x03C0,
    0x03C1, 0x03C3, 0x03C4, 0x03C5, 0x03C6, 0x03C7, 0x03C8, 0x03C9, 0x03CA, 0x03CB, 0x03CC, 0x03CD,
    0x03CE, 0x0400, 0x0401, 0x0402, 0x0403, 0x0404, 0x0405, 0x0406, 0x0407, 0x0408, 0x0409, 0x040A,
    0x040B, 0x040C, 0x040D, 0x040E, 0x040F, 0x0410, 0x0411, 0x0412, 0x0413, 0x0414, 0x0415, 0x0416,
    0x0417, 0x0418, 0x0419, 0x041A, 0x041B, 0x041C, 0x041D, 0x041E, 0x041F, 0x0420, 0x0421, 0x0422,
    0x0423, 0x0424, 0x0425, 0x0426, 0x0427, 0x0428, 0x0429, 0x042A, 0x042B, 0x042C, 0x042D, 0x042E,
    0x042F, 0x0430, 0x0431, 0x0432, 0x0433, 0x0434, 0x0435, 0x0436, 0x0437, 0x0438, 0x0439, 0x043A,
    0x043B, 0x043C, 0x043D, 0x043E, 0x043F, 0x0440, 0x0441, 0x0442, 0x0443, 0x0444, 0x0445, 0x0446,
    0x0447, 0x0448, 0x0449, 0x044A, 0x044B, 0x044C, 0x044D, 0x044E, 0x044F, 0x0450, 0x0451, 0x0452,
    0x0453, 0x0454, 0x0455, 0x0456, 0x0457, 0x0458, 0x0459, 0x045A, 0x045B, 0x045C, 0x045D, 0x045E,
    0x045F, 0x0462, 0x0463, 0x046A, 0x046B, 0x0472, 0x0473, 0x0474, 0x0475, 0x0476, 0x0477, 0x048A,
    0x048B, 0x048C, 0x048D, 0x048E, 0x048F, 0x0490, 0x0491, 0x0492, 0x0493, 0x0494, 0x0495, 0x0496,
    0x0497, 0x0498, 0x0499, 0x049A, 0x049B, 0x049C, 0x049D, 0x049E, 0x049F, 0x04A0, 0x04A1, 0x04A2,
    0x04A3, 0x04A4, 0x04A5, 0x04A6, 0x04A7, 0x04A8, 0x04A9, 0x04AA, 0x04AB, 0x04AC, 0x04AE, 0x04AF,
    0x04B0, 0x04B1, 0x04B2, 0x04B3, 0x04B4, 0x04B5, 0x04B6, 0x04B7, 0x04B8, 0x04B9, 0x04BA, 0x04BB,
    0x04BC, 0x04BD, 0x04BE, 0x04BF, 0x04C0, 0x04C1, 0x04C2, 0x04C3, 0x04C4, 0x04C5, 0x04C6, 0x04C7,
    0x04C8, 0x04C9, 0x04CA, 0x04CB, 0x04CC, 0x04CD, 0x04CE, 0x04CF, 0x04D0, 0x04D1, 0x04D2, 0x04D3,
    0x04D4, 0x04D5, 0x04D6, 0x04D7, 0x04D8, 0x04D9, 0x04DA, 0x04DB, 0x04DC, 0x04DD, 0x04DE, 0x04DF,
    0x04E0, 0x04E1, 0x04E2, 0x04E3, 0x04E4, 0x04E5, 0x04E6, 0x04E7, 0x04E8, 0x04E9, 0x04EA, 0x04EB,
    0x04EC, 0x04ED, 0x04EE, 0x04EF, 0x04F0, 0x04F1, 0x04F2, 0x04F3, 0x04F4, 0x04F5, 0x04F6, 0x04F8,
    0x04F9, 0x04FA, 0x04FB, 0x04FC, 0x04FD, 0x04FE, 0x04FF, 0x2010, 0x2013, 0x2014, 0x2015, 0x2017,
    0x2018, 0x2019, 0x201A, 0x201B, 0x201C, 0x201D, 0x201E, 0x2025, 0x2026, 0x2039, 0x203A, 0x203C,
    0x2070, 0x2075, 0x2077, 0x2079, 0x20A1, 0x20A3, 0x20A6, 0x20A7, 0x20A9, 0x20AB, 0x20AC, 0x20AD,
    0x20AE, 0x20B1, 0x20B2, 0x20B4, 0x20B5, 0x20B8, 0x20B9, 0x20BD, 0x2206, 0x220F, 0xFB01, 0xFB02,
};

static const uint8_t bitter_12_italicKernLeftClassIds[] = {
      1,   2,   3,   4,   2,   5,   6,   7,   6,   8,   9,  10,  11,  12,  13,  14,
     15,  16,  17,  18,  19,  19,  20,  21,  22,  23,  24,  21,  25,  26,  27,  28,
     28,  29,  30,  31,  28,  28,  21,  32,  33,  34,   3,  35,  29,  36,  36,  30,
     37,  38,  39,  40,  41,  42,  43,  44,  45,  46,  47,  48,  42,  45,  48,  49,
     45,  42,  42,  43,  43,  50,  51,  52,  53,  54,  55,  55,  49,  55,  56,  57,
     58,  44,  59,  37,   3,  21,  60,  43,  61,  54,   7,  62,  22,  22,  22,  22,
     22,  22,  25,  24,  25,  25,  25,  25,  28,  28,  28,  63,  21,  28,  21,  21,
     21,  21,  21,  21,  29,  29,  29,  29,  37,  32,  64,  42,  42,  42,  42,  42,
     42,  46,  65,  46,  46,  46,  46,  66,  67,  68,  69,  43,  42,  43,  43,  43,
     43,  43,  43,  54,  54,  54,  54,  55,  43,  55,  22,  42,  22,  42,  70,  42,
     24,  44,  24,  71,  24,  44,  24,  71,  21,  72,  21,  73,  25,  46,  25,  46,
     25,  46,  74,  46,  25,  46,  27,  48,  27,  48,  27,  48,  27,  48,  28,  42,
     28,  42,  28,  75,  28,  76,  28,  77,  28,  78,  28,  45,  29,  45,  29,  79,
     30,  49,  49,  31,  45,  31,  45,  80,  72,  31,  81,  31,  82,  28,  42,  28,
     42,  28,  42,  42,  29,  48,  21,  43,  21,  43,  21,  43,  25,  46,  34,  51,
     34,  51,  34,  51,   3,  83,   3,  83,   3,  83,   3,  83,  35,  53,  35,  84,
     35,  53,  29,  54,  29,  54,  29,  54,  29,  54,  29,  54,  29,  54,  85,  55,
     37,  55,  37,  38,  56,  38,  56,  38,  56,  47,  86,  87,  88,  89,  38,  56,
     56,  29,  48,  48,  29,  48,  48,  22,  42,  28,  90,  21,  43,  29,  54,  29,
     54,  29,  54,  29,  54,  29,  54,  27,  48,  21,  43,  38,  56,  56,  22,  42,
     25,  46,  21,  43,  22,  42,  22,  42,  25,  46,  25,  46,  28,  91,  28,  92,
     21,  43,  21,  43,  34,  51,  34,  51,  29,  54,  29,  54,   3,  83,  35,  53,
     93,  94,  93,  95,  96,  96,  97,  98,  99, 100,  93,  94, 101,  93,  95, 102,
     96,  97,  96, 103,  93,  96,  95,  97,  96, 104, 105, 106,  98,  97, 107, 108,
     99,  96,  98, 109, 110, 111, 100, 112, 109, 113, 114, 115, 110, 116, 111, 117,
    100, 118, 119, 120, 114, 121, 115, 122, 115, 123, 124, 112, 115, 125, 112, 115,
    100, 112, 115, 112, 115,  25,  25, 126, 127,  24,   3,  28, 128, 129, 130, 130,
    131,  30,  28, 132,  28,  22, 133,  23, 134, 135,  25,  30,  23,  28,  28,  30,
     28,  28,  28,  21,  28,  32,  24,  35, 132, 136,  30, 135,  28,  28, 135, 130,
     28, 130,  21,  21,  28,  42,  43,  46,  51, 137,  46,  44, 138,  54,  54,  49,
     54,  54,  54,  43,  54,  43,  44,  42,  55,  43,  49, 139,  54,  54, 140, 141,
     54, 141,  43,  43,  54,  46,  46,  48,  51,  44,  83,  45, 142,  48, 141, 141,
     42,  49,  54,  55,  54, 130, 141, 143,  49,  21,  43, 132,  55, 132,  55, 135,
    140, 130, 144,  32,  43, 145, 146,  35,  51, 147,  42, 148, 140,  23, 138, 149,
    150,  30,  49,  30,  49,  30,  49, 135, 151,  35,  51, 131,  48, 152,  43,  24,
     44,  35,  37,  55,  37,  55, 153, 154, 135, 140, 135, 140,  28,  54, 131,  42,
     21,  46, 155,  46,  28,  30,  44, 156, 157, 135,  54,  29,  54, 135, 140,  28,
     54, 135, 140,  45,  22,  42,  22,  42,  25,  46,  25,  46,  21,  43,  21,  43,
     30,  44,  23, 138,  23, 138,  28,  54,  28,  54,  21,  43,  21,  43,  21,  43,
     21,  43, 132,  55, 132,  55, 132,  55,  28,  54,  35,  28,  54,  35,  51, 158,
    159,  30,  49,   7,   7,   7,   7,  41,   2,   2,   6,   2,   2,   2,   6,   6,
      6,  60,  62,   1, 160, 161, 160, 161,  24,  26,  28,  32, 132,  73,  24,  30,
     35,  32,  27,   3,  24,  35,  34,  32,  22,  28,  45,  45,
};

static const uint16_t bitter_12_italicKernRightCodepoints[] = {
    0x0021, 0x0022, 0x0024, 0x0026, 0x0027, 0x0029, 0x002A, 0x002C, 0x002D, 0x002E, 0x002F, 0x0030,
    0x0031, 0x0032, 0x0033, 0x0034, 0x0035, 0x0036, 0x0037, 0x0038, 0x0039, 0x003A, 0x003B, 0x003F,
    0x0040, 0x0041, 0x0042, 0x0043, 0x0044, 0x0045, 0x0046, 0x0047, 0x0048, 0x0049, 0x004A, 0x004B,
    0x004C, 0x004D, 0x004E, 0x004F, 0x0050, 0x0051, 0x0052, 0x0053, 0x0054, 0x0055, 0x0056, 0x0057,
    0x0058, 0x0059, 0x005A, 0x005C, 0x005D, 0x005F, 0x0061, 0x0062, 0x0063, 0x0064, 0x0065, 0x0066,
    0x0067, 0x0068, 0x0069, 0x006A, 0x006B, 0x006C, 0x006D, 0x006E, 0x006F, 0x0070, 0x0071, 0x0072,
    0x0073, 0x0074, 0x0075, 0x0076, 0x0077, 0x0078, 0x0079, 0x007A, 0x007C, 0x007D, 0x00A1, 0x00A2,
    0x00A5, 0x00A6, 0x00A7, 0x00A9, 0x00AB, 0x00AE, 0x00B0, 0x00B5, 0x00B7, 0x00BB, 0x00BF, 0x00C0,
    0x00C1, 0x00C2, 0x00C3, 0x00C4, 0x00C5, 0x00C6, 0x00C7, 0x00C8, 0x00C9, 0x00CA, 0x00CB, 0x00CC,
    0x00CD, 0x00CE, 0x00CF, 0x00D0, 0x00D1, 0x00D2, 0x00D3, 0x00D4, 0x00D5, 0x00D6, 0x00D8, 0x00D9,
    0x00DA, 0x00DB, 0x00DC, 0x00DD, 0x00DE, 0x00DF, 0x00E0, 0x00E1, 0x00E2, 0x00E3, 0x00E4, 0x00E5,
    0x00E7, 0x00E8, 0x00E9, 0x00EA, 0x00EB, 0x00EC, 0x00ED, 0x00EE, 0x00EF, 0x00F0, 0x00F1, 0x00F2,
    0x00F3, 0x00F4, 0x00F5, 0x00F6, 0x00F8, 0x00F9, 0x00FA, 0x00FB, 0x00FC, 0x00FD, 0x00FE, 0x00FF,
    0x0100, 0x0101, 0x0102, 0x0103, 0x0104, 0x0105, 0x0106, 0x0107, 0x0108, 0x0109, 0x010A, 0x010B,
    0x010C, 0x010D, 0x010E, 0x010F, 0x0110, 0x0111, 0x0112, 0x0113, 0x0114, 0x0115, 0x0116, 0x0117,
    0x0118, 0x0119, 0x011A, 0x011B, 0x011C, 0x011D, 0x011E, 0x011F, 0x0120, 0x0121, 0x0122, 0x0123,
    0x0124, 0x0125, 0x0126, 0x0127, 0x0128, 0x0129, 0x012A, 0x012B, 0x012C, 0x012D, 0x012E, 0x012F,
    0x0130, 0x0131, 0x0132, 0x0133, 0x0134, 0x0135, 0x0136, 0x0137, 0x0138, 0x0139, 0x013A, 0x013B,
    0x013C, 0x013D, 0x013E, 0x013F, 0x0140, 0x0141, 0x0142, 0x0143, 0x0144, 0x0145, 0x0146, 0x0147,
    0x0148, 0x0149, 0x014A, 0x014B, 0x014C, 0x014D, 0x014E, 0x014F, 0x0150, 0x0151, 0x0152, 0x0153,
    0x0154, 0x0155, 0x0156, 0x0157, 0x0158, 0x0159, 0x015A, 0x015B, 0x015C, 0x015D, 0x015E, 0x015F,
    0x0160, 0x0161, 0x0162, 0x0163, 0x0164, 0x0165, 0x0166, 0x0167, 0x0168, 0x0169, 0x016A, 0x016B,
    0x016C, 0x016D, 0x016E, 0x016F, 0x0170, 0x0171, 0x0172, 0x0173, 0x0174, 0x0175, 0x0176, 0x0177,
    0x0178, 0x0179, 0x017A, 0x017B, 0x017C, 0x017D, 0x017E, 0x017F, 0x01A0, 0x01A1, 0x01AF, 0x01B0,
    0x01C4, 0x01C5, 0x01C6, 0x01C7, 0x01C8, 0x01C9, 0x01CB, 0x01CC, 0x01CD, 0x01CE, 0x01CF, 0x01D0,
    0x01D1, 0x01D2, 0x01D3, 0x01D4, 0x01D5, 0x01D6, 0x01D7, 0x01D8, 0x01D9, 0x01DA, 0x01DB, 0x01DC,
    0x01E6, 0x01E7, 0x01EA, 0x01EB, 0x01F1, 0x01F2, 0x01F3, 0x01FA, 0x01FB, 0x01FC, 0x01FE, 0x01FF,
    0x0200, 0x0201, 0x0202, 0x0203, 0x0204, 0x0205, 0x0206, 0x0207, 0x0208, 0x0209, 0x020A, 0x020B,
    0x020C, 0x020D, 0x020E, 0x020F, 0x0210, 0x0211, 0x0212, 0x0213, 0x0214, 0x0215, 0x0216, 0x0217,
    0x0218, 0x0219, 0x021A, 0x021B, 0x0384, 0x0390, 0x0391, 0x0394, 0x0396, 0x0398, 0x039B, 0x039F,
    0x03A3, 0x03A4, 0x03A5, 0x03A6, 0x03A7, 0x03A8, 0x03A9, 0x03AB, 0x03AC, 0x03AD, 0x03AE, 0x03AF,
    0x03B0, 0x03B1, 0x03B3, 0x03B4, 0x03B5, 0x03B6, 0x03B7, 0x03B8, 0x03B9, 0x03BA, 0x03BB, 0x03BC,
    0x03BD, 0x03BE, 0x03BF, 0x03C0, 0x03C1, 0x03C2, 0x03C3, 0x03C4, 0x03C5, 0x03C6, 0x03C7, 0x03C8,
    0x03C9, 0x03CA, 0x03CB, 0x03CC, 0x03CD, 0x03CE, 0x0400, 0x0401, 0x0402, 0x0403, 0x0404, 0x0405,
    0x0406, 0x0407, 0x0408, 0x0409, 0x040A, 0x040B, 0x040C, 0x040D, 0x040E, 0x040F, 0x0410, 0x0411,
    0x0412, 0x0413, 0x0414, 0x0415, 0x0416, 0x0417, 0x0418, 0x0419, 0x041A, 0x041B, 0x041C, 0x041D,
    0x041E, 0x041F, 0x0420, 0x0421, 0x0422, 0x0423, 0x0424, 0x0425, 0x0426, 0x0427, 0x0428, 0x0429,
    0x042A, 0x042B, 0x042C, 0x042D, 0x042E, 0x042F, 0x0430, 0x0431, 0x0432, 0x0433, 0x0434, 0x0435,
    0x0436, 0x0437, 0x0438, 0x0439, 0x043A, 0x043B, 0x043C, 0x043D, 0x043E, 0x043F, 0x0440, 0x0441,
    0x0442, 0x0443, 0x0444, 0x0445, 0x0446, 0x0447, 0x0448, 0x0449, 0x044A, 0x044B, 0x044C, 0x044D,
    0x044E, 0x044F, 0x0450, 0x0451, 0x0452, 0x0453, 0x0454, 0x0455, 0x0456, 0x0457, 0x0458, 0x0459,
    0x045A, 0x045B, 0x045C, 0x045D, 0x045E, 0x045F, 0x0463, 0x046A, 0x046B, 0x0472, 0x0473, 0x0474,
    0x0475, 0x0476, 0x0477, 0x048A, 0x048B, 0x048C, 0x048D, 0x048E, 0x048F, 0x0490, 0x0491, 0x0492,
    0x0493, 0x0494, 0x0495, 0x0496, 0x0497, 0x0498, 0x0499, 0x049A, 0x049B, 0x049C, 0x049D, 0x049E,
    0x049F, 0x04A0, 0x04A1, 0x04A2, 0x04A3, 0x04A4, 0x04A5, 0x04A6, 0x04A7, 0x04A8, 0x04A9, 0x04AA,
    0x04AB, 0x04AC, 0x04AD, 0x04AE, 0x04AF, 0x04B0, 0x04B1, 0x04B2, 0x04B3, 0x04B4, 0x04B5, 0x04B6,
    0x04B7, 0x04B8, 0x04B9, 0x04BA, 0x04BB, 0x04BC, 0x04BD, 0x04BE, 0x04BF, 0x04C0, 0x04C1, 0x04C2,
    0x04C3, 0x04C4, 0x04C5, 0x04C6, 0x04C7, 0x04C8, 0x04C9, 0x04CA, 0x04CB, 0x04CC, 0x04CD, 0x04CE,
    0x04CF, 0x04D0, 0x04D1, 0x04D2, 0x04D3, 0x04D4, 0x04D6, 0x04D7, 0x04D8, 0x04D9, 0x04DA, 0x04DB,
    0x04DC, 0x04DD, 0x04DE, 0x04DF, 0x04E0, 0x04E1, 0x04E2, 0x04E3, 0x04E4, 0x04E5, 0x04E6, 0x04E7,
    0x04E8, 0x04E9, 0x04EA, 0x04EB, 0x04EC, 0x04ED, 0x04EE, 0x04EF, 0x04F0, 0x04F1, 0x04F2, 0x04F3,
    0x04F4, 0x04F5, 0x04F6, 0x04F8, 0x04F9, 0x04FA, 0x04FB, 0x04FC, 0x04FD, 0x04FE, 0x04FF, 0x2010,
    0x2013, 0x2014, 0x2015, 0x2017, 0x2018, 0x2019, 0x201A, 0x201B, 0x201C, 0x201D, 0x201E, 0x2025,
    0x2026, 0x2039, 0x203A, 0x203C, 0x2044, 0x20A1, 0x20A3, 0x20A6, 0x20A7, 0x20A9, 0x20AB, 0x20AC,
    0x20AD, 0x20AE, 0x20B1, 0x20B2, 0x20B4, 0x20B5, 0x20B8, 0x20BD, 0x2206, 0x220F, 0x221A, 0xFB01,
    0xFB02,
};

static const uint8_t bitter_12_italicKernRightClassIds[] = {
      1,   2,   3,   4,   2,   5,   6,   7,   8,   7,   9,  10,  11,  12,  13,  14,
     15,  16,  17,   4,  18,  19,  19,  20,  21,  22,  23,  21,  23,  23,  23,  21,
     23,  23,  24,  23,  23,  23,  23,  21,  23,  21,  23,   3,  25,  26,  27,  27,
     28,  29,  30,  31,  32,  33,  34,  35,  34,  34,  34,  36,  34,  37,  38,  39,
     37,  37,  38,  38,  34,  40,  34,  38,  41,  42,  43,  44,  44,  45,  46,  47,
     48,  49,  50,  34,  29,  48,   3,  21,  51,  34,  52,  38,   8,  53,  54,  22,
     22,  22,  22,  22,  22,  22,  21,  23,  23,  23,  23,  23,  23,  55,  56,  23,
     23,  21,  21,  21,  21,  21,  21,  26,  26,  26,  26,  29,  23,  36,  34,  34,
     34,  34,  34,  34,  34,  34,  34,  34,  34,  57,  58,  59,  60,  34,  38,  34,
     34,  34,  34,  34,  61,  43,  43,  43,  43,  46,  62,  46,  22,  34,  22,  34,
     22,  34,  21,  34,  21,  34,  21,  34,  21,  63,  23,  34,  23,  34,  23,  34,
     23,  34,  23,  34,  23,  34,  23,  34,  21,  34,  21,  34,  21,  34,  21,  34,
     23,  37,  23,  37,  55,  64,  23,  65,  23,  66,  23,  38,  23,  38,  23,  38,
     24,  67,  23,  37,  38,  23,  37,  23,  37,  23,  37,  23,  37,  23,  68,  23,
     38,  23,  38,  23,  38,  69,  23,  38,  21,  34,  21,  34,  21,  34,  21,  34,
     23,  38,  23,  38,  23,  38,   3,  41,   3,  41,   3,  41,   3,  70,  25,  42,
     25,  42,  25,  42,  26,  43,  26,  43,  26,  43,  26,  43,  26,  43,  26,  43,
     27,  44,  29,  46,  29,  30,  47,  30,  47,  30,  71,  36,  21,  34,  26,  43,
     23,  23,  34,  23,  23,  37,  23,  38,  22,  34,  23,  72,  21,  34,  26,  43,
     26,  43,  26,  43,  26,  43,  26,  43,  21,  34,  21,  34,  23,  23,  34,  22,
     34,  22,  21,  34,  22,  73,  22,  34,  23,  73,  23,  34,  55,  74,  75,  76,
     21,  77,  21,  34,  23,  38,  23,  38,  26,  43,  26,  43,   3,  41,  25,  42,
     78,  79,  78,  78,  80,  81,  78,  81,  82,  83,  84,  81,  85,  86,  87,  84,
     88,  89,  90,  79,  91,  88,  92,  88,  89,  93,  90,  94,  79,  95,  96,  97,
     92,  98,  88,  99, 100,  88,  88, 101,  91,  88, 102,  91,  88,  79,  91,  88,
     91,  88,  23,  23,  25,  23,  21,   3,  23, 103, 104, 105,  23,  25,  23,  23,
     29,  23,  22,  23,  23,  23, 106,  23, 107,  13,  23,  23,  23, 105,  23,  23,
     21,  23,  23,  21,  25, 108,  21,  28,  23, 109,  23,  23,  25,  23,  23, 110,
     23, 111,  34,  21,  34,  38, 112,  34, 113, 114,  43,  43,  38, 115, 115,  38,
     34,  38,  38,  34,  38,  46,  34,  45,  43, 116,  43,  43, 117,  38,  38, 118,
     38, 119,  34,  34,  37,  38,  34,  41,  38, 120,  36, 115,  38,  37,  38,  43,
     46,  43,  38, 121, 122,  21,  34,  27,  44,  27,  44,  23,  43,  23, 123,  23,
     38,  23,  36,  23,  38,  23,  38,  28, 124,  13, 114,  23,  38,  23,  38,  23,
     37,  23, 125,  23,  38,  23,  38,  23,  38,  21,  34,  21,  34,  25,  38,  29,
     44,  29,  44,  28,  45,  25, 117, 109, 116, 109, 116,  23,  37, 126, 127, 126,
    127,  23,  28, 128,  23,  38, 105, 115,  23,  38,  23,  38, 109, 116,  23,  38,
    129,  22,  34,  22,  34,  22,  23,  34, 130,  34, 130,  34,  28, 128,  13, 114,
     13, 131,  23,  38,  23,  38,  21,  34,  21,  34,  21,  34, 110, 118,  29,  46,
     29,  46,  29,  46, 109, 116,  23,  23,  38,  23,  38,  28,  45,  28,  45,   8,
      8,   8,   8,  33,   2,   2,   7,   2,   2,   2,   7,   7,   7,  51,  53,   1,
    132,  21,  23,  23,  23,  27,  34,  21,  23,  25,  23,  21,   3,  21,  25,  23,
     22,  23,  44,  36,  36,
};

static const uint16_t bitter_12_italicKernRowOffsets[] = {
        0,     1,    35,    78,   101,   123,   170,   197,   256,   259,   265,   266,   275,   279,   286,   293,
      306,   314,   318,   329,   338,   392,   471,   534,   593,   639,   699,   720,   757,   806,   876,   918,
      987,  1048,  1093,  1160,  1242,  1305,  1348,  1373,  1381,  1391,  1404,  1428,  1465,  1484,  1495,  1536,
     1547,  1598,  1619,  1664,  1669,  1688,  1708,  1739,  1748,  1766,  1767,  1769,  1770,  1771,  1772,  1813,
     1846,  1880,  1902,  1928,  1951,  1978,  2057,  2094,  2136,  2145,  2193,  2219,  2242,  2268,  2287,  2301,
     2309,  2315,  2318,  2323,  2345,  2427,  2442,  2463,  2474,  2501,  2527,  2550,  2576,  2591,  2604,  2612,
     2615,  2622,  2636,  2639,  2646,  2661,  2665,  2674,  2678,  2683,  2695,  2701,  2714,  2716,  2718,  2721,
     2729,  2734,  2740,  2750,  2758,  2765,  2771,  2784,  2791,  2798,  2802,  2806,  2811,  2814,  2877,  2953,
     2991,  3029,  3054,  3106,  3188,  3251,  3327,  3371,  3425,  3480,  3505,  3549,  3593,  3627,  3645,  3715,
     3722,  3779,  3824,  3876,  3920,  3969,  4020,  4056,  4110,  4154,  4205,  4206,  4276,  4280,  4348,  4399,
     4400,  4401,
};

static const uint8_t bitter_12_italicKernSparseCols[] = {
     21,   6,  20,  21,  22,  24,  27,  33,  34,  36,  40,  44,  54,  55,  60,  61,
     62,  69,  72,  74,  76, 102, 104, 105, 106, 109, 110, 111, 114, 118, 119, 120,
    121, 128, 129,   6,  10,  12,  16,  21,  22,  24,  26,  27,  28,  29,  33,  37,
     39,  41,  42,  43,  44,  45,  54,  55,  56,  57,  58,  59,  60,  62,  63,  64,
     65,  71,  72,  73,  74,  75,  76, 102, 106, 107, 111, 116, 120, 121,   2,  20,
     21,  26,  27,  28,  34,  36,  40,  42,  43,  44,  45,  46,  61,  67,  69,  70,
    106, 107, 120, 121, 129,   8,  23,  24,  30,  32,  33,  35,  38,  60,  62,  66,
     72,  76, 103, 104, 105, 108, 109, 110, 111, 115, 125,   1,   9,  10,  11,  13,
     15,  16,  17,  20,  21,  23,  24,  26,  27,  28,  33,  37,  39,  43,  44,  45,
     50,  56,  57,  58,  59,  60,  62,  63,  64,  65,  71,  72,  73,  75,  76, 103,
    105, 106, 107, 108, 111, 115, 120, 121, 124, 129,  10,  11,  12,  13,  14,  16,
     17,  21,  24,  26,  27,  44,  45,  52, 104, 105, 106, 108, 109, 110, 113, 114,
    115, 118, 120, 121, 130,   4,   8,  20,  21,  22,  23,  24,  25,  26,  27,  28,
     30,  31,  33,  34,  36,  37,  39,  44,  45,  48,  54,  55,  56,  57,  58,  59,
     60,  61,  62,  63,  64,  65,  71,  72,  73,  74,  75,  76, 102, 103, 104, 105,
    106, 107, 108, 109, 110, 111, 113, 114, 115, 117, 118, 120, 121, 124, 129, 130,
      6,  10,  51,   6,   8,  16,  21,  51, 105,  16,   6,  14,  16,  22,  51,  54,
     55,  74, 102,   7,  13,  16,  51,   6,  10,  11,  12,  16,  17,  51,  10,  11,
     12,  13,  14,  16,  51,   3,   6,   7,   9,  10,  11,  12,  13,  14,  15,  16,
     17,  51,  14,  16,  22,  51,  54,  55,  74, 102,   6,  12,  16,  51,  24,  26,
     27,  28,  43,  44,  45, 106, 107, 120, 121,  22,  24,  53,  54,  55,  74, 102,
    104, 115,   1,   2,   6,   8,  12,  19,  21,  24,  26,  27,  28,  29,  33,  34,
     35,  36,  37,  38,  39,  40,  41,  42,  43,  44,  45,  56,  57,  58,  59,  60,
     61,  62,  63,  64,  65,  66,  69,  71,  72,  73,  75,  76, 104, 105, 106, 107,
    108, 109, 110, 111, 114, 116, 120, 121,   0,   1,   2,   6,   7,   8,  19,  20,
     21,  22,  23,  24,  25,  26,  27,  28,  29,  31,  33,  34,  35,  36,  37,  38,
     39,  40,  41,  42,  43,  44,  45,  46,  48,  49,  54,  55,  56,  57,  58,  59,
     60,  61,  62,  63,  64,  65,  66,  69,  70,  71,  72,  73,  74,  75,  76, 102,
    103, 104, 105, 106, 107, 108, 109, 110, 111, 112, 113, 114, 115, 116, 117, 120,
    121, 124, 125, 126, 127, 129, 130,   1,   6,  12,  19,  20,  21,  22,  23,  24,
     26,  27,  28,  29,  33,  34,  35,  36,  37,  38,  39,  40,  41,  42,  43,  44,
     45,  46,  54,  55,  56,  57,  58,  59,  60,  61,  62,  63,  64,  65,  66,  69,
     70,  71,  72,  73,  74,  75,  76, 102, 103, 104, 105, 106, 107, 108, 109, 110,
    111, 116, 120, 121, 126, 129,   1,   3,   6,   7,  10,  11,  12,  14,  16,  17,
     20,  21,  23,  24,  26,  27,  28,  33,  34,  36,  37,  39,  40,  41,  42,  43,
     44,  45,  46,  56,  57,  58,  59,  60,  61,  62,  63,  64,  65,  69,  70,  71,
     72,  73,  75,  76, 103, 104, 105, 106, 107, 108, 110, 111, 116, 120, 121, 126,
    129,   7,   8,  20,  21,  24,  26,  27,  28,  33,  37,  39,  40,  41,  42,  43,
     44,  45,  46,  56,  57,  58,  59,  60,  62,  63,  64,  65,  69,  70,  71,  72,
     73,  75,  76, 104, 106, 107, 108, 109, 110, 111, 116, 120, 121, 126, 129,   2,
      6,   8,  18,  20,  21,  22,  23,  26,  27,  28,  29,  33,  34,  35,  36,  37,
     38,  39,  40,  41,  42,  43,  44,  45,  46,  54,  55,  56,  57,  58,  59,  60,
     61,  62,  63,  64,  65,  66,  69,  70,  71,  72,  73,  74,  75,  76, 102, 103,
    104, 106, 107, 108, 111, 114, 120, 121, 125, 126, 129,   2,  21,  26,  27,  28,
     34,  36,  40,  42,  43,  44,  45,  46,  61,  67,  69,  70, 106, 107, 120, 121,
      2,   8,  18,  21,  24,  25,  26,  27,  28,  29,  33,  34,  36,  40,  43,  44,
     45,  58,  59,  60,  61,  62,  63,  69,  72,  73,  76, 105, 106, 107, 108, 109,
    110, 111, 120, 121, 125,   6,  18,  21,  22,  26,  27,  28,  29,  33,  34,  35,
     36,  37,  38,  39,  40,  41,  42,  43,  44,  45,  46,  54,  55,  56,  57,  59,
     60,  61,  62,  64,  65,  66,  69,  70,  71,  72,  74,  75,  76, 102, 104, 106,
    107, 111, 114, 120, 121, 125,   0,   1,   2,   6,   7,   8,  18,  19,  20,  21,
     22,  23,  24,  25,  26,  27,  28,  29,  33,  35,  37,  38,  39,  40,  41,  42,
     43,  45,  46,  54,  55,  56,  57,  58,  59,  60,  62,  63,  64,  65,  66,  69,
     70,  71,  72,  73,  74,  75,  76, 102, 103, 104, 105, 106, 107, 108, 109, 110,
    111, 112, 113, 114, 115, 116, 120, 124, 125, 126, 129, 130,   2,  18,  20,  21,
     23,  24,  25,  26,  27,  28,  29,  33,  37,  39,  40,  41,  42,  43,  44,  45,
     56,  57,  58,  59,  60,  62,  63,  64,  65,  69,  71,  72,  73,  75,  76, 103,
    106, 107, 111, 120, 121, 129,   1,   2,   6,   7,   8,  18,  19,  20,  21,  22,
     23,  24,  25,  26,  27,  28,  29,  31,  33,  34,  35,  36,  37,  38,  39,  40,
     41,  42,  43,  44,  45,  46,  48,  54,  55,  56,  57,  58,  59,  60,  61,  62,
     63,  64,  65,  66,  69,  70,  71,  72,  73,  74,  75,  76, 102, 103, 104, 105,
    106, 107, 108, 109, 110, 111, 114, 115, 120, 121, 129,   1,   2,   4,   6,   8,
     12,  19,  21,  23,  24,  26,  27,  28,  29,  31,  32,  33,  34,  35,  36,  37,
     38,  39,  40,  41,  42,  43,  44,  45,  47,  48,  56,  57,  58,  59,  60,  61,
     62,  63,  64,  65,  66,  69,  71,  72,  73,  75,  76, 103, 104, 105, 106, 107,
    108, 109, 110, 111, 114, 116, 120, 121,  20,  21,  22,  24,  25,  26,  27,  28,
     29,  33,  35,  37,  38,  39,  41,  42,  43,  44,  45,  54,  55,  56,  57,  58,
     59,  60,  62,  63,  64,  65,  66,  71,  72,  73,  74,  75,  76, 102, 106, 107,
    110, 111, 120, 121, 129,   1,   2,   6,   7,   8,  18,  19,  20,  21,  22,  23,
     24,  25,  26,  27,  28,  29,  33,  34,  35,  36,  37,  38,  39,  40,  41,  42,
     43,  44,  46,  54,  55,  56,  57,  58,  59,  60,  61,  62,  63,  64,  65,  66,
     69,  70,  71,  72,  73,  74,  75,  76, 102, 103, 104, 105, 106, 107, 108, 109,
    110, 111, 114, 120, 121, 125, 126, 129,   0,   1,   2,   6,   7,   8,  12,  18,
     19,  20,  21,  22,  23,  24,  25,  26,  27,  28,  29,  31,  33,  34,  35,  36,
     37,  38,  39,  40,  41,  42,  43,  44,  45,  46,  48,  54,  55,  56,  57,  58,
     59,  60,  61,  62,  63,  64,  65,  66,  69,  70,  71,  72,  73,  74,  75,  76,
    102, 103, 104, 105, 106, 107, 108, 109, 110, 111, 112, 113, 114, 115, 116, 117,
    118, 119, 120, 121, 124, 125, 126, 127, 129, 130,   2,   6,  12,  14,  16,  18,
     20,  21,  22,  23,  24,  25,  26,  27,  28,  29,  33,  34,  35,  37,  38,  39,
     40,  41,  42,  43,  44,  45,  46,  54,  55,  56,  57,  58,  59,  60,  62,  63,
     64,  65,  66,  69,  70,  71,  72,  73,  74,  75,  76, 102, 103, 104, 106, 107,
    111, 114, 116, 119, 120, 121, 125, 126, 129,   2,  20,  21,  22,  24,  25,  26,
     27,  28,  33,  37,  39,  40,  41,  42,  43,  44,  45,  54,  55,  56,  57,  58,
     59,  60,  62,  63,  64,  65,  69,  71,  72,  73,  74,  75,  76, 102, 106, 107,
    111, 120, 121, 129,   8,  21,  23,  24,  26,  28,  30,  32,  34,  35,  36,  38,
     61,  66, 103, 104, 105, 107, 108, 110, 115, 117, 118, 124, 125,   4,   8,  23,
     31,  32,  48, 103, 105,   4,   8,  23,  31,  35,  38,  48,  66, 103, 105,   0,
      1,   6,  19,  43,  44,  45, 113, 115, 117, 121, 124, 130,   1,   6,  19,  20,
     33,  43,  44,  45,  60,  62,  72,  76, 111, 113, 114, 115, 116, 117, 118, 121,
    124, 126, 129, 130,   1,   7,  19,  33,  34,  35,  36,  37,  38,  39,  42,  43,
     44,  45,  56,  57,  58,  59,  60,  61,  62,  63,  64,  65,  66,  68,  71,  72,
     73,  75,  76, 111, 112, 115, 118, 121, 127,   1,   7,   8,  20,  31,  34,  35,
     36,  38,  43,  44,  45,  58,  61,  66,  73, 115, 121, 129,  43,  44,  45, 113,
    114, 115, 117, 118, 121, 124, 130,   0,   1,   4,   5,   6,   7,  18,  19,  30,
     31,  33,  34,  35,  36,  37,  38,  39,  41,  42,  43,  44,  45,  56,  57,  58,
     59,  60,  61,  62,  63,  64,  65,  66,  67,  68,  71,  72,  73,  75, 111, 121,
      8,  35,  38,  43,  44,  45,  46,  66,  70, 115, 121,   0,   1,   6,   7,   8,
     18,  19,  20,  33,  34,  35,  36,  37,  38,  39,  40,  41,  42,  43,  44,  45,
     46,  56,  57,  58,  59,  60,  61,  62,  63,  64,  65,  66,  69,  70,  71,  72,
     73,  75,  76, 111, 113, 114, 115, 116, 117, 118, 121, 124, 129, 130,  32,  35,
     37,  38,  39,  43,  44,  45,  56,  57,  58,  59,  61,  63,  64,  65,  66,  71,
     73,  75, 121,   0,   4,   6,   8,  19,  31,  33,  34,  35,  36,  37,  38,  39,
     40,  43,  44,  45,  48,  56,  57,  58,  59,  60,  61,  62,  63,  64,  65,  66,
     67,  69,  71,  72,  73,  75,  76, 111, 113, 114, 115, 117, 118, 121, 126, 130,
      6,  43,  44,  45, 121,   1,  33,  34,  35,  36,  38,  40,  43,  44,  45,  60,
     61,  62,  66,  69,  72,  76, 111, 121,   8,  33,  43,  44,  45,  46,  60,  62,
     70,  72,  76, 111, 113, 114, 115, 116, 117, 118, 121, 130,   6,   7,  18,  20,
     33,  34,  35,  36,  38,  40,  41,  42,  43,  44,  45,  46,  60,  61,  62,  66,
     69,  70,  72,  76, 111, 115, 121, 122, 123, 124, 129,  34,  36,  40,  43,  44,
     45,  61,  69, 121,   8,  21,  23,  24,  30,  32,  34,  35,  36,  38,  61,  66,
    103, 104, 105, 108, 115, 124,  21,  11,  16,   7, 131,   6,   2,   8,  18,  21,
     23,  24,  25,  26,  27,  28,  29,  30,  33,  34,  36,  40,  43,  44,  45,  55,
     58,  59,  60,  61,  62,  63,  69,  72,  73,  76, 103, 105, 106, 107, 108, 109,
    110, 111, 120, 121, 125,  33,  34,  35,  36,  37,  38,  39,  40,  41,  43,  44,
     45,  46,  56,  57,  58,  59,  60,  61,  62,  63,  64,  65,  66,  69,  70,  71,
     72,  73,  75,  76, 111, 121,   1,   7,  19,  33,  34,  36,  37,  39,  42,  43,
     44,  45,  56,  57,  58,  59,  60,  61,  62,  63,  64,  65,  68,  71,  72,  73,
     75,  76, 111, 112, 115, 118, 121, 127,   1,   7,   8,  20,  31,  34,  35,  36,
     38,  43,  44,  45,  58,  59,  61,  63,  66,  73,  75, 115, 121, 129,   1,   7,
      8,  20,  31,  34,  35,  36,  38,  43,  44,  45,  56,  58,  59,  61,  63,  64,
     65,  66,  71,  73,  75, 115, 121, 129,   1,   7,   8,  20,  31,  34,  35,  36,
     38,  43,  44,  45,  58,  59,  61,  63,  64,  66,  73,  75, 115, 121, 129,   1,
      7,   8,  20,  31,  34,  35,  36,  38,  43,  44,  45,  56,  57,  58,  59,  61,
     63,  64,  65,  66,  71,  73,  75, 115, 121, 129,   0,   1,   2,   6,   7,   8,
     19,  20,  21,  22,  23,  24,  25,  26,  27,  28,  29,  31,  33,  34,  35,  36,
     37,  38,  39,  40,  41,  42,  43,  44,  45,  46,  48,  49,  54,  55,  56,  57,
     58,  59,  60,  61,  62,  63,  64,  65,  66,  69,  70,  71,  72,  73,  74,  75,
     76, 102, 103, 104, 105, 106, 107, 108, 109, 110, 111, 112, 113, 114, 115, 116,
    117, 120, 121, 124, 125, 126, 127, 129, 130,   1,   7,  19,  33,  34,  35,  36,
     37,  38,  39,  42,  43,  44,  45,  56,  57,  58,  59,  60,  61,  62,  63,  64,
     65,  66,  68,  71,  72,  73,  75,  76, 111, 112, 115, 118, 121, 127,   0,   1,
      4,   5,  19,  30,  31,  33,  34,  35,  36,  37,  38,  39,  41,  42,  43,  44,
     45,  46,  48,  56,  57,  58,  59,  60,  61,  62,  63,  64,  65,  66,  67,  69,
     70,  71,  72,  73,  75,  76, 111, 121,  35,  38,  43,  44,  45,  66,  68,  73,
    121,   7,   8,  20,  21,  23,  24,  26,  27,  28,  33,  37,  39,  40,  41,  42,
     43,  44,  45,  46,  56,  57,  58,  59,  60,  62,  63,  64,  65,  69,  70,  71,
     72,  73,  75,  76, 103, 104, 106, 107, 108, 109, 110, 111, 116, 120, 121, 126,
    129,   1,   7,   8,  20,  31,  34,  35,  36,  38,  43,  44,  45,  56,  58,  59,
     61,  63,  64,  65,  66,  71,  73,  75, 115, 121, 129,   1,   7,   8,  20,  31,
     34,  35,  36,  38,  43,  44,  45,  58,  59,  61,  63,  65,  66,  73,  75, 115,
    121, 129,   1,   7,   8,  20,  31,  34,  35,  36,  38,  43,  44,  45,  56,  58,
     59,  61,  63,  64,  65,  66,  71,  73,  75, 115, 121, 129,   1,   7,   8,  20,
     31,  34,  35,  36,  38,  43,  44,  45,  58,  61,  66,  73, 115, 121, 129,   8,
     34,  35,  36,  38,  43,  44,  45,  46,  61,  66,  70, 115, 121,  19,  21,  26,
     28,  34,  36,  61, 107,  33,  60,  62,  72,  76, 111,  41,  43,  45,   6,  43,
     44,  45, 121,   1,   4,  19,  30,  31,  33,  34,  36,  40,  43,  44,  45,  48,
     60,  61,  62,  69,  70,  72,  76, 111, 121,   0,   1,   2,   6,   7,   8,  12,
     18,  19,  20,  21,  22,  23,  24,  25,  26,  27,  28,  29,  31,  33,  34,  35,
     36,  37,  38,  39,  40,  41,  42,  43,  44,  45,  46,  48,  54,  55,  56,  57,
     58,  59,  60,  61,  62,  63,  64,  65,  66,  69,  70,  71,  72,  73,  74,  75,
     76, 102, 103, 104, 105, 106, 107, 108, 109, 110, 111, 112, 113, 114, 115, 116,
    117, 118, 119, 120, 121, 124, 125, 126, 127, 129, 130,  21,  24,  26,  27,  28,
     29,  34,  36,  44,  45,  61, 106, 107, 120, 121,  34,  35,  36,  37,  38,  39,
     42,  43,  45,  56,  57,  58,  59,  61,  63,  64,  65,  66,  71,  73,  75,  24,
     25,  26,  28,  34,  36,  54,  55,  61,  74, 107,  34,  35,  36,  37,  38,  39,
     41,  42,  43,  44,  45,  46,  56,  57,  58,  59,  61,  63,  64,  65,  66,  70,
     71,  73,  75, 114, 121,   1,   7,   8,  20,  31,  34,  35,  36,  38,  43,  44,
     45,  56,  58,  59,  61,  63,  64,  65,  66,  71,  73,  75, 115, 121, 129,   1,
      7,   8,  20,  31,  34,  35,  36,  38,  43,  44,  45,  58,  59,  61,  63,  66,
     71,  73,  75, 115, 121, 129,   1,   7,   8,  20,  31,  34,  35,  36,  38,  43,
     44,  45,  57,  58,  59,  61,  63,  64,  65,  66,  71,  73,  75, 115, 121, 129,
     80,  82,  83,  85,  87,  90,  91,  92,  93,  94,  97,  98,  99, 100, 101,  77,
     79,  81,  82,  83,  84,  85,  90,  91,  95,  99, 100, 101,  83,  85,  90,  91,
     93,  98, 100, 101,  90, 100, 101,  77,  81,  82,  83,  84,  85,  95,  77,  78,
     80,  86,  87,  88,  90,  91,  92,  93,  97,  99, 100, 101,  83,  85,  99,  87,
     90,  91,  93,  98, 100, 101,  77,  78,  80,  86,  87,  88,  90,  91,  92,  93,
     95,  97,  99, 100, 101,  90,  91, 100, 101,  80,  87,  90,  91,  92,  94,  97,
    100, 101,  77,  81,  84,  95,  90,  91,  93, 100, 101,  77,  78,  80,  86,  87,
     88,  90,  91,  92,  97,  99, 101,  80,  90,  91,  93, 100, 101,  77,  78,  80,
     86,  87,  88,  90,  91,  92,  97,  99, 100, 101,  87, 100,  87,  93,  95, 100,
    101,  83,  85,  90,  91,  95,  99, 100, 101,  83,  85,  91,  95, 101,  83,  85,
     87,  95,  96, 101,  83,  85,  89,  90,  91,  95,  98,  99, 100, 101,  78,  87,
     88,  89,  90,  91, 100, 101,  83,  85,  88,  90,  95,  99, 101,  87,  88,  92,
     93,  97,  99,  77,  87,  88,  89,  90,  91,  92,  93,  97,  98,  99, 100, 101,
     87,  90,  91,  93,  98, 100, 101,  78,  87,  88,  90,  91, 100, 101,  87,  88,
     95,  99,  87,  88,  95,  99,  87,  88,  92,  95,  99,  87,  88,  95,   1,   6,
     12,  19,  20,  21,  22,  23,  24,  26,  27,  28,  29,  33,  34,  35,  36,  37,
     38,  39,  40,  41,  42,  43,  44,  45,  46,  54,  55,  56,  57,  58,  59,  60,
     61,  62,  63,  64,  65,  66,  69,  70,  71,  72,  73,  74,  75,  76, 102, 103,
    104, 105, 106, 107, 108, 109, 110, 111, 116, 120, 121, 126, 129,   0,   1,   4,
      6,   7,   8,  12,  18,  19,  20,  21,  22,  24,  26,  27,  28,  31,  33,  34,
     35,  36,  37,  38,  39,  40,  41,  42,  43,  44,  45,  48,  54,  55,  56,  57,
     58,  59,  60,  61,  62,  63,  64,  65,  66,  69,  71,  72,  73,  74,  75,  76,
    102, 104, 105, 106, 107, 108, 109, 110, 111, 112, 113, 114, 115, 116, 117, 118,
    119, 120, 121, 122, 124, 126, 127, 129, 130,   2,   8,  18,  21,  24,  25,  26,
     27,  28,  29,  33,  34,  36,  40,  43,  44,  45,  58,  59,  60,  61,  62,  63,
     69,  72,  73,  76, 102, 105, 106, 107, 108, 109, 110, 111, 120, 121, 125,  20,
     21,  23,  24,  25,  26,  27,  28,  33,  40,  41,  42,  43,  44,  45,  46,  60,
     62,  69,  70,  72,  76, 103, 106, 107, 111, 112, 113, 114, 115, 116, 117, 119,
    120, 121, 127, 129, 130,   0,   1,   2,  19,  20,  21,  22,  23,  24,  27,  28,
     45,  54,  55,  74, 102, 103, 104, 105, 106, 107, 108, 110, 120, 129,   1,  12,
     20,  21,  22,  24,  25,  26,  27,  28,  33,  37,  39,  40,  43,  45,  54,  55,
     56,  57,  58,  59,  60,  62,  63,  64,  65,  69,  71,  72,  73,  74,  75,  76,
    102, 104, 105, 106, 107, 108, 109, 111, 113, 114, 115, 116, 117, 120, 125, 126,
    129, 130,   0,   1,   2,   6,   7,   8,  12,  18,  19,  20,  21,  22,  23,  24,
     25,  26,  27,  28,  29,  31,  33,  34,  35,  36,  37,  38,  39,  40,  41,  42,
     43,  44,  45,  46,  48,  54,  55,  56,  57,  58,  59,  60,  61,  62,  63,  64,
     65,  66,  69,  70,  71,  72,  73,  74,  75,  76, 102, 103, 104, 105, 106, 107,
    108, 109, 110, 111, 112, 113, 114, 115, 116, 117, 118, 119, 120, 121, 124, 125,
    126, 127, 129, 130,   1,   6,  12,  19,  20,  21,  22,  23,  24,  26,  27,  28,
     29,  33,  34,  35,  36,  37,  38,  39,  40,  41,  42,  43,  44,  45,  46,  54,
     55,  56,  57,  58,  59,  60,  61,  62,  63,  64,  65,  66,  69,  70,  71,  72,
     73,  74,  75,  76, 102, 103, 104, 105, 106, 107, 108, 109, 110, 111, 116, 120,
    121, 126, 129,   0,   1,   4,   6,   7,   8,  12,  18,  19,  20,  21,  22,  24,
     26,  27,  28,  31,  33,  34,  35,  36,  37,  38,  39,  40,  41,  42,  43,  44,
     45,  48,  54,  55,  56,  57,  58,  59,  60,  61,  62,  63,  64,  65,  66,  69,
     71,  72,  73,  74,  75,  76, 102, 104, 105, 106, 107, 108, 109, 110, 111, 112,
    113, 114, 115, 116, 117, 118, 119, 120, 121, 122, 124, 126, 127, 129, 130,   3,
      4,   6,   8,  12,  19,  20,  21,  22,  23,  24,  26,  27,  28,  31,  33,  35,
     38,  43,  48,  54,  55,  60,  62,  66,  72,  74,  76, 102, 103, 104, 105, 106,
    107, 108, 109, 110, 111, 113, 120, 125, 126, 129, 130,   1,   2,   6,   8,  12,
     19,  21,  24,  26,  27,  28,  29,  33,  34,  35,  36,  37,  38,  39,  40,  41,
     42,  43,  44,  45,  56,  57,  58,  59,  60,  61,  62,  63,  64,  65,  66,  69,
     71,  72,  73,  75,  76, 104, 105, 106, 107, 108, 109, 110, 111, 114, 116, 120,
    121,   1,   2,   6,   8,  12,  19,  21,  24,  26,  27,  28,  29,  33,  34,  35,
     36,  37,  38,  39,  40,  41,  42,  43,  44,  45,  56,  57,  58,  59,  60,  61,
     62,  63,  64,  65,  66,  69,  71,  72,  73,  75,  76, 104, 105, 106, 107, 108,
    109, 110, 111, 114, 115, 116, 120, 121,   1,   6,  19,  37,  39,  44,  45,  56,
     57,  58,  59,  63,  64,  65,  71,  73,  75, 113, 114, 115, 117, 118, 121, 124,
    130,   4,   6,   8,  31,  32,  33,  34,  35,  36,  37,  38,  39,  44,  45,  48,
     56,  57,  58,  59,  60,  61,  62,  63,  64,  65,  66,  71,  72,  73,  75,  76,
    111, 112, 113, 114, 115, 116, 117, 118, 121, 124, 126, 127, 130,   4,   6,   8,
     31,  32,  33,  34,  35,  36,  37,  38,  39,  44,  45,  48,  56,  57,  58,  59,
     60,  61,  62,  63,  64,  65,  66,  71,  72,  73,  75,  76, 111, 112, 113, 114,
    115, 116, 117, 118, 121, 124, 126, 127, 130,   0,   1,   8,  19,  33,  37,  39,
     40,  44,  45,  56,  57,  58,  59,  60,  62,  63,  64,  65,  69,  71,  72,  73,
     75,  76, 111, 113, 114, 115, 116, 118, 121, 124, 130,   1,   7,   8,  20,  31,
     34,  35,  36,  38,  43,  44,  45,  61,  66, 115, 119, 121, 129,   0,   1,   2,
      6,   7,   8,  18,  19,  20,  21,  22,  23,  24,  25,  26,  27,  28,  29,  33,
     35,  37,  38,  39,  40,  41,  42,  43,  45,  46,  54,  55,  56,  57,  58,  59,
     60,  62,  63,  64,  65,  66,  69,  70,  71,  72,  73,  74,  75,  76, 102, 103,
    104, 105, 106, 107, 108, 109, 110, 111, 112, 113, 114, 115, 116, 120, 124, 125,
    126, 129, 130,   1,  33,  60,  62,  72,  76, 111,   2,   6,   7,  18,  20,  21,
     22,  28,  33,  34,  36,  37,  39,  40,  42,  43,  44,  45,  54,  55,  56,  57,
     58,  59,  60,  61,  62,  63,  64,  65,  69,  71,  72,  73,  74,  75,  76, 102,
    104, 105, 106, 107, 109, 110, 111, 112, 113, 114, 115, 116, 117, 118, 119, 121,
    127, 129, 130,   0,   4,   6,   8,  19,  31,  33,  34,  35,  36,  37,  38,  39,
     40,  43,  44,  45,  48,  56,  57,  58,  59,  60,  61,  62,  63,  64,  65,  66,
     67,  69,  71,  72,  73,  75,  76, 111, 113, 114, 115, 117, 118, 121, 126, 130,
      1,  12,  20,  21,  22,  24,  25,  26,  27,  28,  33,  37,  39,  40,  43,  45,
     54,  55,  56,  57,  58,  59,  60,  62,  63,  64,  65,  69,  71,  72,  73,  74,
     75,  76, 102, 104, 105, 106, 107, 108, 109, 111, 113, 114, 115, 116, 117, 120,
    125, 126, 129, 130,   3,   4,   6,   8,  12,  19,  20,  21,  22,  23,  24,  26,
     27,  28,  31,  33,  35,  38,  43,  48,  54,  55,  60,  62,  66,  72,  74,  76,
    102, 103, 104, 105, 106, 107, 108, 109, 110, 111, 113, 120, 125, 126, 129, 130,
      3,   4,   6,   8,  12,  19,  20,  21,  22,  23,  24,  26,  27,  28,  31,  33,
     35,  38,  43,  44,  45,  48,  54,  55,  60,  62,  66,  72,  74,  76, 102, 103,
    104, 105, 106, 107, 108, 109, 110, 111, 112, 113, 116, 120, 121, 125, 126, 129,
    130,   0,   1,   6,   7,   8,  18,  19,  20,  33,  34,  35,  36,  37,  38,  39,
     40,  41,  42,  43,  44,  45,  46,  56,  57,  58,  59,  60,  61,  62,  63,  64,
     65,  66,  69,  70,  71,  72,  73,  75,  76, 111, 113, 114, 115, 116, 117, 118,
    121, 124, 129, 130,   8,  33,  35,  37,  38,  39,  42,  43,  44,  45,  46,  56,
     57,  58,  59,  60,  62,  63,  64,  65,  66,  70,  71,  72,  73,  75,  76, 111,
    113, 114, 115, 116, 117, 118, 121, 130,   1,   2,   6,   8,  12,  19,  21,  24,
     26,  27,  28,  29,  33,  34,  35,  36,  37,  38,  39,  40,  41,  42,  43,  44,
     45,  56,  57,  58,  59,  60,  61,  62,  63,  64,  65,  66,  69,  71,  72,  73,
     75,  76, 104, 105, 106, 107, 108, 109, 110, 111, 114, 116, 120, 121,   3,   4,
      6,   8,  12,  19,  20,  21,  22,  23,  24,  26,  27,  28,  31,  33,  35,  38,
     43,  48,  54,  55,  60,  62,  66,  72,  74,  76, 102, 103, 104, 105, 106, 107,
    108, 109, 110, 111, 113, 120, 125, 126, 129, 130,   0,   1,   6,   7,   8,  18,
     19,  20,  33,  34,  35,  36,  37,  38,  39,  40,  41,  42,  43,  44,  45,  46,
     56,  57,  58,  59,  60,  61,  62,  63,  64,  65,  66,  69,  70,  71,  72,  73,
     75,  76, 111, 113, 114, 115, 116, 117, 118, 121, 124, 129, 130, 108,   0,   1,
      2,   6,   7,   8,  18,  19,  20,  21,  22,  23,  24,  25,  26,  27,  28,  29,
     33,  35,  37,  38,  39,  40,  41,  42,  43,  45,  46,  54,  55,  56,  57,  58,
     59,  60,  62,  63,  64,  65,  66,  69,  70,  71,  72,  73,  74,  75,  76, 102,
    103, 104, 105, 106, 107, 108, 109, 110, 111, 112, 113, 114, 115, 116, 120, 124,
    125, 126, 129, 130,   8,  35,  38,  66,   0,   1,   2,   6,   7,   8,  18,  19,
     20,  21,  22,  24,  25,  26,  27,  28,  29,  33,  35,  37,  38,  39,  40,  41,
     42,  43,  45,  46,  54,  55,  56,  57,  58,  59,  60,  62,  63,  64,  65,  66,
     69,  70,  71,  72,  73,  74,  75,  76, 102, 104, 105, 106, 107, 108, 109, 110,
    111, 112, 113, 114, 115, 116, 120, 124, 125, 126, 129, 130,   0,   1,   6,   7,
      8,  18,  19,  20,  33,  34,  35,  36,  37,  38,  39,  40,  41,  42,  43,  44,
     45,  46,  56,  57,  58,  59,  60,  61,  62,  63,  64,  65,  66,  69,  70,  71,
     72,  73,  75,  76, 111, 113, 114, 115, 116, 117, 118, 121, 124, 129, 130, 131,
    131,
};

static const int8_t bitter_12_italicKernSparseValues[] = {
      -4,  -18,  -12,  -32,    2,    6,   -6,   -7,    6,    6,  -14,  -10,    2,    2,   -7,    6,
      -7,  -14,   -7,    2,   -7,    2,  -28,  -22,   -6,    3,  -11,   -7,   -8,   -9,    6,   -6,
     -10,    4,  -12,  -13,   -3,   -3,   -6,  -14,   -5,  -13,  -20,  -25,  -22,   -8,   -4,  -12,
     -12,   -4,   -6,  -14,  -14,  -12,   -5,   -5,  -12,  -12,  -12,  -21,   -4,   -4,  -12,  -12,
     -12,  -12,   -4,  -12,   -5,  -12,   -4,   -5,  -25,  -22,   -4,  -10,  -25,  -14,  -10,    2,
     -20,  -18,  -15,  -20,   -4,   -4,   -4,   -4,  -10,  -10,   -7,   -6,   -4,    4,   -4,   -6,
     -15,  -20,  -15,  -10,    2,    9,   19,  -10,    7,    8,   -3,   17,   17,   -3,   -3,   17,
      -3,   -3,   19,   -4,    8,   -7,   -4,   -3,   -3,   -6,  -14,  -34,  -22,  -10,    2,  -14,
     -11,  -22,  -10,  -16,    8,    2,  -29,  -27,   -4,  -37,  -10,   -8,   -8,  -28,   -6,  -25,
     -10,   -8,   -8,   -8,   -8,  -10,  -10,   -8,   -8,   -8,   -8,  -10,   -8,   -8,  -10,    2,
       4,   -4,  -37,  -58,  -10,  -48,   -4,   -6,  -34,  -16,  -18,   -8,  -11,    2,  -13,  -22,
      -4,   -4,  -22,  -22,  -38,  -23,   -8,  -13,  -14,  -10,  -38,  -16,   -9,   -8,   -6,  -15,
      -4,   -3,  -38,  -23,   -6,    7,  -16,   -5,  -14,   -3,    4,   -2,    4,    4,   -7,    4,
      11,    7,  -14,    7,    7,  -11,  -11,  -15,   -8,    7,   -3,   -3,  -11,  -11,  -11,  -11,
     -14,    7,  -14,  -11,  -11,  -11,  -11,  -14,  -11,   -3,  -11,  -14,   -3,    4,  -17,  -12,
      -7,    4,   -2,   -7,   -9,  -14,  -16,  -25,  -13,  -13,  -18,   -7,  -15,  -14,   -5,  -16,
     -22,   -2,   -6,    2,    3,   -4,    4,  -18,    6,   -3,  -10,   -8,   -4,   -8,   -6,   -8,
      -8,   -8,   -8,    4,    3,   -5,  -17,   -6,   -4,   -4,  -12,   -8,   -7,   -6,   -5,   -4,
      -6,    2,   -7,   -7,  -13,   -4,  -35,  -17,   -7,    4,   -2,   -7,   -5,   -6,   -5,    2,
      -6,   12,   -8,   -9,   -8,   -6,   -8,   -8,   -8,   -8,  -21,   -4,   -6,   -6,   -7,  -14,
      -4,  -20,   -5,   -3,   -7,   -4,  -20,   -4,   -3,    2,    4,   -9,    2,    2,    2,    2,
      -4,    4,  -13,   -3,  -16,    2,  -18,   -2,  -10,   -8,  -19,  -25,  -16,  -11,   -2,   -2,
       3,   -2,   -2,    3,   -2,   -3,   -2,   -3,   -7,   -8,   -4,   -2,   -2,   -2,   -2,   -2,
       2,   -2,   -2,   -2,   -2,    3,   -3,   -2,   -2,   -2,   -2,   -2,  -12,   -6,  -25,  -16,
     -18,  -11,   -6,   -2,  -10,   -2,  -60,   -8,  -11,  -44,  -14,    1,  -16,    3,  -17,  -10,
       2,  -14,   -6,  -35,  -23,  -28,   -8,  -32,  -10,    3,   -7,  -10,   -7,  -10,   -9,   -7,
      -9,   -6,  -12,  -12,  -18,   -2,  -18,   -8,    2,   -6,  -14,  -14,   -9,   -9,   -9,   -9,
      -7,  -10,   -7,   -9,   -9,   -9,   -7,   -6,   -8,   -9,   -7,   -9,  -14,   -9,   -7,  -14,
      -6,    2,    3,   -8,  -32,  -48,  -13,   -6,   -7,   -8,  -13,    5,  -34,  -28,  -12,   -8,
      -2,  -28,  -31,  -20,   -8,  -10,  -13,  -15,  -14,   -8,   -6,   -2,  -16,  -10,   -2,  -17,
     -28,  -25,  -27,  -12,   -4,   -4,   -4,   -4,   -7,   -4,   -7,   -4,   -4,   -6,  -10,  -16,
     -12,   -7,  -10,  -10,   -7,   -7,   -7,   -7,   -4,   -4,   -4,   -7,   -7,   -7,   -4,   -4,
      -7,   -7,   -4,   -7,  -10,   -7,   -4,  -10,   -2,  -17,  -14,  -25,  -27,  -32,  -16,  -14,
      -4,  -10,  -25,  -16,  -11,   -2,   -3,   -6,   -8,  -13,   -3,   -6,   -8,   -4,   -6,   -8,
     -12,  -14,   -4,  -10,  -14,  -20,  -14,  -14,  -10,  -10,  -10,  -10,  -12,   -7,  -10,   -6,
     -12,  -10,  -14,  -10,  -10,  -10,  -18,  -14,  -10,  -14,  -18,  -10,  -10,  -12,  -14,  -10,
     -14,  -10,  -10,  -14,   -4,  -12,   -8,  -20,  -14,  -17,  -19,  -14,  -14,  -20,  -12,  -13,
     -12,   -4,   -2,   -9,  -14,  -14,  -16,  -19,  -14,   -7,   -5,   -5,   -8,   -7,   -8,  -12,
     -10,  -10,   -7,   -5,   -5,   -5,   -8,   -7,   -7,   -5,   -5,   -5,   -8,   -7,   -5,   -7,
      -5,   -5,   -7,  -14,  -19,  -14,  -20,   -8,  -10,   -7,  -13,  -19,  -10,  -16,   -9,   -5,
     -44,   -7,  -18,   -9,  -30,  -10,   -4,   -6,  -12,   -6,   -9,  -18,   -3,   -3,   -3,   -4,
      -3,   -4,  -13,   -4,   -4,   -4,  -10,   -4,   -9,  -10,  -10,   -4,   -4,   -1,   -2,  -18,
      -3,  -18,   -2,   -4,   -4,   -3,  -13,   -9,   -3,  -18,   -4,  -10,   -2,  -18,  -10,   -4,
     -29,  -12,   -6,   -6,  -18,  -27,  -12,  -10,   -8,  -13,   -9,   -2,   -4,  -18,  -15,  -20,
      -4,   -4,   -4,   -4,  -10,  -10,   -7,   -6,   -4,    4,   -4,   -6,  -15,  -20,  -15,  -10,
      -7,   -6,   -2,  -13,   -8,   -2,  -12,  -17,  -10,   -6,   -6,    2,    2,   -4,   -8,  -11,
      -8,    2,    4,   -6,    2,   -6,    2,   -4,   -6,    3,   -6,   -4,  -17,  -10,  -11,   -8,
      -7,   -6,  -17,  -11,  -14,   -9,   -7,  -19,   -2,   -6,  -17,   -6,   -9,   -5,    3,   -2,
       3,   -2,   -2,   -2,   -8,   -4,   -5,   -9,  -14,   -8,   -7,   -2,   -2,   -2,   -2,    3,
      -5,    3,   -5,   -2,   -2,   -2,   -8,   -7,   -2,   -5,   -2,   -2,   -5,   -2,  -12,  -17,
      -6,   -5,  -10,  -17,  -14,   -8,   -9,   -4,  -10,   -9,  -38,   -3,   -8,   -9,  -25,   -8,
     -14,   -4,  -16,  -18,  -10,  -12,  -12,  -12,   -9,   -3,   -8,   -3,   -8,  -15,  -12,  -12,
     -15,  -11,   -4,  -14,  -14,   -8,   -8,  -13,  -10,   -9,   -9,  -13,   -8,   -8,   -3,  -15,
      -4,   -8,   -9,  -14,  -14,   -8,   -9,  -14,   -4,   -2,    3,  -12,  -12,  -12,  -10,   -8,
      -9,    1,  -11,   -2,  -24,  -22,  -24,  -18,  -26,  -27,  -25,  -11,  -16,   -4,  -14,   -4,
      -4,  -26,  -16,  -35,   -6,  -36,   -4,   -4,   -6,   -6,   -6,  -10,   -6,  -17,   -4,  -19,
      -6,   -6,   -6,   -6,   -4,   -4,   -6,   -6,   -6,   -6,   -6,   -4,   -6,   -6,   -4,   -4,
      -6,  -36,   -4,   -6,   -4,  -14,    2,   -4,  -55,  -12,  -11,   -4,   -6,   -3,  -19,   -7,
      -6,   -3,   -6,  -13,  -18,  -17,   -9,   -2,   -6,   -4,   -2,   -4,   -3,   -2,   -3,   -4,
      -4,   -4,   -2,   -6,   -2,   -7,   -3,   -7,   -7,   -3,   -3,   -3,   -3,   -6,   -4,   -6,
      -3,   -3,   -3,   -2,   -4,   -7,   -3,   -6,   -3,   -7,   -3,   -6,   -7,   -6,  -22,  -16,
     -18,  -17,  -13,  -13,  -11,   -6,  -20,   -3,  -18,   -6,   -3,  -13,   -3,   18,  -16,   25,
     -18,   -2,  -10,   25,   -8,  -19,  -25,  -16,  -11,   17,   29,   -2,   -4,    3,   -4,   -2,
       3,   -2,   -3,   -2,   -3,   -7,   -8,   -2,    7,   16,   -2,   -2,   -2,   -2,    1,   14,
      -2,   -2,   -2,   -2,    3,   -3,   -2,   -2,   -2,   -2,   -2,   25,  -12,   -6,  -25,  -16,
     -18,  -11,   -6,   -2,  -10,   -2,  -60,   -8,   -6,   -4,   -4,  -13,   -7,  -22,  -11,  -24,
      -4,   -8,   -2,   -4,   -2,   -4,   -6,   -6,  -10,   -6,   -9,   -4,   -4,   -4,   -4,   -4,
      -4,   -8,   -8,   -4,   -4,   -4,   -2,   -4,   -8,   -4,   -4,   -4,   -8,   -4,  -11,  -24,
     -10,   -8,  -11,   -6,   -6,    2,  -10,  -31,  -29,  -11,  -10,   -4,  -10,  -31,   -8,   -6,
      -6,   -3,   -6,  -14,   -6,  -12,  -18,   -2,   -6,   -2,   -8,   -6,   -8,  -17,   -4,   -6,
      -5,  -13,  -14,   -8,   -8,   -8,   -8,   -3,   -9,  -18,   -2,  -18,   -4,   -8,   -8,   -6,
     -17,  -14,   -8,  -18,  -12,   -8,  -14,  -18,   -8,   -6,  -34,  -24,  -14,   -6,   -4,  -14,
     -18,  -18,  -21,  -55,  -13,   -9,  -20,  -10,   -8,   -1,  -20,  -45,  -22,  -19,  -14,  -21,
      -2,  -38,  -28,  -14,   -6,   -4,   -5,    2,  -10,    2,  -12,   -2,  -24,   -2,  -10,   -2,
     -18,  -10,  -18,  -26,  -14,  -20,  -14,  -30,  -18,  -28,   -3,  -14,  -14,  -18,  -31,  -14,
     -11,  -24,   -2,  -24,  -12,  -20,  -19,  -10,  -26,  -28,  -31,  -24,  -14,  -14,  -17,  -24,
     -14,   -6,  -34,  -24,  -27,    2,   -3,  -16,  -21,  -24,  -18,  -22,  -29,  -17,  -20,  -27,
     -30,   13,  -10,  -30,  -18,  -20,  -27,  -18,  -38,  -22,  -17,  -42,  -14,   -9,   -4,  -24,
     -16,  -30,  -10,   -6,   -6,   -5,    2,   -8,    2,  -10,  -26,    2,   -4,  -11,   -4,  -11,
     -26,  -13,  -18,  -20,  -26,  -16,  -20,  -10,  -10,  -11,  -20,   -6,   -5,  -26,  -26,   -5,
     -13,  -14,   -3,  -26,  -20,  -14,  -26,   -7,  -10,   -9,  -26,  -10,   -6,  -32,   -8,    2,
     -26,  -28,  -21,    5,  -51,  -26,  -27,  -30,  -16,  -10,  -10,  -10,   -8,  -11,   -8,  -10,
     -14,  -10,   -3,   -5,   -5,   -8,   -8,   -8,  -10,   -9,  -12,   -8,   -8,   -5,   -5,   -5,
      -6,   -3,   -3,   -5,   -5,   -5,   -8,   -5,   -3,   -5,   -8,   -5,   -3,   -8,  -14,  -10,
      -3,  -14,   -9,  -10,   18,    7,   48,  -22,    2,    2,   14,    6,   10,   24,   10,   24,
      10,   24,   48,    6,   11,    2,   -4,   -6,  -10,   -4,   -4,  -14,  -26,    7,   11,   23,
       7,    7,    4,   23,    7,    7,   14,   14,    6,   14,   14,    6,   14,   14,   14,   -3,
     -25,    2,   -6,  -11,   -4,  -11,   -6,  -22,   -8,   -4,  -20,   -6,  -20,  -11,   -2,   -2,
       4,  -10,  -12,  -10,    4,    4,    4,    4,    4,   -5,   -8,  -14,   -8,   -9,   -4,  -12,
     -10,    2,   -2,   -5,   -3,   -8,   -4,   -7,   -8,   -2,   -8,   -5,   -2,   -5,   -6,   -8,
     -12,   -6,   -5,   -5,   -5,   -5,   -7,   -8,   -7,   -5,   -5,   -5,   -2,   -4,   -5,   -7,
      -5,   -5,   -7,   -7,    2,  -10,   -8,  -12,    2,  -16,   -2,    7,   -4,    7,    2,    2,
       2,    2,   -7,   -8,   -6,    4,    2,    2,    4,  -11,   -8,   -4,   -7,  -14,  -10,   -9,
      -8,  -12,   -8,   -8,  -14,   -4,   -9,   11,   16,   40,    8,   -6,  -10,   -2,   12,   15,
      53,   -2,   15,    4,   15,    2,    4,    2,    4,    2,    5,   -6,    6,   10,    4,    9,
      19,   -2,   15,   -2,   14,    8,    9,    4,   10,    8,   16,    1,   30,    9,   -2,   -6,
       4,    7,    7,   -8,  -12,   -6,   -4,    7,   -4,    2,  -12,   -4,   -6,   -6,  -21,    3,
      -5,   -8,   -8,  -12,   -6,   -3,   -6,  -10,   -3,  -10,  -10,   -6,   -6,   -2,   -2,   -2,
      -7,  -10,  -10,  -10,  -10,  -12,   -6,  -12,  -10,  -10,  -10,   -3,  -10,   -7,  -10,  -12,
     -10,  -10,  -12,  -12,   -2,    2,   -4,   -5,   -6,   -2,   -2,   -7,   -8,   -2,   11,   17,
       2,   17,    8,  -13,  -12,   -2,    2,    2,    2,    2,    7,    2,    2,    2,   17,    2,
       2,    2,  -12,   -2,   -2,  -28,   -8,   -2,   -4,   -6,   -4,    2,   -4,    2,    2,    2,
      -4,    5,   -3,    7,   -8,    2,    2,    2,    2,   -6,   -4,   -6,    2,    2,    2,    2,
       2,   -4,    2,   -6,    2,    2,   -6,   -6,   -1,  -14,    3,   -8,   -9,   -3,   -2,   -1,
      -6,  -18,  -12,   -7,  -12,   -2,   -8,   -3,   -2,   -3,   -2,   -4,   -4,   -4,   -2,   -8,
      -3,   -8,   -2,   -4,   -8,   -8,   -8,   -4,    8,   -1,   -7,   -2,   -9,   -5,   -1,   -1,
      -5,   -1,   -1,   -1,   -6,    4,  -20,   -4,   -9,   -6,   -2,   -6,  -28,   -6,   -5,   -6,
      -7,   -2,    2,   -2,    2,   -8,    4,    2,    8,   -2,    7,   -4,   -7,   -2,   -7,    2,
      -8,   -4,   -7,   -7,   -7,    5,   -2,    4,    4,    4,   -6,   -2,   -2,   -4,   -7,   -7,
      -6,   -2,   -4,   -7,    7,    2,   13,   -3,    4,    7,    6,   11,    6,   11,    6,   11,
      13,    2,    2,  -11,   -8,   -4,  -10,   -3,   -4,  -13,   -4,  -10,   -7,   -6,   -2,  -13,
       4,   -8,   -2,  -12,  -17,  -10,   -6,    7,   -6,    2,    2,   -4,   -8,  -11,   -8,    8,
       2,    4,   -6,    2,   -6,    2,   -4,   -6,    3,   -6,    4,   -4,  -17,  -10,  -11,   -8,
      -7,   -6,  -17,  -11,  -14,   -2,   -2,   -4,   -2,   -4,   -4,   -4,   -2,   -4,  -11,  -10,
      -9,   -5,   -4,   -4,   -4,   -4,   -2,   -2,   -2,   -4,   -4,   -4,   -4,   -2,   -5,   -4,
      -2,   -4,   -4,   -2,   -2,  -10,   -3,   -8,   -4,   -7,   -8,   -8,   -5,   -5,   -6,   -8,
     -12,   -6,   -5,   -5,   -5,   -5,   -7,   -8,   -7,   -5,   -5,   -5,   -4,   -5,   -7,   -5,
      -5,   -7,   -7,    2,  -10,   -8,  -12,    2,  -16,   -2,    7,   -4,    7,    2,    2,    2,
       2,   -7,   -8,   -6,    4,    6,    2,    4,    2,    6,    2,  -11,   -8,   -4,  -16,   -2,
       7,   -4,    7,   10,    2,   10,    2,   -7,   -8,   -6,    4,    4,   12,   10,    7,    3,
       6,    2,    6,   13,    3,  -11,   -8,   -4,  -16,   -2,    7,   -4,    7,    6,    2,    6,
       2,   -7,   -8,   -6,    4,    7,    6,    6,    2,    2,    7,    4,  -11,   -8,   -4,  -16,
      -2,    7,   -4,    7,    9,    2,    9,    2,   -7,   -8,   -6,    4,    1,    9,   12,    9,
       9,    2,    6,    2,    4,   12,    6,  -11,   -8,   -4,  -11,  -44,  -14,    1,  -16,    3,
     -17,  -10,    2,  -14,   -8,  -35,  -23,  -28,   -8,  -32,  -10,    3,   -7,  -10,   -7,  -10,
      -9,   -7,   -9,   -6,  -12,  -12,  -18,   -2,  -18,   -8,    2,   -6,  -14,  -14,   -9,   -9,
      -9,   -9,   -7,  -10,   -7,   -9,   -9,   -9,   -7,   -6,   -8,   -9,   -7,   -9,  -14,   -9,
      -7,  -14,   -8,    2,    3,   -8,  -32,  -48,  -13,   -6,   -7,   -8,  -13,    5,  -34,  -28,
     -12,   -8,   -2,  -28,  -31,  -20,   -8,  -10,  -13,   -3,   -8,   -4,   -7,  -14,   -2,  -14,
      -5,   -2,   -5,   -6,   -8,  -12,   -6,   -5,   -5,   -5,   -5,   -7,  -14,   -7,   -5,   -5,
      -5,   -2,   -4,   -5,   -7,   -5,   -5,   -7,   -7,    2,  -10,   -8,  -12,    2,   22,   22,
      25,   18,   25,   32,   25,    6,   32,   22,   32,   16,   22,   16,   18,   16,   14,   14,
      17,   14,   25,   16,   16,   16,   16,    6,   32,   17,   16,   16,   16,   22,   24,   16,
      29,   16,    6,   16,   16,    6,    6,   14,   -2,   -2,  -12,   -8,   -7,   -2,    6,    4,
      -8,   -4,   -2,   -9,  -14,    4,  -14,  -16,  -19,  -14,   -7,   -5,   -5,   -8,   -7,   -8,
     -12,  -10,  -10,   -7,   -5,   -5,   -5,   -8,   -7,   -7,   -5,   -5,   -5,   -8,   -7,   -5,
      -7,   -5,   -5,   -7,    4,  -14,  -19,  -14,  -20,   -8,  -10,   -7,  -13,  -19,  -10,  -16,
      -9,  -16,   -2,    7,   -4,    7,    9,    2,    9,    2,   -7,   -8,   -6,    6,    4,   11,
       9,    7,    4,    7,    9,    7,   22,    4,  -11,   -8,   -4,  -16,   -2,    7,   -4,    7,
       2,    2,    2,    2,   -7,   -8,   -6,    4,    6,    2,    4,    2,    2,   12,    2,  -11,
      -8,   -4,  -16,   -2,    7,   -4,    7,    2,    2,    2,    2,   -7,   -8,   -6,    4,    6,
      10,    2,    7,    3,    9,    2,    8,   21,    2,  -11,   -8,   -4,  -16,   -2,    7,   -4,
       7,    2,    9,    2,    9,   -7,   -8,   -6,    4,    2,    9,    4,  -11,   -8,   -4,    4,
       6,    7,    6,    7,   -8,  -12,   -6,   -4,    6,    7,   -4,    2,  -12,    2,    2,    3,
       2,    6,    6,    6,    2,    6,    6,    6,    6,    6,    6,    4,    4,    4,   -6,   -8,
     -12,   -7,  -12,    5,   11,    7,   11,   11,   -8,    4,    4,   -4,   -4,   -4,   -2,   11,
      -8,    4,   -8,   -4,    2,   -8,   -8,   -8,   -4,   -8,   -1,  -20,  -45,  -22,  -19,  -14,
     -21,   -2,  -35,  -28,  -14,   -6,   -4,   -5,    2,  -10,    2,  -12,   -2,  -24,   -2,  -10,
      -2,  -18,  -10,  -18,  -26,  -14,  -20,  -14,  -30,  -18,  -28,   -3,  -14,  -14,  -18,  -31,
     -14,  -11,  -24,   -2,  -24,  -12,  -20,  -19,  -10,  -26,  -28,  -31,  -24,  -14,  -14,  -17,
     -24,  -14,   -6,  -34,  -24,  -27,    2,   -3,  -16,  -21,  -24,  -18,  -22,  -29,  -17,  -20,
     -27,  -30,   13,  -10,  -30,  -18,  -20,  -27,  -18,  -35,  -22,   -2,   -8,  -16,  -22,  -22,
     -11,    3,    3,   -8,   -4,    3,  -22,  -22,  -22,   -8,    4,    2,    4,    2,    2,    2,
       2,    2,    2,    2,    2,    2,    2,    4,    2,    2,    2,    2,    2,    2,    2,    2,
       3,    2,    3,    7,    7,    4,    4,    7,    3,    3,    7,    7,    7,    7,    7,    7,
       6,    7,    7,    4,    3,    2,    7,    7,    7,    7,    7,    7,    7,    7,    7,    2,
       7,    7,    7,    4,    4,  -16,   -2,    7,   -4,    7,    8,    2,    8,    2,   -7,   -8,
      -6,    3,    3,    8,    8,    4,    2,    4,    2,    6,   16,    2,  -11,   -8,   -4,  -16,
      -2,    7,   -4,    7,    2,    2,    2,    2,   -7,   -8,   -6,    4,    8,    2,    6,    2,
       2,    6,    6,  -11,   -8,   -4,  -16,   -2,    7,   -4,    7,    8,    2,    8,    2,   -7,
      -8,   -6,    1,    8,   11,    8,    8,    4,    3,    2,    3,   10,    9,  -11,   -8,   -4,
      -8,  -24,  -28,  -32,   -4,   -8,  -76,   -8,   -8,   -8,   -8,  -24,   -4,  -32,  -24,   -8,
      -8,   -8,   -8,  -16,   -8,  -12,   -8,   -8,  -12,   -4,   -8,   -8,   -8,   -8,   -8,  -12,
      -4,   -8,  -24,   -8,   -4,   -8,   -4,   -8,   -4,   -8,  -12,   -8,  -12,  -12,  -16,  -16,
     -12,  -12,  -24,  -24,  -20,  -20,  -28,   -8,  -28,  -28,  -24,  -20,  -12,   -4,   -4,   -4,
      -4,   -4,   -4,  -20,  -24,   -8,  -36,  -20,  -16,   -8,  -32,  -28,  -20,  -36,  -20,  -12,
     -12,  -20,  -32,  -28,  -20,   -8,  -12,  -20,   -8,   -8,   -8,  -16,  -20,   -8,   -8,   -8,
     -24,  -20,  -20,   -4,   -8,  -12,   -4,  -12,   -4,   -8,   -4,  -24,   -8,   -8,   -4,  -12,
     -12,   -8,  -20,  -20,  -20,  -20,   -8,   -8,   -8,  -28,   -8,  -20,  -20,  -32,   -4,  -12,
      -4,  -12,  -12,   -4,   -8,  -28,  -28,  -12,   -8,   -4,   -8,  -16,   -4,   -8,   -8,   -4,
      -8,  -28,  -28,   -4,  -16,   -8,   -4,   -4,   -8,  -28,  -28,  -16,   -8,   -8,  -28,  -28,
      -8,   -8,   -8,   -8,  -28,  -28,   -8,   -4,  -32,   -8,   -8,   -4,   -8,   -8,   -8,  -12,
      -8,   -4,  -12,   -4,  -16,   -4,  -28,  -28,   -4,   -8,   -8,   -8,   -8,   -4,   -8,   -8,
      -8,   -8,   -4,  -20,   -8,  -20,  -20,  -16,  -28,   -8,  -16,   -8,  -16,   -4,  -44,  -40,
      -4,   -4,   -4,   -4,   -8,  -12,   -8,   -8,    4,   -4,   -4,   -4,   -8,   -4,   -4,  -12,
     -12,   -4,   -4,   -4,  -12,   -4,   -4,  -12,   -8,  -12,   -4,  -12,  -16,  -20,  -15,  -14,
      -8,   -6,   -2,  -16,  -10,   -2,  -36,  -28,  -25,  -27,  -12,   -4,   -4,   -4,   -4,   -7,
      -4,   -7,   -4,   -4,   -6,  -10,  -16,  -12,   -7,  -10,  -10,   -7,   -7,   -7,   -7,   -4,
      -4,   -4,   -7,   -7,   -7,   -4,   -4,   -7,   -7,   -4,   -7,  -10,   -7,   -4,  -10,   -2,
     -17,  -14,  -25,  -27,  -32,  -16,  -14,   -4,  -10,  -25,  -16,  -11,   -2,   -3,    3,   -6,
     -50,  -37,  -28,  -12,  -12,   -2,  -19,  -48,  -13,   -4,    2,  -14,   -2,   -4,  -30,    2,
      -5,    2,   -9,   -5,   -9,  -23,   -4,   -9,   -4,  -10,   -6,   -6,  -13,  -13,   -9,   -9,
      -9,   -9,  -30,    2,  -30,   -9,   -9,   -9,   -5,  -23,   -9,  -30,   -9,  -13,   -9,  -30,
     -13,  -41,  -31,  -37,   -2,   -9,  -14,  -25,  -30,  -15,  -16,  -25,   -9,   -6,  -16,  -32,
       4,  -14,  -21,   -4,  -10,  -30,  -15,  -19,  -16,   -7,   -6,   -2,  -13,   -8,   -2,  -12,
     -17,  -10,   -6,   -6,    2,    2,   -4,   -8,  -11,   -8,    2,    4,   -6,    2,   -6,    2,
      -4,   -6,    3,   -6,    8,   -4,  -17,  -10,  -11,   -8,   -7,   -6,  -17,  -11,  -14,   -2,
     -13,    5,   -7,   -2,   -8,  -10,   -6,   -6,   -7,   -2,   -4,  -14,  -16,  -11,   -3,   -6,
      -6,   -7,   -3,   -6,   -6,    5,  -10,   -6,   -6,  -13,  -14,  -11,  -18,  -16,  -14,    6,
     -10,  -16,  -13,   -2,  -14,   -3,  -20,   -8,   -6,   -2,  -18,   -8,   -1,  -26,  -22,  -35,
      -6,   -8,   -8,   -8,   -8,   -1,  -10,  -10,  -22,  -35,  -36,  -12,  -22,   -2,  -26,  -14,
     -15,   -2,  -15,  -28,  -20,  -39,  -19,  -37,   -6,   -4,   -4,  -10,  -20,  -20,  -15,  -15,
      -4,   -4,   -4,   -4,   -6,   -6,   -4,   -4,   -4,  -10,   -4,   -6,   -4,  -15,   -4,   -6,
     -15,   -2,    2,  -19,  -37,  -39,  -19,   -6,   -3,    2,  -33,  -26,  -15,  -19,  -27,  -17,
     -15,   -3,   -8,   -1,  -20,  -45,  -22,  -19,  -14,  -21,   -2,  -18,  -28,  -14,   -6,   -4,
      -5,    2,  -10,    2,  -12,   -2,  -24,   -2,  -10,   -2,  -18,  -10,  -18,  -26,  -14,  -20,
     -14,  -30,  -18,  -28,   -3,  -14,  -14,  -18,  -31,  -14,  -11,  -24,   -2,  -24,  -12,  -20,
     -19,  -10,  -26,  -28,  -31,  -24,  -14,  -14,  -17,  -24,  -14,   -6,  -34,  -24,  -27,    2,
      -3,  -16,  -21,  -24,  -18,  -22,  -29,  -17,  -20,  -27,  -30,   13,  -10,  -30,  -18,  -20,
     -27,  -18,  -35,  -22,  -15,  -14,   -8,   -6,   -2,  -16,  -10,   -2,  -38,  -28,  -25,  -27,
     -12,   -4,   -4,   -4,   -4,   -7,   -4,   -7,   -4,   -4,   -6,  -10,  -16,  -12,   -7,  -10,
     -10,   -7,   -7,   -7,   -7,   -4,   -4,   -4,   -7,   -7,   -7,   -4,   -4,   -7,   -7,   -4,
      -7,  -10,   -7,   -4,  -10,   -2,  -17,  -14,  -25,  -27,  -32,  -16,  -14,   -4,  -10,  -25,
     -16,  -11,   -2,   -3,    3,   -6,  -50,  -37,  -28,  -12,  -12,   -2,  -19,  -48,  -13,   -4,
       2,  -14,   -2,   -4,  -30,    2,   -5,    2,   -9,   -5,   -9,  -23,   -4,   -9,   -4,  -23,
      -6,   -6,  -13,  -13,   -9,   -9,   -9,   -9,  -30,    2,  -30,   -9,   -9,   -9,   -5,  -23,
      -9,  -30,   -9,  -13,   -9,  -30,  -13,  -41,  -31,  -37,   -2,   -9,  -14,  -25,  -30,  -15,
     -16,  -25,   -9,   -6,  -16,  -32,    4,  -14,  -57,   -4,  -10,  -30,  -15,  -19,  -16,   -8,
       8,    2,    8,   -6,   -2,   -8,   -5,   -3,   10,  -18,  -20,  -11,  -14,    6,  -14,   14,
      14,  -22,    4,   -3,   -3,  -14,  -14,   14,  -14,   -3,  -14,   -3,   10,   -3,    4,  -11,
     -29,  -22,   -6,   -5,  -14,    4,  -11,  -20,  -12,   -8,    4,  -13,   -3,  -16,    2,  -18,
      -2,  -10,   -8,  -19,  -25,  -32,  -11,   -2,   -2,    3,   -2,   -2,    3,   -2,   -3,   -2,
      -3,   -7,   -8,   -4,   -2,   -2,   -2,   -2,   -2,    2,   -2,   -2,   -2,   -2,    3,   -3,
      -2,   -2,   -2,   -2,   -2,  -12,   -6,  -25,  -32,  -18,  -11,   -6,   -2,  -10,   -2,  -60,
      -8,  -13,   -3,  -16,    2,  -18,   -2,  -10,   -8,  -19,  -25,  -16,  -11,   -2,   -2,    3,
      -2,   -2,    3,   -2,   -3,   -2,   -3,   -7,   -8,   -4,   -2,   -2,   -2,   -2,   -2,    2,
      -2,   -2,   -2,   -2,    3,   -3,   -2,   -2,   -2,   -2,   -2,  -12,   -6,  -25,  -16,  -18,
     -11,   -6,   -2,  -10,   -6,   -2,  -60,   -8,  -12,   -6,   -2,   -2,   -2,  -10,   -8,   -2,
      -2,   -2,   -2,   -2,   -2,   -2,   -2,   -2,   -2,   -6,   -9,  -14,   -8,   -8,  -10,  -14,
      -6,    9,    3,   18,    6,   14,   -5,    2,   28,    2,   -4,   28,   -4,    1,    3,    4,
      -4,   -4,   -4,   -4,   -5,    2,   -5,   -4,   -4,   -4,   28,   -4,   -5,   -4,   -4,   -5,
      -5,    3,   -6,    6,  -15,  -11,   -5,    2,    1,  -17,  -16,    3,   -9,    9,    3,   18,
       6,   14,   -5,    2,   10,    2,   -4,   10,   -4,    1,    4,    4,   -4,   -4,   -4,   -4,
      -5,    2,   -5,   -4,   -4,   -4,   10,   -4,   -5,   -4,   -4,   -5,   -5,    3,   -6,    6,
     -15,  -11,   -5,    2,    1,  -17,  -16,    3,   -6,   -3,  -15,    7,   -3,   -3,   -4,   -4,
      -3,  -10,  -15,   -4,   -4,   -4,   -4,   -3,   -3,   -4,   -4,   -4,   -3,   -4,   -3,   -4,
      -4,   -3,   -3,   -9,   -4,  -18,  -13,   -3,  -10,  -16,   -9,  -16,   -2,    7,   -4,    7,
      10,    2,   10,    2,   -7,   -8,   -6,   10,    2,  -11,   13,   -8,   -4,   -9,   -4,  -10,
      -9,  -38,   -3,   -8,   -9,  -60,   -8,  -14,   -4,  -56,  -18,  -10,  -12,  -64,  -12,   -9,
      -3,   -8,   -3,   -8,  -15,  -12,  -12,  -15,  -11,   -4,  -14,  -14,   -8,   -8,  -13,  -10,
      -9,   -9,  -13,   -8,   -8,   -3,  -15,   -4,   -8,   -9,  -14,  -14,   -8,   -9,  -14,   -4,
      -2,    3,  -12,  -64,  -66,  -10,   -8,   -9,    1,  -11,   -2,  -24,  -22,  -24,  -18,  -26,
     -27,  -60,  -11,  -28,    2,    2,    2,    2,    2,    2,  -15,  -31,  -34,  -14,  -24,  -53,
      -6,    2,  -16,    7,    7,  -11,  -11,  -20,   -8,  -12,  -25,  -18,   -6,   -6,  -11,  -11,
     -11,  -11,  -16,    7,  -16,  -11,  -11,  -11,  -20,  -11,  -16,  -11,   -6,  -11,  -16,   -8,
     -30,  -22,  -14,    2,   -8,  -24,  -36,  -25,  -21,  -28,  -22,  -18,  -15,  -20,   10,  -25,
     -25,  -24,  -21,   -2,   -2,  -28,   -8,   -2,   -4,   -6,   -4,    2,   -4,    2,    2,    2,
      -4,    5,   -3,    7,   -8,    2,    2,    2,    2,   -6,   -4,   -6,    2,    2,    2,    2,
       2,   -4,    2,   -6,    2,    2,   -6,   -6,   -1,  -26,    3,   -8,   -9,   -3,   -2,   -1,
     -26,  -14,  -15,   -2,  -15,  -28,  -20,  -73,  -19,  -37,   -6,   -4,   -4,  -10,  -20,  -20,
     -15,  -15,   -4,   -4,   -4,   -4,   -6,   -6,   -4,   -4,   -4,  -10,   -4,   -6,   -4,  -15,
      -4,   -6,  -15,   -2,    2,  -19,  -37,  -75,  -19,   -6,   -3,    2,  -33,  -26,  -15,  -19,
     -27,  -17,  -15,   -3,   -8,    8,    2,    8,   -6,   -2,  -34,   -5,  -12,   22,  -18,  -20,
     -11,  -14,    6,  -14,   27,   27,  -22,    4,  -12,  -12,  -14,  -14,   27,  -14,  -12,  -14,
     -12,   21,   -3,    4,  -11,  -29,  -50,   -6,   -5,  -14,    4,  -11,  -20,  -12,  -34,    4,
      -8,    8,    2,    8,   -6,   -2,  -36,   -5,  -16,   10,  -18,  -20,  -11,  -14,    6,  -14,
      25,   26,  -22,   -1,   -1,    4,  -16,  -16,  -14,  -14,   25,  -14,  -16,  -14,  -16,   10,
      -3,    4,  -11,  -29,  -22,   -6,   -5,  -18,   -6,    2,  -25,  -11,    4,  -20,  -12,  -36,
       2,   -4,   -6,   -6,  -21,    3,   -5,   -8,   -8,  -12,   -6,    8,   -6,  -10,    8,  -10,
     -10,   -6,   -6,  -16,   -2,   -2,   -7,  -10,  -10,  -10,  -10,  -12,   -6,  -12,  -10,  -10,
     -10,    8,  -10,   -7,  -10,  -12,  -10,  -10,  -12,  -12,   -2,    7,   -4,   -5,   -6,   -2,
      -2,   -7,   -8,    2,    8,   -1,   13,   -4,   13,   -4,   -4,   -7,   -2,  -14,   -5,   -4,
      -4,   -4,   -4,   -1,   -1,   -4,   -4,   -4,   13,   -5,   -4,   -1,   -4,   -4,   -1,   -1,
     -13,    4,  -20,   -4,   -9,   -6,   -2,   -9,  -13,   -3,  -16,    2,  -18,   -2,  -10,   -8,
     -19,  -25,  -16,  -11,   -2,   -2,    3,   -2,   -2,    3,   -2,   -3,   -2,   -3,   -7,   -8,
      -4,   -2,   -2,   -2,   -2,   -2,    2,   -2,   -2,   -2,   -2,    3,   -3,   -2,   -2,   -2,
      -2,   -2,  -12,   -6,  -25,  -16,  -51,  -11,   -6,   -2,  -10,   -2,  -60,   -8,   -8,    8,
       2,    8,   -6,   -2,  -35,   -5,   -3,   10,  -18,  -20,  -11,  -14,    6,  -14,   14,   14,
     -22,    4,   -3,   -3,  -14,  -14,   14,  -14,   -3,  -14,   -3,   10,   -3,    4,  -11,  -29,
     -22,   -6,   -5,  -14,    4,  -11,  -20,  -12,  -35,    4,   -4,   -6,   -6,  -21,    3,   -5,
      -8,   -8,  -12,   -6,   14,   -6,  -10,   14,  -10,  -10,   -6,   -6,   -2,   -2,   -2,   -7,
     -10,  -10,  -10,  -10,  -12,   -6,  -12,  -10,  -10,  -10,   14,  -10,   -7,  -10,  -12,  -10,
     -10,  -12,  -12,   -2,    6,   -4,   -5,   -6,   -2,   -2,   -7,   -8,    2,  -21,   -9,   -4,
     -10,   -9,  -38,   -3,   -8,   -9,  -25,   -8,  -14,   -2,  -16,  -18,  -10,  -12,  -12,  -12,
      -9,   -3,   -8,   -3,   -8,  -15,  -12,  -12,  -15,  -11,   -4,  -14,  -14,   -8,   -8,  -13,
     -10,   -9,   -9,  -13,   -8,   -8,   -3,  -15,   -4,   -8,   -9,  -14,  -14,   -8,   -9,  -14,
      -2,   -2,    3,  -12,  -12,  -12,  -10,   -8,   -9,    1,  -11,   -2,  -24,  -22,  -24,  -18,
     -26,  -27,  -25,  -11,    7,    8,    8,    8,   -9,   -4,  -10,   -9,  -38,   -3,   -8,   -9,
     -50,   -8,  -14,  -16,  -18,  -19,  -12,  -21,  -12,   -9,    1,   -8,    1,   -8,  -15,  -12,
     -12,  -15,  -11,   -4,  -14,  -14,   -8,   -8,  -13,  -10,   -9,   -9,  -13,   -8,   -8,    1,
     -15,   -4,   -8,   -9,  -14,  -14,   -8,   -9,  -14,   -2,    3,  -12,  -21,  -22,  -10,   -8,
      -9,    1,  -11,   -2,  -24,  -22,  -24,  -18,  -26,  -27,  -50,  -11,   -4,   -6,   -6,  -21,
       3,   -5,   -8,   -8,  -12,   -6,    1,   -6,  -10,    1,  -10,  -10,   -6,   -6,   -2,   -2,
      -2,   -7,  -10,  -10,  -10,  -10,  -12,   -6,  -12,  -10,  -10,  -10,    1,  -10,   -7,  -10,
     -12,  -10,  -10,  -12,  -12,   -2,    2,   -4,   -5,   -6,   -2,   -2,   -7,   -8,   -2,   -6,
      -2,
};

static const EpdLigaturePair bitter_12_italicLigaturePairs[] = {
    { 0x00660069, 0xFB01 }, // f i -> U+FB01
    { 0x0066006C, 0xFB02 }, // f l -> U+FB02
};

static constexpr EpdFontData bitter_12_italic = {
    bitter_12_italicBitmaps,
    bitter_12_italicGlyphs,
    bitter_12_italicIntervals,
    71,
    30,
    24,
    -7,
    true,
    bitter_12_italicGroups,
    15,
    nullptr,
    nullptr,  // kernLeftClasses: built-in fonts use split arrays
    nullptr,  // kernRightClasses
    bitter_12_italicKernLeftCodepoints,
    bitter_12_italicKernLeftClassIds,
    bitter_12_italicKernRightCodepoints,
    bitter_12_italicKernRightClassIds,
    nullptr,  // kernMatrix: built-in fonts use sparse rows
    bitter_12_italicKernRowOffsets,
    bitter_12_italicKernSparseCols,
    bitter_12_italicKernSparseValues,
    684,
    661,
    161,
    132,
    bitter_12_italicLigaturePairs,
    2,
};
