/**
 * generated by fontconvert.py
 * name: inter_12_bold
 * size: 12
 * mode: 1-bit
 * Command used: fontconvert.py inter_12_bold 12 ../builtinFonts/source/Inter/Inter-Bold.ttf ../builtinFonts/source/IBMPlexSansHebrew/IBMPlexSansHebrew-Bold.ttf --additional-intervals 0x05D0,0x05EA --additional-intervals 0x037E,0x037E --additional-intervals 0x0384,0x038A --additional-intervals 0x038C,0x038C --additional-intervals 0x038E,0x03A1 --additional-intervals 0x03A3,0x03CE
 */
#pragma once
#include "EpdFontData.h"

static const uint8_t inter_12_boldBitmaps[35516] = {
    0x79, 0xE7, 0x9E, 0x79, 0xE7, 0x9E, 0x79, 0xE7, 0x9E, 0x79, 0xE0, 0x1E, 0x7B, 0xE7, 0x8C, 0xF3,
    0xBD, 0xEF, 0x7B, 0xDE, 0xF7, 0xBD, 0xEF, 0x7B, 0xCE, 0x63, 0x80, 0x07, 0x1C, 0x0F, 0x1C, 0x0F,
    0x1C, 0x0F, 0x1C, 0x0E, 0x3C, 0x7F, 0xFF, 0x7F, 0xFF, 0x7F, 0xFF, 0x3F, 0xFE, 0x1E, 0x38, 0x1E,
    0x78, 0x7F, 0xFE, 0xFF, 0xFE, 0xFF, 0xFE, 0xFF, 0xFE, 0x3C, 0x70, 0x3C, 0xF0, 0x38, 0xF0, 0x38,
    0xF0, 0x03, 0x00, 0x07, 0x00, 0x1F, 0x00, 0xFF, 0x87, 0xFF, 0x8F, 0xFF, 0xBE, 0xFF, 0x7D, 0xDE,
    0xFB, 0x81, 0xFF, 0x01, 0xFF, 0x01, 0xFF, 0x81, 0xFF, 0xC0, 0x7F, 0x80, 0xFF, 0xF9, 0xDF, 0xF3,
    0xBF, 0xFF, 0xFB, 0xFF, 0xF3, 0xFF, 0xC1, 0xFF, 0x00, 0xF0, 0x00, 0xE0, 0x01, 0x80, 0x3C, 0x01,
    0xC3, 0xF0, 0x1E, 0x3F, 0xC0, 0xE1, 0xCE, 0x0F, 0x0E, 0x78, 0xF0, 0x73, 0xC7, 0x03, 0x9C, 0x70,
    0x1F, 0xE7, 0x80, 0x7E, 0x38, 0x01, 0xE3, 0x80, 0x00, 0x3C, 0x78, 0x01, 0xCF, 0xE0, 0x1C, 0x7F,
    0x81, 0xE3, 0x9C, 0x0E, 0x3C, 0xE0, 0xE1, 0xE7, 0x0F, 0x07, 0x78, 0xF0, 0x3F, 0xC7, 0x00, 0xFC,
    0x00, 0x01, 0x80, 0x03, 0x80, 0x07, 0xF0, 0x07, 0xFC, 0x07, 0xFE, 0x03, 0xC7, 0x01, 0xE3, 0x80,
    0xF3, 0xC0, 0x3F, 0xE0, 0x1F, 0xE0, 0x07, 0xE0, 0x0F, 0xF3, 0xCF, 0xFD, 0xE7, 0xFE, 0xF3, 0xCF,
    0xF1, 0xE3, 0xF8, 0xF8, 0xFC, 0x7F, 0xFE, 0x1F, 0xFF, 0x87, 0xFB, 0xE0, 0xE0, 0x00, 0xFF, 0xFF,
    0xFF, 0xFF, 0x60, 0x0E, 0x1E, 0x1E, 0x3E, 0x3C, 0x3C, 0x7C, 0x7C, 0x78, 0x78, 0x78, 0x78, 0x78,
    0x78, 0x78, 0x78, 0x78, 0x7C, 0x7C, 0x3C, 0x3E, 0x1E, 0x1E, 0x0F, 0x70, 0x78, 0x78, 0x7C, 0x3C,
    0x3E, 0x3E, 0x1E, 0x1E, 0x1E, 0x1F, 0x1F, 0x1F, 0x1F, 0x1F, 0x1E, 0x1E, 0x1E, 0x3E, 0x3C, 0x3C,
    0x7C, 0x78, 0x70, 0x06, 0x01, 0xC0, 0xB9, 0x3F, 0xF7, 0xFE, 0x7F, 0x8F, 0xF3, 0xFF, 0x76, 0xE5,
    0xC8, 0x38, 0x00, 0x00, 0x07, 0x00, 0x78, 0x03, 0xC0, 0x1E, 0x00, 0xF0, 0x7F, 0xFF, 0xFF, 0xFF,
    0xFF, 0xFF, 0xF8, 0x78, 0x03, 0xC0, 0x1E, 0x00, 0xF0, 0x00, 0x00, 0x7B, 0xDE, 0xFF, 0x7B, 0xDC,
    0xE0, 0xFF, 0xFF, 0xFF, 0xE0, 0x00, 0x79, 0xEF, 0x9E, 0x30, 0x00, 0x00, 0xF0, 0x78, 0x1E, 0x07,
    0x81, 0xC0, 0xF0, 0x3C, 0x0F, 0x07, 0x81, 0xE0, 0x78, 0x1E, 0x0F, 0x03, 0xC0, 0xF0, 0x38, 0x1E,
    0x07, 0x81, 0xE0, 0xF0, 0x3C, 0x0F, 0x00, 0x07, 0xC0, 0x3F, 0xE0, 0xFF, 0xE3, 0xFF, 0xC7, 0xC7,
    0xDF, 0x07, 0xBE, 0x0F, 0xF8, 0x1F, 0xF0, 0x3F, 0xE0, 0x3F, 0xC0, 0x7F, 0x81, 0xFF, 0x03, 0xFF,
    0x07, 0xFE, 0x0F, 0x3E, 0x3E, 0x7F, 0xF8, 0x7F, 0xF0, 0x7F, 0x80, 0x1C, 0x00, 0x07, 0x8F, 0xCF,
    0xEF, 0xF7, 0xFB, 0xBD, 0x1E, 0x0F, 0x07, 0x83, 0xC1, 0xE0, 0xF0, 0x78, 0x3C, 0x1E, 0x0F, 0x07,
    0x83, 0xC1, 0xE0, 0x0F, 0x80, 0xFF, 0x87, 0xFF, 0x1F, 0xFE, 0xF8, 0xFB, 0xC1, 0xEF, 0x07, 0x80,
    0x1E, 0x00, 0xF8, 0x07, 0xC0, 0x3F, 0x01, 0xF8, 0x0F, 0xC0, 0x7E, 0x03, 0xE0, 0x1F, 0x80, 0xFF,
    0xFF, 0xFF, 0xFF, 0xFF, 0xC0, 0x07, 0x80, 0x7F, 0x87, 0xFF, 0x9F, 0xFE, 0xF8, 0x7F, 0xE1, 0xF0,
    0x07, 0xC0, 0x3E, 0x07, 0xF8, 0x1F, 0x80, 0x7F, 0x80, 0x7F, 0x00, 0x7F, 0xC0, 0xFF, 0x03, 0xFE,
    0x1F, 0x7F, 0xFD, 0xFF, 0xE1, 0xFE, 0x01, 0xE0, 0x00, 0xF0, 0x03, 0xF0, 0x0F, 0xE0, 0x1F, 0xC0,
    0x7F, 0x81, 0xFF, 0x03, 0xDE, 0x0F, 0xBC, 0x3E, 0x78, 0x78, 0xF1, 0xF1, 0xE7, 0xC3, 0xCF, 0xFF,
    0xFF, 0xFF, 0xFF, 0xFF, 0xFF, 0xFF, 0x00, 0x78, 0x00, 0xF0, 0x01, 0xE0, 0x7F, 0xF1, 0xFF, 0xE7,
    0xFF, 0x9F, 0xFE, 0x78, 0x03, 0xE0, 0x0F, 0x00, 0x3F, 0xF8, 0xFF, 0xF3, 0xFF, 0xEF, 0x8F, 0x80,
    0x1F, 0x00, 0x7F, 0xC1, 0xFF, 0x07, 0xFE, 0x3E, 0xFF, 0xF9, 0xFF, 0xC3, 0xFE, 0x01, 0xC0, 0x07,
    0xC0, 0x7F, 0xC3, 0xFF, 0x9F, 0xFE, 0x7C, 0x7F, 0xE0, 0xFF, 0x00, 0x3D, 0xF8, 0xFF, 0xFB, 0xFF,
    0xEF, 0xC7, 0xFE, 0x0F, 0xF8, 0x3F, 0xE0, 0xFF, 0x83, 0xDF, 0x1F, 0x7F, 0xF8, 0xFF, 0xE1, 0xFE,
    0x00, 0xE0, 0x7F, 0xFB, 0xFF, 0xFF, 0xFF, 0xFF, 0xFF, 0x00, 0x7C, 0x03, 0xE0, 0x0F, 0x80, 0x7C,
    0x01, 0xF0, 0x0F, 0x80, 0x3E, 0x01, 0xF0, 0x07, 0xC0, 0x3E, 0x00, 0xF8, 0x07, 0xC0, 0x1F, 0x00,
    0xF8, 0x03, 0xE0, 0x00, 0x07, 0x80, 0x3F, 0xE1, 0xFF, 0xE3, 0xFF, 0xCF, 0x87, 0xDF, 0x0F, 0xBE,
    0x1F, 0x3E, 0x3C, 0x3F, 0xF8, 0x3F, 0xC1, 0xFF, 0xE7, 0xE7, 0xEF, 0x87, 0xDE, 0x07, 0xBC, 0x0F,
    0x7C, 0x3E, 0xFF, 0xFC, 0xFF, 0xF0, 0xFF, 0xC0, 0x3C, 0x00, 0x0F, 0x80, 0xFF, 0x87, 0xFF, 0x1F,
    0xFE, 0xF8, 0x7B, 0xC1, 0xFF, 0x03, 0xFC, 0x0F, 0xF8, 0x7F, 0xF3, 0xF7, 0xFF, 0xCF, 0xFF, 0x1F,
    0x3C, 0x00, 0xFF, 0x07, 0xFE, 0x3E, 0x7F, 0xF9, 0xFF, 0xC1, 0xFE, 0x01, 0xC0, 0x79, 0xEF, 0x9E,
    0x30, 0x00, 0x00, 0x01, 0xE7, 0xBE, 0x78, 0xC0, 0x79, 0xE7, 0xDE, 0x30, 0x00, 0x00, 0x01, 0xE7,
    0x9E, 0x7B, 0xCF, 0x3C, 0xE3, 0x80, 0x00, 0x00, 0x00, 0x70, 0x0F, 0xC0, 0xFF, 0x0F, 0xF8, 0xFF,
    0x87, 0xF8, 0x1F, 0x00, 0x7F, 0x01, 0xFF, 0x01, 0xFF, 0x01, 0xFF, 0x01, 0xFC, 0x00, 0xF0, 0x00,
    0xC0, 0xFF, 0xFF, 0xFF, 0xFF, 0xFF, 0xFF, 0xF0, 0x00, 0x00, 0x03, 0xFF, 0xFF, 0xFF, 0xFF, 0xFF,
    0xFF, 0x80, 0x00, 0x07, 0x00, 0x3E, 0x01, 0xFE, 0x0F, 0xFC, 0x0F, 0xF8, 0x1F, 0xE0, 0x1F, 0x03,
    0xF8, 0x7F, 0xDF, 0xF9, 0xFF, 0x0F, 0xC0, 0x78, 0x03, 0x00, 0x00, 0x07, 0x80, 0xFF, 0x0F, 0xFC,
    0xFF, 0xF7, 0x8F, 0xBC, 0x3C, 0x01, 0xE0, 0x1F, 0x03, 0xF0, 0x3F, 0x01, 0xF0, 0x0F, 0x00, 0xF8,
    0x03, 0x80, 0x00, 0x00, 0xE0, 0x0F, 0x80, 0x7C, 0x03, 0xE0, 0x04, 0x00, 0x00, 0x00, 0x00, 0x01,
    0xFF, 0x80, 0x07, 0xFF, 0xE0, 0x1F, 0xFF, 0xF0, 0x3F, 0x81, 0xF8, 0x3E, 0x00, 0x7C, 0x7C, 0x79,
    0xBE, 0x79, 0xFF, 0x9E, 0xF1, 0xFF, 0x9E, 0xF3, 0xFF, 0x8E, 0xF3, 0xC3, 0x8F, 0xF3, 0x83, 0x8F,
    0xF7, 0x83, 0x8F, 0xF7, 0x83, 0x8F, 0xF3, 0x83, 0x8E, 0xF3, 0xC7, 0xDE, 0xF3, 0xFF, 0xFE, 0xF9,
    0xFF, 0xFC, 0x78, 0x7C, 0xF8, 0x7C, 0x00, 0x00, 0x3F, 0x00, 0x80, 0x1F, 0xFF, 0xC0, 0x0F, 0xFF,
    0xC0, 0x03, 0xFF, 0xC0, 0x00, 0x3C, 0x00, 0x01, 0xE0, 0x00, 0xFC, 0x00, 0x3F, 0x80, 0x1F, 0xE0,
    0x07, 0xF8, 0x01, 0xFF, 0x00, 0xFF, 0xC0, 0x3E, 0xF0, 0x0F, 0x3E, 0x07, 0xCF, 0x81, 0xF1, 0xE0,
    0x7C, 0x7C, 0x3F, 0xFF, 0x0F, 0xFF, 0xC3, 0xFF, 0xF9, 0xF0, 0x3E, 0x7C, 0x07, 0xDE, 0x01, 0xFF,
    0x80, 0x7C, 0x7F, 0x81, 0xFF, 0xE3, 0xFF, 0xE7, 0xFF, 0xEF, 0x87, 0xDF, 0x07, 0xBE, 0x0F, 0x7C,
    0x3E, 0xFF, 0xF9, 0xFF, 0xE3, 0xFF, 0xF7, 0xC7, 0xEF, 0x83, 0xFF, 0x07, 0xFE, 0x0F, 0xFC, 0x7F,
    0xFF, 0xFD, 0xFF, 0xFB, 0xFF, 0xC0, 0x03, 0xE0, 0x07, 0xFC, 0x07, 0xFF, 0x87, 0xFF, 0xC7, 0xE3,
    0xF7, 0xE0, 0x7B, 0xE0, 0x3F, 0xF0, 0x00, 0xF0, 0x00, 0x78, 0x00, 0x3C, 0x00, 0x1E, 0x00, 0x0F,
    0x80, 0x77, 0xC0, 0x7D, 0xF0, 0x7C, 0xFE, 0xFE, 0x3F, 0xFE, 0x0F, 0xFE, 0x03, 0xFE, 0x00, 0x38,
    0x00, 0x7F, 0x00, 0xFF, 0xF0, 0xFF, 0xF8, 0xFF, 0xFC, 0xF8, 0xFE, 0xF8, 0x3E, 0xF8, 0x1F, 0xF8,
    0x1F, 0xF8, 0x0F, 0xF8, 0x0F, 0xF8, 0x0F, 0xF8, 0x0F, 0xF8, 0x1F, 0xF8, 0x1F, 0xF8, 0x3E, 0xFF,
    0xFE, 0xFF, 0xFC, 0xFF, 0xF8, 0xFF, 0xE0, 0x7F, 0xFF, 0xFF, 0xFF, 0xFF, 0xFF, 0xFF, 0x80, 0x7C,
    0x03, 0xE0, 0x1F, 0x00, 0xFF, 0xFF, 0xFF, 0xFF, 0xFF, 0xFF, 0xEF, 0x80, 0x7C, 0x03, 0xE0, 0x1F,
    0xFE, 0xFF, 0xFF, 0xFF, 0xFF, 0xFE, 0x7F, 0xFF, 0xFF, 0xFF, 0xFF, 0xFF, 0xFF, 0x80, 0x7C, 0x03,
    0xE0, 0x1F, 0x00, 0xFF, 0xE7, 0xFF, 0xBF, 0xFD, 0xFF, 0xEF, 0x80, 0x7C, 0x03, 0xE0, 0x1F, 0x00,
    0xF8, 0x07, 0xC0, 0x3E, 0x00, 0x03, 0xE0, 0x07, 0xFC, 0x07, 0xFF, 0x87, 0xFF, 0xC7, 0xE3, 0xF3,
    0xE0, 0x7B, 0xE0, 0x3F, 0xF0, 0x00, 0xF0, 0x00, 0x78, 0x3F, 0xFC, 0x1F, 0xFE, 0x0F, 0xFF, 0x87,
    0xFF, 0xC0, 0x7D, 0xF0, 0x3C, 0xFE, 0x7E, 0x3F, 0xFE, 0x0F, 0xFE, 0x03, 0xFE, 0x00, 0x38, 0x00,
    0x70, 0x0F, 0xF8, 0x0F, 0xF8, 0x0F, 0xF8, 0x0F, 0xF8, 0x0F, 0xF8, 0x0F, 0xF8, 0x0F, 0xF8, 0x0F,
    0xFF, 0xFF, 0xFF, 0xFF, 0xFF, 0xFF, 0xFF, 0xFF, 0xF8, 0x0F, 0xF8, 0x0F, 0xF8, 0x0F, 0xF8, 0x0F,
    0xF8, 0x0F, 0xF8, 0x0F, 0xF8, 0x0F, 0x77, 0xFF, 0xFF, 0xFF, 0xFF, 0xFF, 0xFF, 0xFF, 0xFF, 0xFF,
    0xFF, 0xFE, 0x00, 0x78, 0x03, 0xC0, 0x1E, 0x00, 0xF0, 0x07, 0x80, 0x3C, 0x01, 0xE0, 0x0F, 0x00,
    0x78, 0x03, 0xC0, 0x1E, 0x00, 0xF7, 0x87, 0xFC, 0x3F, 0xE1, 0xEF, 0x9F, 0x7F, 0xF9, 0xFF, 0x87,
    0xF8, 0x0E, 0x00, 0x70, 0x0F, 0x7C, 0x1F, 0xBE, 0x0F, 0x9F, 0x0F, 0x8F, 0x8F, 0x87, 0xCF, 0xC3,
    0xEF, 0xC1, 0xFF, 0xC0, 0xFF, 0xC0, 0x7F, 0xE0, 0x3F, 0xF8, 0x1F, 0xFE, 0x0F, 0xDF, 0x07, 0xC7,
    0xC3, 0xE1, 0xF1, 0xF0, 0xF8, 0xF8, 0x3E, 0x7C, 0x1F, 0xBE, 0x07, 0xC0, 0x70, 0x07, 0xC0, 0x3E,
    0x01, 0xF0, 0x0F, 0x80, 0x7C, 0x03, 0xE0, 0x1F, 0x00, 0xF8, 0x07, 0xC0, 0x3E, 0x01, 0xF0, 0x0F,
    0x80, 0x7C, 0x03, 0xE0, 0x1F, 0xFE, 0xFF, 0xFF, 0xFF, 0xFF, 0xFE, 0x7C, 0x01, 0xF7, 0xF0, 0x1F,
    0xFF, 0x80, 0xFF, 0xFE, 0x07, 0xFF, 0xF0, 0x7F, 0xFF, 0x83, 0xFF, 0xFE, 0x3F, 0xFF, 0xF1, 0xFF,
    0xFF, 0x8F, 0xFF, 0xFE, 0xFF, 0xFE, 0xF7, 0xBF, 0xF7, 0xBD, 0xFF, 0xBD, 0xEF, 0xFC, 0xFE, 0x7F,
    0xE7, 0xF3, 0xFF, 0x3F, 0x9F, 0xF8, 0xF8, 0xFF, 0xC7, 0xC7, 0xFE, 0x3E, 0x3E, 0x78, 0x07, 0x7E,
    0x07, 0xFF, 0x03, 0xFF, 0xC1, 0xFF, 0xE0, 0xFF, 0xF8, 0x7F, 0xFE, 0x3F, 0xFF, 0x1F, 0xFF, 0xCF,
    0xFD, 0xF7, 0xFE, 0xFB, 0xFF, 0x3F, 0xFF, 0x8F, 0xFF, 0xC7, 0xFF, 0xE1, 0xFF, 0xF0, 0x7F, 0xF8,
    0x3F, 0xFC, 0x0F, 0xFE, 0x07, 0xE0, 0x03, 0xE0, 0x03, 0xFE, 0x01, 0xFF, 0xE0, 0xFF, 0xF8, 0x7E,
    0x3F, 0x3F, 0x03, 0xEF, 0x80, 0xFB, 0xE0, 0x1E, 0xF0, 0x07, 0xBC, 0x01, 0xEF, 0x00, 0x7B, 0xC0,
    0x1E, 0xF8, 0x07, 0xBE, 0x03, 0xE7, 0xC1, 0xF9, 0xFD, 0xFC, 0x3F, 0xFE, 0x07, 0xFF, 0x00, 0xFF,
    0x80, 0x07, 0x00, 0x7F, 0x81, 0xFF, 0xE3, 0xFF, 0xE7, 0xFF, 0xEF, 0x87, 0xDF, 0x07, 0xBE, 0x0F,
    0xFC, 0x1F, 0xF8, 0x3D, 0xF1, 0xFB, 0xFF, 0xF7, 0xFF, 0xCF, 0xFE, 0x1F, 0x00, 0x3E, 0x00, 0x7C,
    0x00, 0xF8, 0x01, 0xF0, 0x03, 0xE0, 0x00, 0x03, 0xE0, 0x03, 0xFE, 0x01, 0xFF, 0xE0, 0xFF, 0xF8,
    0x7E, 0x3F, 0x3F, 0x03, 0xEF, 0x80, 0xFB, 0xE0, 0x1E, 0xF0, 0x07, 0xBC, 0x01, 0xEF, 0x00, 0x7B,
    0xC0, 0x1E, 0xF9, 0xE7, 0xBE, 0x7F, 0xE7, 0xCF, 0xF9, 0xFD, 0xFC, 0x3F, 0xFE, 0x07, 0xFF, 0x80,
    0xFF, 0xF0, 0x07, 0x3C, 0x00, 0x07, 0x80, 0x7F, 0x81, 0xFF, 0xE3, 0xFF, 0xE7, 0xFF, 0xEF, 0x87,
    0xDF, 0x07, 0xFE, 0x0F, 0xFC, 0x1F, 0xF8, 0x7D, 0xFF, 0xFB, 0xFF, 0xE7, 0xFF, 0x8F, 0xFF, 0x1F,
    0x3E, 0x3E, 0x3E, 0x7C, 0x7C, 0xF8, 0x7D, 0xF0, 0x7B, 0xE0, 0xF8, 0x07, 0xC0, 0x3F, 0xE1, 0xFF,
    0xE3, 0xFF, 0xEF, 0x87, 0xDF, 0x07, 0xBE, 0x00, 0x7E, 0x00, 0x7F, 0xC0, 0x7F, 0xE0, 0x7F, 0xF0,
    0x1F, 0xE0, 0x07, 0xFE, 0x07, 0xFC, 0x0F, 0xFE, 0x3E, 0xFF, 0xFC, 0xFF, 0xF0, 0x7F, 0xC0, 0x3C,
    0x00, 0x7F, 0xFF, 0xFF, 0xFF, 0xFF, 0xFF, 0xFF, 0xFF, 0x03, 0xE0, 0x03, 0xE0, 0x03, 0xE0, 0x03,
    0xE0, 0x03, 0xE0, 0x03, 0xE0, 0x03, 0xE0, 0x03, 0xE0, 0x03, 0xE0, 0x03, 0xE0, 0x03, 0xE0, 0x03,
    0xE0, 0x03, 0xE0, 0x03, 0xE0, 0x03, 0xE0, 0x70, 0x0E, 0xF8, 0x1F, 0xF8, 0x1F, 0xF8, 0x1F, 0xF8,
    0x1F, 0xF8, 0x1F, 0xF8, 0x1F, 0xF8, 0x1F, 0xF8, 0x1F, 0xF8, 0x1F, 0xF8, 0x1F, 0xF8, 0x1F, 0xF8,
    0x1F, 0xF8, 0x1F, 0xF8, 0x1F, 0x7E, 0x7E, 0x7F, 0xFE, 0x3F, 0xFC, 0x0F, 0xF8, 0x03, 0xC0, 0x70,
    0x03, 0xFE, 0x01, 0xF7, 0xC0, 0x7D, 0xF0, 0x1E, 0x7C, 0x0F, 0x8F, 0x83, 0xE3, 0xE0, 0xF0, 0xF8,
    0x7C, 0x1F, 0x1F, 0x07, 0xC7, 0x81, 0xF3, 0xE0, 0x3C, 0xF8, 0x0F, 0xBC, 0x01, 0xEF, 0x00, 0x7F,
    0xC0, 0x1F, 0xE0, 0x03, 0xF8, 0x00, 0xFE, 0x00, 0x3F, 0x00, 0x70, 0x1E, 0x07, 0xBE, 0x0F, 0x81,
    0xE7, 0x83, 0xF0, 0xF9, 0xF0, 0xFC, 0x3E, 0x7C, 0x3F, 0x0F, 0x9F, 0x1F, 0xC3, 0xC3, 0xC7, 0xF9,
    0xF0, 0xF1, 0xFE, 0x7C, 0x3E, 0x7F, 0x9F, 0x0F, 0xBD, 0xE7, 0x81, 0xEF, 0x3D, 0xE0, 0x7B, 0xCF,
    0xF8, 0x1F, 0xF3, 0xFC, 0x03, 0xF8, 0xFF, 0x00, 0xFE, 0x1F, 0xC0, 0x3F, 0x87, 0xF0, 0x0F, 0xE1,
    0xF8, 0x01, 0xF0, 0x7E, 0x00, 0x7C, 0x0F, 0x80, 0x78, 0x07, 0x9F, 0x03, 0xE3, 0xE1, 0xF0, 0xFC,
    0x7C, 0x1F, 0x3E, 0x03, 0xEF, 0x00, 0xFF, 0xC0, 0x1F, 0xE0, 0x03, 0xF0, 0x00, 0xFC, 0x00, 0x3F,
    0x00, 0x1F, 0xE0, 0x07, 0xFC, 0x03, 0xFF, 0x01, 0xF3, 0xE0, 0x7C, 0x7C, 0x3E, 0x1F, 0x1F, 0x03,
    0xEF, 0xC0, 0x7C, 0x78, 0x07, 0xBF, 0x03, 0xF7, 0xC0, 0xF8, 0xF8, 0x7C, 0x3E, 0x1F, 0x07, 0xCF,
    0x81, 0xF3, 0xE0, 0x3F, 0xF0, 0x07, 0xF8, 0x01, 0xFE, 0x00, 0x3F, 0x00, 0x0F, 0xC0, 0x01, 0xE0,
    0x00, 0x78, 0x00, 0x1E, 0x00, 0x07, 0x80, 0x01, 0xE0, 0x00, 0x78, 0x00, 0x1E, 0x00, 0xFF, 0xFD,
    0xFF, 0xFF, 0xFF, 0xFF, 0xFF, 0xE0, 0x07, 0xC0, 0x1F, 0x00, 0x7C, 0x01, 0xF0, 0x03, 0xE0, 0x0F,
    0x80, 0x3E, 0x00, 0x7C, 0x01, 0xF0, 0x07, 0xC0, 0x1F, 0x00, 0x3E, 0xFE, 0xFF, 0xFF, 0xFF, 0xFF,
    0xFF, 0xF8, 0xFD, 0xFB, 0xF7, 0xEF, 0x1E, 0x3C, 0x78, 0xF1, 0xE3, 0xC7, 0x8F, 0x1E, 0x3C, 0x78,
    0xF1, 0xE3, 0xC7, 0x8F, 0xDF, 0xBF, 0x7E, 0x00, 0x3C, 0x0F, 0x01, 0xC0, 0x78, 0x1E, 0x07, 0x80,
    0xF0, 0x3C, 0x0F, 0x03, 0xC0, 0x78, 0x1E, 0x07, 0x80, 0xE0, 0x3C, 0x0F, 0x03, 0xC0, 0x78, 0x1E,
    0x07, 0x81, 0xE0, 0x3C, 0xFD, 0xFB, 0xF7, 0xE3, 0xC7, 0x8F, 0x1E, 0x3C, 0x78, 0xF1, 0xE3, 0xC7,
    0x8F, 0x1E, 0x3C, 0x78, 0xF1, 0xEF, 0xDF, 0xBF, 0x7E, 0x0F, 0x00, 0xF8, 0x1F, 0x81, 0xF8, 0x3F,
    0xC3, 0x9C, 0x79, 0xE7, 0x0E, 0x00, 0x00, 0xFF, 0xFF, 0xFF, 0xFF, 0xF0, 0x79, 0xE3, 0xC7, 0x0F,
    0xC1, 0xFF, 0x8F, 0xFE, 0xF9, 0xF7, 0x87, 0x80, 0x7C, 0x7F, 0xEF, 0xFF, 0x7F, 0x7F, 0xC3, 0xFE,
    0x3E, 0xFF, 0xF7, 0xFF, 0x9F, 0xFC, 0x38, 0x00, 0x70, 0x03, 0xE0, 0x0F, 0x80, 0x3E, 0x00, 0xF8,
    0x03, 0xEF, 0x0F, 0xFF, 0x3F, 0xFE, 0xFF, 0xFB, 0xE1, 0xFF, 0x87, 0xFC, 0x1F, 0xF0, 0x3F, 0xE1,
    0xFF, 0x87, 0xFF, 0x3F, 0xFF, 0xFB, 0xFF, 0xCF, 0x7E, 0x00, 0x60, 0x07, 0xC0, 0x7F, 0xC3, 0xFF,
    0x9F, 0xFF, 0x7C, 0x7D, 0xE0, 0xE7, 0x80, 0x1E, 0x00, 0x78, 0x01, 0xE0, 0xF7, 0xC7, 0xCF, 0xFE,
    0x3F, 0xF8, 0x3F, 0xC0, 0x38, 0x00, 0x00, 0x1C, 0x00, 0x78, 0x00, 0xF0, 0x01, 0xE0, 0x03, 0xC1,
    0xF7, 0x87, 0xFF, 0x1F, 0xFE, 0x7F, 0xFC, 0xF8, 0xF9, 0xE0, 0xF3, 0xC1, 0xE7, 0x83, 0xCF, 0x07,
    0x9E, 0x0F, 0x3E, 0x3E, 0x7F, 0xFC, 0x7F, 0xF8, 0x7F, 0xF0, 0x38, 0x00, 0x07, 0xC0, 0x7F, 0xC3,
    0xFF, 0x9F, 0xBE, 0x78, 0x3D, 0xE0, 0xF7, 0xFF, 0xDF, 0xFF, 0x7F, 0xFD, 0xE0, 0x07, 0xC3, 0xCF,
    0xFF, 0x3F, 0xF8, 0x3F, 0xC0, 0x38, 0x00, 0x0F, 0xC7, 0xF1, 0xF8, 0xFA, 0x3E, 0x3F, 0xEF, 0xFB,
    0xFE, 0xFF, 0x8F, 0x83, 0xE0, 0xF8, 0x3E, 0x0F, 0x83, 0xE0, 0xF8, 0x3E, 0x0F, 0x83, 0xE0, 0x0F,
    0xBC, 0x3F, 0xF8, 0xFF, 0xF3, 0xFF, 0xE7, 0xC7, 0xCF, 0x07, 0x9E, 0x0F, 0x3C, 0x1E, 0x78, 0x3C,
    0xF8, 0x79, 0xF9, 0xF1, 0xFF, 0xE3, 0xFF, 0xC1, 0xF7, 0x80, 0x0F, 0x1C, 0x1E, 0x7F, 0xFC, 0x7F,
    0xF0, 0x7F, 0xC0, 0x3E, 0x00, 0x70, 0x07, 0x80, 0x3C, 0x01, 0xE0, 0x0F, 0x00, 0x79, 0xF3, 0xFF,
    0xDF, 0xFF, 0xFF, 0xFF, 0xC7, 0xFE, 0x1F, 0xF0, 0xFF, 0x87, 0xFC, 0x3F, 0xE1, 0xFF, 0x0F, 0xF8,
    0x7F, 0xC3, 0xFE, 0x1E, 0xF7, 0xFE, 0xE0, 0x7B, 0xFF, 0xFF, 0xFF, 0xFF, 0xFF, 0xFF, 0xFF, 0xFE,
    0x3C, 0x7C, 0xF8, 0xE0, 0x07, 0x8F, 0x9F, 0x3E, 0x7C, 0xF9, 0xF3, 0xE7, 0xCF, 0x9F, 0x3E, 0x7C,
    0xF9, 0xF3, 0xDF, 0xBF, 0x7C, 0x00, 0x70, 0x03, 0xE0, 0x0F, 0x80, 0x3E, 0x00, 0xF8, 0x03, 0xE3,
    0xEF, 0x9F, 0xBE, 0x7C, 0xFB, 0xE3, 0xFF, 0x0F, 0xF8, 0x3F, 0xE0, 0xFF, 0x83, 0xFF, 0x0F, 0xFE,
    0x3E, 0xF8, 0xF9, 0xF3, 0xE3, 0xEF, 0x8F, 0x80, 0x77, 0xFF, 0xFF, 0xFF, 0xFF, 0xFF, 0xFF, 0xFF,
    0xFF, 0xFF, 0xFF, 0xFE, 0xF3, 0xC7, 0xC7, 0xBF, 0x7F, 0x3F, 0xFF, 0xFD, 0xFF, 0xFF, 0xEF, 0x8F,
    0x8F, 0xFC, 0x78, 0x7F, 0xE3, 0xC3, 0xFF, 0x1E, 0x1F, 0xF8, 0xF0, 0xFF, 0xC7, 0x87, 0xFE, 0x3C,
    0x3F, 0xF1, 0xE1, 0xFF, 0x8F, 0x0F, 0xFC, 0x78, 0x7C, 0xF3, 0xE7, 0xBF, 0xBF, 0xFF, 0xFF, 0xFF,
    0x8F, 0xFC, 0x3F, 0xE1, 0xFF, 0x0F, 0xF8, 0x7F, 0xC3, 0xFE, 0x1F, 0xF0, 0xFF, 0x87, 0xFC, 0x3C,
    0x07, 0xC0, 0x3F, 0xE0, 0xFF, 0xE3, 0xFF, 0xE7, 0xC7, 0xCF, 0x07, 0x9E, 0x0F, 0xBC, 0x1F, 0x78,
    0x3E, 0xF0, 0x79, 0xF1, 0xF1, 0xFF, 0xC3, 0xFF, 0x81, 0xFE, 0x00, 0xE0, 0x00, 0xF3, 0xC3, 0xFF,
    0xCF, 0xFF, 0xBF, 0xFE, 0xF8, 0x7F, 0xE1, 0xFF, 0x07, 0xFC, 0x0F, 0xF8, 0x7F, 0xE1, 0xFF, 0xCF,
    0xFF, 0xFE, 0xFF, 0xF3, 0xFF, 0x8F, 0x98, 0x3E, 0x00, 0xF8, 0x03, 0xE0, 0x0F, 0x80, 0x00, 0x00,
    0x0F, 0xBC, 0x3F, 0xF8, 0xFF, 0xF3, 0xFF, 0xE7, 0xC7, 0xCF, 0x07, 0x9E, 0x0F, 0x3C, 0x1E, 0x78,
    0x3C, 0xF0, 0x79, 0xF1, 0xF3, 0xFF, 0xE3, 0xFF, 0xC3, 0xFF, 0x81, 0xCF, 0x00, 0x1E, 0x00, 0x3C,
    0x00, 0x78, 0x00, 0xF0, 0x00, 0x00, 0xF3, 0xFF, 0xFF, 0xFF, 0xFF, 0x87, 0xC3, 0xE1, 0xF0, 0xF8,
    0x7C, 0x3E, 0x1F, 0x0F, 0x87, 0xC0, 0x0F, 0xC1, 0xFF, 0x9F, 0xFC, 0xF9, 0xF7, 0x87, 0x3F, 0x01,
    0xFF, 0x87, 0xFE, 0x0F, 0xF8, 0x87, 0xDE, 0x1E, 0xFF, 0xF3, 0xFF, 0x0F, 0xF0, 0x1E, 0x00, 0x3C,
    0x1E, 0x0F, 0x1F, 0xFF, 0xFF, 0xFF, 0xFE, 0x78, 0x3C, 0x1E, 0x0F, 0x07, 0x83, 0xC1, 0xE0, 0xFE,
    0x7F, 0x1F, 0x81, 0x00, 0xF0, 0x7F, 0xC3, 0xFE, 0x1F, 0xF0, 0xFF, 0x87, 0xFC, 0x3F, 0xE1, 0xFF,
    0x0F, 0xF8, 0x7F, 0xC3, 0xFF, 0x3E, 0xFF, 0xF7, 0xFF, 0x9F, 0xBC, 0x30, 0x00, 0xF8, 0x3F, 0xF0,
    0x79, 0xE0, 0xF3, 0xE3, 0xE7, 0xC7, 0x87, 0x8F, 0x0F, 0xBE, 0x0F, 0x78, 0x1E, 0xF0, 0x3F, 0xC0,
    0x3F, 0x80, 0x7F, 0x00, 0xFC, 0x00, 0xF8, 0x00, 0xF0, 0x78, 0x7F, 0xC7, 0xC7, 0xDE, 0x3E, 0x3E,
    0xF1, 0xF1, 0xE7, 0x9F, 0xCF, 0x3E, 0xFE, 0xF8, 0xF7, 0xF7, 0x87, 0xBB, 0xBC, 0x3F, 0xDF, 0xE0,
    0xFE, 0xFE, 0x07, 0xE3, 0xF0, 0x3F, 0x1F, 0x80, 0xF8, 0xFC, 0x07, 0xC7, 0xC0, 0x78, 0x7D, 0xF1,
    0xE3, 0xCF, 0x8F, 0xBC, 0x1F, 0xE0, 0x7F, 0x80, 0xFC, 0x03, 0xF0, 0x0F, 0xE0, 0x7F, 0x83, 0xFF,
    0x0F, 0x3E, 0x7C, 0x7B, 0xE1, 0xF0, 0xF8, 0x3F, 0xF0, 0x79, 0xE0, 0xF3, 0xE3, 0xE7, 0xC7, 0x87,
    0x8F, 0x0F, 0xBE, 0x0F, 0x78, 0x1E, 0xF0, 0x3F, 0xC0, 0x3F, 0x80, 0x7F, 0x00, 0xFC, 0x00, 0xF8,
    0x01, 0xF0, 0x03, 0xC0, 0x3F, 0x80, 0xFE, 0x01, 0xF8, 0x00, 0xC0, 0x00, 0xFF, 0xFF, 0xFF, 0xFF,
    0xFF, 0xFE, 0x03, 0xE0, 0x7C, 0x0F, 0x81, 0xF0, 0x1F, 0x03, 0xE0, 0x7C, 0x0F, 0xFF, 0xFF, 0xFF,
    0xFF, 0x01, 0x81, 0xF0, 0xFC, 0x7F, 0x1E, 0x07, 0x81, 0xE0, 0x78, 0x1E, 0x07, 0x8F, 0xE3, 0xF0,
    0xFC, 0x3F, 0x83, 0xE0, 0x78, 0x1E, 0x07, 0x81, 0xE0, 0x78, 0x1F, 0xC3, 0xF0, 0xFC, 0x0F, 0x07,
    0xFF, 0xFF, 0xFF, 0xFF, 0xFF, 0xFF, 0xFF, 0xFF, 0xFF, 0xFF, 0xFF, 0xFF, 0xFF, 0xFF, 0xFF, 0xFF,
    0xFF, 0xFF, 0xE0, 0xC0, 0x7C, 0x3F, 0x1F, 0x83, 0xC1, 0xF0, 0xF8, 0x7C, 0x3E, 0x0F, 0x07, 0xE1,
    0xF0, 0xF8, 0xFC, 0x78, 0x7C, 0x3E, 0x1F, 0x0F, 0x87, 0xCF, 0xC7, 0xE3, 0xE1, 0xC0, 0x00, 0x00,
    0x7C, 0x39, 0xFE, 0x73, 0xFF, 0xE7, 0xBF, 0xDE, 0x3F, 0x00, 0x1C, 0x00, 0x79, 0xEF, 0x9E, 0x30,
    0x07, 0x9E, 0x79, 0xE7, 0x9E, 0x79, 0xE7, 0x9E, 0x79, 0xE7, 0x80, 0x01, 0x00, 0x0E, 0x00, 0x38,
    0x03, 0xF8, 0x1F, 0xF8, 0xFF, 0xE7, 0xFF, 0xDF, 0xEF, 0x7B, 0x81, 0xEE, 0x07, 0xB8, 0x1E, 0xEC,
    0x7F, 0xBD, 0xFF, 0xF3, 0xFF, 0x87, 0xFC, 0x0F, 0xE0, 0x0E, 0x00, 0x38, 0x00, 0x03, 0xC0, 0x3F,
    0xC1, 0xFF, 0x8F, 0xFE, 0x3C, 0x7D, 0xF0, 0xF7, 0xC0, 0x1F, 0x00, 0xFF, 0xC3, 0xFF, 0x0F, 0xFC,
    0x3F, 0xF0, 0x3C, 0x00, 0xF0, 0x03, 0xC3, 0xFE, 0x0F, 0xFF, 0xFF, 0xFF, 0xFF, 0xFF, 0x80, 0x20,
    0x02, 0x3B, 0xFB, 0xBF, 0xFF, 0xEF, 0xFF, 0xE3, 0xC1, 0xE3, 0xC0, 0x79, 0xC0, 0x1C, 0xE0, 0x0E,
    0x70, 0x07, 0x38, 0x03, 0x9C, 0x01, 0xCE, 0x01, 0xE3, 0x81, 0xE3, 0xFB, 0xFB, 0xFF, 0xFE, 0xFF,
    0xEE, 0x01, 0xC0, 0x00, 0x70, 0x3F, 0xE1, 0xF7, 0x87, 0x9F, 0x1E, 0x3C, 0xF8, 0xF3, 0xC1, 0xFF,
    0x07, 0xF8, 0x1F, 0xE1, 0xFF, 0xE7, 0xFF, 0x9F, 0xFE, 0x07, 0x81, 0xFF, 0xE7, 0xFF, 0x9F, 0xFE,
    0x07, 0x80, 0x1E, 0x00, 0x78, 0x00, 0x7F, 0xFF, 0xFF, 0xFF, 0xF7, 0x00, 0x00, 0xFF, 0xFF, 0xFF,
    0xFF, 0xF0, 0x0F, 0x03, 0xFC, 0x7F, 0xE7, 0xFE, 0xF9, 0xE7, 0x88, 0x7C, 0x07, 0xF0, 0x3F, 0xCF,
    0xFF, 0xE3, 0xFE, 0x0F, 0xF8, 0x7F, 0xEF, 0x7F, 0xE1, 0xFE, 0x07, 0xE0, 0x1E, 0xF0, 0xFF, 0xFE,
    0x7F, 0xE3, 0xFC, 0x1F, 0x80, 0xF3, 0xBD, 0xFF, 0x7D, 0x8E, 0x00, 0xF8, 0x00, 0x7F, 0xE0, 0x0F,
    0xFF, 0x81, 0xFF, 0xFC, 0x3E, 0x07, 0xC3, 0xDF, 0x9E, 0x7B, 0xFF, 0xE7, 0xBF, 0xEF, 0x77, 0x8E,
    0xF7, 0x70, 0x0F, 0x77, 0x00, 0xF7, 0x78, 0xEF, 0x7B, 0xFE, 0xF7, 0xBF, 0xDE, 0x3C, 0xFB, 0xE3,
    0xF0, 0x7C, 0x1F, 0xFF, 0xC0, 0xFF, 0xF0, 0x03, 0xFE, 0x00, 0x07, 0x00, 0x1F, 0x07, 0xF9, 0xFF,
    0x38, 0xF0, 0x7E, 0x7F, 0xDF, 0xFF, 0x8F, 0xF3, 0xEF, 0xFD, 0xFF, 0x80, 0x00, 0x00, 0x00, 0x1F,
    0x78, 0x7D, 0xF1, 0xF7, 0xC7, 0xDF, 0x1F, 0x7C, 0x3E, 0xF0, 0x7D, 0xF0, 0x7D, 0xF0, 0x7D, 0xF0,
    0x7D, 0xE0, 0x7F, 0xE0, 0x7B, 0xC0, 0xFF, 0xFF, 0xFF, 0xFF, 0xFF, 0xFF, 0x00, 0xF0, 0x0F, 0x00,
    0xF0, 0x07, 0x80, 0x3F, 0xC0, 0xFF, 0xE3, 0xC1, 0xCF, 0xF9, 0xDD, 0xF9, 0xB3, 0xB3, 0xE7, 0xE7,
    0xCF, 0xCF, 0xDF, 0x9B, 0xBB, 0x73, 0x81, 0xE3, 0xEF, 0x83, 0xFE, 0x03, 0xF0, 0x00, 0x7F, 0xFF,
    0xFF, 0x00, 0x1C, 0x0F, 0xC7, 0xFB, 0xFE, 0xE3, 0xB8, 0xEF, 0xF9, 0xFE, 0x3F, 0x07, 0x00, 0x00,
    0x00, 0x78, 0x03, 0xC0, 0x1E, 0x0F, 0xFF, 0xFF, 0xFF, 0xFF, 0xE1, 0xE0, 0x0F, 0x00, 0x78, 0x00,
    0x01, 0xFF, 0xFF, 0xFF, 0xFF, 0xFF, 0xFF, 0xE0, 0x00, 0x3F, 0xBF, 0xFF, 0xFE, 0x38, 0x3C, 0x7C,
    0x7C, 0x78, 0x7F, 0xFF, 0xFF, 0xF0, 0x00, 0x1F, 0xCF, 0xFB, 0xFE, 0x03, 0x87, 0xE1, 0xF8, 0x0F,
    0xF3, 0xFF, 0xE7, 0xF8, 0x70, 0x3C, 0x71, 0xE3, 0x80, 0xF0, 0x79, 0xF0, 0xF3, 0xE1, 0xE7, 0xC3,
    0xCF, 0x87, 0x9F, 0x0F, 0x3E, 0x1E, 0x7C, 0x3C, 0xF8, 0x79, 0xF0, 0xF3, 0xE3, 0xE7, 0xFF, 0xFF,
    0xFF, 0xFF, 0xF7, 0xFE, 0x00, 0x7C, 0x00, 0xF8, 0x01, 0xF0, 0x03, 0xE0, 0x00, 0x00, 0x00, 0x03,
    0xF8, 0x7F, 0xF3, 0xFF, 0xDF, 0xFF, 0x7F, 0x3D, 0xFC, 0xF7, 0xF3, 0xDF, 0xCF, 0x7F, 0x3D, 0xFC,
    0xF3, 0xF3, 0xC7, 0xCF, 0x07, 0x3C, 0x00, 0xF0, 0x03, 0xC0, 0x0F, 0x00, 0x3C, 0x00, 0xF0, 0x03,
    0xC0, 0x79, 0xEF, 0x9E, 0x30, 0x61, 0x87, 0x8F, 0x7F, 0xE0, 0x00, 0x7F, 0xFF, 0xFF, 0x3C, 0xF3,
    0xCF, 0x3C, 0xF1, 0xC0, 0x0F, 0x03, 0xFC, 0x7F, 0xE7, 0x9E, 0x70, 0xFF, 0x0F, 0xF0, 0xF7, 0x0F,
    0x7F, 0xE3, 0xFC, 0x1F, 0x80, 0x00, 0x00, 0x00, 0x7D, 0xE0, 0x3F, 0xF0, 0x1E, 0xF8, 0x1F, 0x7C,
    0x0F, 0xBE, 0x07, 0xDE, 0x0F, 0xBE, 0x1F, 0x7C, 0x1F, 0xF8, 0x3E, 0xF0, 0x7D, 0xF0, 0x79, 0xE0,
    0x00, 0x01, 0x81, 0xE0, 0x1C, 0x1F, 0x01, 0xE1, 0xF8, 0x0E, 0x05, 0xC0, 0xE0, 0x0E, 0x0F, 0x00,
    0x70, 0x70, 0x03, 0x87, 0x00, 0x1C, 0x78, 0xC0, 0xE7, 0x8F, 0x07, 0x38, 0xF8, 0x03, 0xC7, 0xC0,
    0x3C, 0x7E, 0x01, 0xC3, 0xF0, 0x1C, 0x3B, 0x81, 0xE3, 0xFE, 0x0E, 0x1F, 0xF0, 0xE0, 0x7F, 0x8F,
    0x00, 0x38, 0x00, 0x01, 0x81, 0xE0, 0x1C, 0x1F, 0x01, 0xE1, 0xF8, 0x0E, 0x05, 0xC0, 0xE0, 0x0E,
    0x0F, 0x00, 0x70, 0x70, 0x03, 0x87, 0x00, 0x1C, 0x78, 0xC0, 0xE7, 0x9F, 0x87, 0x39, 0xFE, 0x03,
    0xCE, 0x70, 0x3C, 0x03, 0x81, 0xC0, 0x3C, 0x1C, 0x03, 0xC1, 0xE0, 0x3C, 0x0E, 0x03, 0xC0, 0xE0,
    0x3F, 0xCF, 0x01, 0xFE, 0x0C, 0x00, 0x60, 0xFC, 0x03, 0x87, 0xF8, 0x1E, 0x1C, 0xE0, 0xF0, 0x07,
    0x83, 0x80, 0x7C, 0x1E, 0x01, 0xF8, 0xF0, 0x00, 0xE3, 0x80, 0x73, 0x9C, 0x31, 0xFE, 0xF1, 0xE3,
    0xF3, 0x8F, 0x80, 0x1C, 0x3E, 0x00, 0xF1, 0xF8, 0x03, 0x87, 0xE0, 0x1C, 0x3B, 0x80, 0xF1, 0xFF,
    0x03, 0x87, 0xFC, 0x1C, 0x1F, 0xF0, 0xF0, 0x03, 0x80, 0x07, 0x00, 0x7C, 0x03, 0xE0, 0x1F, 0x00,
    0x70, 0x00, 0x00, 0x1E, 0x01, 0xF0, 0x0F, 0x01, 0xF8, 0x1F, 0x81, 0xF8, 0x0F, 0x80, 0x78, 0x7B,
    0xC3, 0xDF, 0x3E, 0xFF, 0xF3, 0xFF, 0x07, 0xF0, 0x07, 0x80, 0x00, 0xF0, 0x00, 0x1C, 0x00, 0x07,
    0x80, 0x00, 0x00, 0x00, 0x78, 0x00, 0x3F, 0x00, 0x0F, 0xE0, 0x07, 0xF8, 0x01, 0xFE, 0x00, 0x7F,
    0xC0, 0x3F, 0xF0, 0x0F, 0xBC, 0x03, 0xCF, 0x81, 0xF3, 0xE0, 0x7C, 0x78, 0x1F, 0x1F, 0x0F, 0xFF,
    0xC3, 0xFF, 0xF0, 0xFF, 0xFE, 0x7C, 0x0F, 0x9F, 0x01, 0xF7, 0x80, 0x7F, 0xE0, 0x1F, 0x00, 0x78,
    0x00, 0x1C, 0x00, 0x0F, 0x00, 0x03, 0x80, 0x00, 0x00, 0x00, 0x78, 0x00, 0x3F, 0x00, 0x0F, 0xE0,
    0x07, 0xF8, 0x01, 0xFE, 0x00, 0x7F, 0xC0, 0x3F, 0xF0, 0x0F, 0xBC, 0x03, 0xCF, 0x81, 0xF3, 0xE0,
    0x7C, 0x78, 0x1F, 0x1F, 0x0F, 0xFF, 0xC3, 0xFF, 0xF0, 0xFF, 0xFE, 0x7C, 0x0F, 0x9F, 0x01, 0xF7,
    0x80, 0x7F, 0xE0, 0x1F, 0x01, 0xF0, 0x00, 0xFC, 0x00, 0x7F, 0x80, 0x3C, 0xF0, 0x00, 0x00, 0x00,
    0x78, 0x00, 0x3F, 0x00, 0x0F, 0xE0, 0x07, 0xF8, 0x01, 0xFE, 0x00, 0x7F, 0xC0, 0x3F, 0xF0, 0x0F,
    0xBC, 0x03, 0xCF, 0x81, 0xF3, 0xE0, 0x7C, 0x78, 0x1F, 0x1F, 0x0F, 0xFF, 0xC3, 0xFF, 0xF0, 0xFF,
    0xFE, 0x7C, 0x0F, 0x9F, 0x01, 0xF7, 0x80, 0x7F, 0xE0, 0x1F, 0x03, 0x9C, 0x01, 0xFF, 0x00, 0x7F,
    0x80, 0x19, 0xC0, 0x00, 0x00, 0x00, 0x78, 0x00, 0x3F, 0x00, 0x0F, 0xE0, 0x07, 0xF8, 0x01, 0xFE,
    0x00, 0x7F, 0xC0, 0x3F, 0xF0, 0x0F, 0xBC, 0x03, 0xCF, 0x81, 0xF3, 0xE0, 0x7C, 0x78, 0x1F, 0x1F,
    0x0F, 0xFF, 0xC3, 0xFF, 0xF0, 0xFF, 0xFE, 0x7C, 0x0F, 0x9F, 0x01, 0xF7, 0x80, 0x7F, 0xE0, 0x1F,
    0x07, 0x3C, 0x03, 0xEF, 0x00, 0xFB, 0xC0, 0x1C, 0xE0, 0x00, 0x00, 0x00, 0x78, 0x00, 0x3F, 0x00,
    0x0F, 0xE0, 0x07, 0xF8, 0x01, 0xFE, 0x00, 0x7F, 0xC0, 0x3F, 0xF0, 0x0F, 0xBC, 0x03, 0xCF, 0x81,
    0xF3, 0xE0, 0x7C, 0x78, 0x1F, 0x1F, 0x0F, 0xFF, 0xC3, 0xFF, 0xF0, 0xFF, 0xFE, 0x7C, 0x0F, 0x9F,
    0x01, 0xF7, 0x80, 0x7F, 0xE0, 0x1F, 0x01, 0xF0, 0x00, 0xFC, 0x00, 0x33, 0x80, 0x0C, 0xE0, 0x03,
    0xF8, 0x00, 0x7C, 0x00, 0x1E, 0x00, 0x0F, 0xC0, 0x03, 0xF8, 0x01, 0xFE, 0x00, 0x7F, 0x80, 0x1F,
    0xF0, 0x0F, 0xFC, 0x03, 0xEF, 0x00, 0xF3, 0xE0, 0x7C, 0xF8, 0x1F, 0x1E, 0x07, 0xC7, 0xC3, 0xFF,
    0xF0, 0xFF, 0xFC, 0x3F, 0xFF, 0x9F, 0x03, 0xE7, 0xC0, 0x7D, 0xE0, 0x1F, 0xF8, 0x07, 0xC0, 0x00,
    0xFF, 0xFF, 0x00, 0x7F, 0xFF, 0xC0, 0x7F, 0xFF, 0xE0, 0x3F, 0xFF, 0xF0, 0x3E, 0xF0, 0x00, 0x1F,
    0x78, 0x00, 0x1F, 0x3C, 0x00, 0x0F, 0x9E, 0x00, 0x07, 0x8F, 0xFF, 0x07, 0xC7, 0xFF, 0x83, 0xC3,
    0xFF, 0xC3, 0xE1, 0xFF, 0xE1, 0xFF, 0xF0, 0x01, 0xFF, 0xF8, 0x00, 0xFF, 0xFC, 0x00, 0x78, 0x1F,
    0xFE, 0x7C, 0x0F, 0xFF, 0xBE, 0x07, 0xFF, 0xFE, 0x03, 0xFF, 0xE0, 0x03, 0xE0, 0x07, 0xFC, 0x07,
    0xFF, 0x87, 0xFF, 0xC7, 0xE3, 0xF7, 0xE0, 0x7B, 0xE0, 0x3F, 0xF0, 0x00, 0xF0, 0x00, 0x78, 0x00,
    0x3C, 0x00, 0x1E, 0x00, 0x0F, 0x80, 0x77, 0xC0, 0x7D, 0xF0, 0x7C, 0xFE, 0xFE, 0x3F, 0xFE, 0x0F,
    0xFE, 0x03, 0xFE, 0x00, 0x38, 0x00, 0x1E, 0x00, 0x07, 0x80, 0x07, 0xC0, 0x03, 0xC0, 0x00, 0x00,
    0x00, 0x1E, 0x00, 0x70, 0x03, 0xC0, 0x0E, 0x00, 0x00, 0x3F, 0xFF, 0xFF, 0xFF, 0xFF, 0xFF, 0xFF,
    0xC0, 0x3E, 0x01, 0xF0, 0x0F, 0x80, 0x7F, 0xFF, 0xFF, 0xFF, 0xFF, 0xFF, 0xF7, 0xC0, 0x3E, 0x01,
    0xF0, 0x0F, 0xFF, 0x7F, 0xFF, 0xFF, 0xFF, 0xFF, 0x01, 0xE0, 0x1E, 0x00, 0xE0, 0x0F, 0x00, 0x00,
    0x3F, 0xFF, 0xFF, 0xFF, 0xFF, 0xFF, 0xFF, 0xC0, 0x3E, 0x01, 0xF0, 0x0F, 0x80, 0x7F, 0xFF, 0xFF,
    0xFF, 0xFF, 0xFF, 0xF7, 0xC0, 0x3E, 0x01, 0xF0, 0x0F, 0xFF, 0x7F, 0xFF, 0xFF, 0xFF, 0xFF, 0x0F,
    0x80, 0xFE, 0x07, 0xF8, 0x79, 0xE0, 0x00, 0x3F, 0xFF, 0xFF, 0xFF, 0xFF, 0xFF, 0xFF, 0xC0, 0x3E,
    0x01, 0xF0, 0x0F, 0x80, 0x7F, 0xFF, 0xFF, 0xFF, 0xFF, 0xFF, 0xF7, 0xC0, 0x3E, 0x01, 0xF0, 0x0F,
    0xFF, 0x7F, 0xFF, 0xFF, 0xFF, 0xFF, 0x3C, 0xE1, 0xEF, 0x8F, 0x7C, 0x39, 0xC0, 0x00, 0x3F, 0xFF,
    0xFF, 0xFF, 0xFF, 0xFF, 0xFF, 0xC0, 0x3E, 0x01, 0xF0, 0x0F, 0x80, 0x7F, 0xFF, 0xFF, 0xFF, 0xFF,
    0xFF, 0xF7, 0xC0, 0x3E, 0x01, 0xF0, 0x0F, 0xFF, 0x7F, 0xFF, 0xFF, 0xFF, 0xFF, 0xF8, 0xF0, 0xF0,
    0xE0, 0x03, 0x8F, 0x9F, 0x3E, 0x7C, 0xF9, 0xF3, 0xE7, 0xCF, 0x9F, 0x3E, 0x7C, 0xF9, 0xF3, 0xE7,
    0xCF, 0x9F, 0x3C, 0x79, 0xE3, 0x80, 0x0E, 0x3E, 0x7C, 0xF9, 0xF3, 0xE7, 0xCF, 0x9F, 0x3E, 0x7C,
    0xF9, 0xF3, 0xE7, 0xCF, 0x9F, 0x3E, 0x7C, 0x1F, 0x07, 0xF1, 0xEF, 0x38, 0xE0, 0x00, 0x1C, 0x07,
    0xC0, 0xF8, 0x1F, 0x03, 0xE0, 0x7C, 0x0F, 0x81, 0xF0, 0x3E, 0x07, 0xC0, 0xF8, 0x1F, 0x03, 0xE0,
    0x7C, 0x0F, 0x81, 0xF0, 0x3E, 0x07, 0xC0, 0xF8, 0x73, 0xCF, 0x79, 0xEF, 0x38, 0xE0, 0x00, 0x1C,
    0x07, 0xC0, 0xF8, 0x1F, 0x03, 0xE0, 0x7C, 0x0F, 0x81, 0xF0, 0x3E, 0x07, 0xC0, 0xF8, 0x1F, 0x03,
    0xE0, 0x7C, 0x0F, 0x81, 0xF0, 0x3E, 0x07, 0xC0, 0xF8, 0x1F, 0xC0, 0x0F, 0xFF, 0x03, 0xFF, 0xE0,
    0xFF, 0xFC, 0x3E, 0x3F, 0x8F, 0x83, 0xE3, 0xE0, 0x7C, 0xF8, 0x1F, 0xFF, 0xC3, 0xFF, 0xF8, 0xFF,
    0xFE, 0x3D, 0xFF, 0x0F, 0x3E, 0x07, 0xCF, 0x81, 0xF3, 0xE0, 0xF8, 0xFF, 0xFE, 0x3F, 0xFF, 0x0F,
    0xFF, 0x83, 0xFF, 0x80, 0x07, 0xB8, 0x07, 0xFC, 0x03, 0xFC, 0x01, 0x8C, 0x00, 0x00, 0x03, 0xC0,
    0x3B, 0xF0, 0x3F, 0xF8, 0x1F, 0xFE, 0x0F, 0xFF, 0x07, 0xFF, 0xC3, 0xFF, 0xF1, 0xFF, 0xF8, 0xFF,
    0xFE, 0x7F, 0xEF, 0xBF, 0xF7, 0xDF, 0xF9, 0xFF, 0xFC, 0x7F, 0xFE, 0x3F, 0xFF, 0x0F, 0xFF, 0x83,
    0xFF, 0xC1, 0xFF, 0xE0, 0x7F, 0xF0, 0x3F, 0x07, 0x80, 0x01, 0xE0, 0x00, 0x3C, 0x00, 0x07, 0x00,
    0x00, 0x00, 0x00, 0xF8, 0x00, 0xFF, 0x80, 0x7F, 0xF8, 0x3F, 0xFE, 0x1F, 0x8F, 0xCF, 0xC0, 0xFB,
    0xE0, 0x3E, 0xF8, 0x07, 0xBC, 0x01, 0xEF, 0x00, 0x7B, 0xC0, 0x1E, 0xF0, 0x07, 0xBE, 0x01, 0xEF,
    0x80, 0xF9, 0xF0, 0x7E, 0x7F, 0x7F, 0x0F, 0xFF, 0x81, 0xFF, 0xC0, 0x3F, 0xE0, 0x01, 0xC0, 0x00,
    0x00, 0xF8, 0x00, 0x3C, 0x00, 0x1E, 0x00, 0x07, 0x00, 0x00, 0x00, 0x00, 0xF8, 0x00, 0xFF, 0x80,
    0x7F, 0xF8, 0x3F, 0xFE, 0x1F, 0x8F, 0xCF, 0xC0, 0xFB, 0xE0, 0x3E, 0xF8, 0x07, 0xBC, 0x01, 0xEF,
    0x00, 0x7B, 0xC0, 0x1E, 0xF0, 0x07, 0xBE, 0x01, 0xEF, 0x80, 0xF9, 0xF0, 0x7E, 0x7F, 0x7F, 0x0F,
    0xFF, 0x81, 0xFF, 0xC0, 0x3F, 0xE0, 0x01, 0xC0, 0x00, 0x03, 0xE0, 0x01, 0xFC, 0x00, 0xF7, 0x80,
    0x38, 0xE0, 0x00, 0x00, 0x00, 0xF8, 0x00, 0xFF, 0x80, 0x7F, 0xF8, 0x3F, 0xFE, 0x1F, 0x8F, 0xCF,
    0xC0, 0xFB, 0xE0, 0x3E, 0xF8, 0x07, 0xBC, 0x01, 0xEF, 0x00, 0x7B, 0xC0, 0x1E, 0xF0, 0x07, 0xBE,
    0x01, 0xEF, 0x80, 0xF9, 0xF0, 0x7E, 0x7F, 0x7F, 0x0F, 0xFF, 0x81, 0xFF, 0xC0, 0x3F, 0xE0, 0x01,
    0xC0, 0x00, 0x07, 0xB8, 0x03, 0xFE, 0x00, 0xFF, 0x80, 0x39, 0xC0, 0x00, 0x00, 0x00, 0xF8, 0x00,
    0xFF, 0x80, 0x7F, 0xF8, 0x3F, 0xFE, 0x1F, 0x8F, 0xCF, 0xC0, 0xFB, 0xE0, 0x3E, 0xF8, 0x07, 0xBC,
    0x01, 0xEF, 0x00, 0x7B, 0xC0, 0x1E, 0xF0, 0x07, 0xBE, 0x01, 0xEF, 0x80, 0xF9, 0xF0, 0x7E, 0x7F,
    0x7F, 0x0F, 0xFF, 0x81, 0xFF, 0xC0, 0x3F, 0xE0, 0x01, 0xC0, 0x00, 0x0F, 0x38, 0x03, 0xDE, 0x00,
    0xF7, 0x80, 0x38, 0xE0, 0x00, 0x00, 0x00, 0xF8, 0x00, 0xFF, 0x80, 0x7F, 0xF8, 0x3F, 0xFE, 0x1F,
    0x8F, 0xCF, 0xC0, 0xFB, 0xE0, 0x3E, 0xF8, 0x07, 0xBC, 0x01, 0xEF, 0x00, 0x7B, 0xC0, 0x1E, 0xF0,
    0x07, 0xBE, 0x01, 0xEF, 0x80, 0xF9, 0xF0, 0x7E, 0x7F, 0x7F, 0x0F, 0xFF, 0x81, 0xFF, 0xC0, 0x3F,
    0xE0, 0x01, 0xC0, 0x00, 0x20, 0x23, 0x83, 0xBE, 0x3F, 0xFB, 0xE7, 0xFE, 0x1F, 0xE0, 0x7E, 0x03,
    0xF8, 0x3F, 0xE3, 0xFF, 0xBE, 0x7F, 0xE1, 0xF6, 0x07, 0x00, 0x00, 0x03, 0xE3, 0x03, 0xFF, 0xC1,
    0xFF, 0xF0, 0xFF, 0xF8, 0x7E, 0x3F, 0x3F, 0x0F, 0xEF, 0x87, 0xFB, 0xE3, 0xDE, 0xF0, 0xE7, 0xBC,
    0x79, 0xEF, 0x3C, 0x7B, 0xCE, 0x1E, 0xFF, 0x87, 0xBF, 0xC3, 0xE7, 0xE1, 0xF9, 0xFD, 0xFC, 0x3F,
    0xFE, 0x1F, 0xFF, 0x07, 0xFF, 0x80, 0x87, 0x00, 0x0F, 0x00, 0x07, 0x80, 0x07, 0x80, 0x03, 0xC0,
    0x00, 0x00, 0x70, 0x0E, 0xF8, 0x1F, 0xF8, 0x1F, 0xF8, 0x1F, 0xF8, 0x1F, 0xF8, 0x1F, 0xF8, 0x1F,
    0xF8, 0x1F, 0xF8, 0x1F, 0xF8, 0x1F, 0xF8, 0x1F, 0xF8, 0x1F, 0xF8, 0x1F, 0xF8, 0x1F, 0xF8, 0x1F,
    0x7E, 0x7E, 0x7F, 0xFE, 0x3F, 0xFC, 0x0F, 0xF8, 0x03, 0xC0, 0x00, 0xF0, 0x01, 0xE0, 0x01, 0xE0,
    0x01, 0xC0, 0x00, 0x00, 0x70, 0x0E, 0xF8, 0x1F, 0xF8, 0x1F, 0xF8, 0x1F, 0xF8, 0x1F, 0xF8, 0x1F,
    0xF8, 0x1F, 0xF8, 0x1F, 0xF8, 0x1F, 0xF8, 0x1F, 0xF8, 0x1F, 0xF8, 0x1F, 0xF8, 0x1F, 0xF8, 0x1F,
    0xF8, 0x1F, 0x7E, 0x7E, 0x7F, 0xFE, 0x3F, 0xFC, 0x0F, 0xF8, 0x03, 0xC0, 0x03, 0xC0, 0x07, 0xE0,
    0x0F, 0xF0, 0x1E, 0x78, 0x00, 0x00, 0x70, 0x0E, 0xF8, 0x1F, 0xF8, 0x1F, 0xF8, 0x1F, 0xF8, 0x1F,
    0xF8, 0x1F, 0xF8, 0x1F, 0xF8, 0x1F, 0xF8, 0x1F, 0xF8, 0x1F, 0xF8, 0x1F, 0xF8, 0x1F, 0xF8, 0x1F,
    0xF8, 0x1F, 0xF8, 0x1F, 0x7E, 0x7E, 0x7F, 0xFE, 0x3F, 0xFC, 0x0F, 0xF8, 0x03, 0xC0, 0x0E, 0x70,
    0x1F, 0x78, 0x1E, 0x78, 0x0E, 0x70, 0x00, 0x00, 0x70, 0x0E, 0xF8, 0x1F, 0xF8, 0x1F, 0xF8, 0x1F,
    0xF8, 0x1F, 0xF8, 0x1F, 0xF8, 0x1F, 0xF8, 0x1F, 0xF8, 0x1F, 0xF8, 0x1F, 0xF8, 0x1F, 0xF8, 0x1F,
    0xF8, 0x1F, 0xF8, 0x1F, 0xF8, 0x1F, 0x7E, 0x7E, 0x7F, 0xFE, 0x3F, 0xFC, 0x0F, 0xF8, 0x03, 0xC0,
    0x00, 0x78, 0x00, 0x3C, 0x00, 0x0F, 0x00, 0x03, 0x80, 0x00, 0x00, 0x1E, 0x01, 0xEF, 0xC0, 0xFD,
    0xF0, 0x3E, 0x3E, 0x1F, 0x0F, 0x87, 0xC1, 0xF3, 0xE0, 0x7C, 0xF8, 0x0F, 0xFC, 0x01, 0xFE, 0x00,
    0x7F, 0x80, 0x0F, 0xC0, 0x03, 0xF0, 0x00, 0x78, 0x00, 0x1E, 0x00, 0x07, 0x80, 0x01, 0xE0, 0x00,
    0x78, 0x00, 0x1E, 0x00, 0x07, 0x80, 0x70, 0x03, 0xE0, 0x0F, 0x80, 0x3E, 0x00, 0xFF, 0xE3, 0xFF,
    0xCF, 0xFF, 0xBE, 0x3F, 0xF8, 0x7F, 0xE0, 0xFF, 0x83, 0xFE, 0x1F, 0xFF, 0xFB, 0xFF, 0xEF, 0xFE,
    0x3F, 0xE0, 0xF8, 0x03, 0xE0, 0x0F, 0x80, 0x00, 0x0F, 0x80, 0x7F, 0xC1, 0xFF, 0xE3, 0xFF, 0xCF,
    0x8F, 0x9F, 0x0F, 0xBE, 0x1E, 0x7C, 0x7C, 0xFB, 0xF1, 0xF7, 0xE3, 0xEF, 0xF7, 0xDF, 0xEF, 0x83,
    0xFF, 0x07, 0xFE, 0x0F, 0xFC, 0x3F, 0xFB, 0xFD, 0xF7, 0xF3, 0xEF, 0xC0, 0x1E, 0x00, 0x78, 0x01,
    0xC0, 0x0F, 0x00, 0x00, 0x07, 0xE0, 0xFF, 0xC7, 0xFF, 0x7C, 0xFB, 0xC3, 0xC0, 0x3E, 0x3F, 0xF7,
    0xFF, 0xBF, 0xBF, 0xE1, 0xFF, 0x1F, 0x7F, 0xFB, 0xFF, 0xCF, 0xFE, 0x1C, 0x00, 0x01, 0xE0, 0x1E,
    0x00, 0xF0, 0x07, 0x00, 0x00, 0x07, 0xE0, 0xFF, 0xC7, 0xFF, 0x7C, 0xFB, 0xC3, 0xC0, 0x3E, 0x3F,
    0xF7, 0xFF, 0xBF, 0xBF, 0xE1, 0xFF, 0x1F, 0x7F, 0xFB, 0xFF, 0xCF, 0xFE, 0x1C, 0x00, 0x07, 0x80,
    0x7E, 0x07, 0xF8, 0x79, 0xE0, 0x00, 0x07, 0xE0, 0xFF, 0xC7, 0xFF, 0x7C, 0xFB, 0xC3, 0xC0, 0x3E,
    0x3F, 0xF7, 0xFF, 0xBF, 0xBF, 0xE1, 0xFF, 0x1F, 0x7F, 0xFB, 0xFF, 0xCF, 0xFE, 0x1C, 0x00, 0x0E,
    0x70, 0xFF, 0x87, 0xF8, 0x33, 0x80, 0x00, 0x07, 0xE0, 0xFF, 0xC7, 0xFF, 0x7C, 0xFB, 0xC3, 0xC0,
    0x3E, 0x3F, 0xF7, 0xFF, 0xBF, 0xBF, 0xE1, 0xFF, 0x1F, 0x7F, 0xFB, 0xFF, 0xCF, 0xFE, 0x1C, 0x00,
    0x1C, 0xF1, 0xF7, 0x8F, 0xBC, 0x39, 0xC0, 0x00, 0x07, 0xE0, 0xFF, 0xC7, 0xFF, 0x7C, 0xFB, 0xC3,
    0xC0, 0x3E, 0x3F, 0xF7, 0xFF, 0xBF, 0xBF, 0xE1, 0xFF, 0x1F, 0x7F, 0xFB, 0xFF, 0xCF, 0xFE, 0x1C,
    0x00, 0x07, 0x80, 0x7E, 0x03, 0xF8, 0x39, 0xC0, 0xFE, 0x07, 0xE0, 0x1E, 0x01, 0xF8, 0x3F, 0xF1,
    0xFF, 0xDF, 0x3E, 0xF0, 0xF0, 0x0F, 0x8F, 0xFD, 0xFF, 0xEF, 0xEF, 0xF8, 0x7F, 0xC7, 0xDF, 0xFE,
    0xFF, 0xF3, 0xFF, 0x87, 0x00, 0x0F, 0xC7, 0xC0, 0xFF, 0xFF, 0xC3, 0xFF, 0xFF, 0x9F, 0x3F, 0xBE,
    0x78, 0x78, 0x7C, 0x01, 0xE0, 0xF1, 0xFF, 0xFF, 0xDF, 0xFF, 0xFF, 0x7F, 0xFF, 0xFD, 0xE1, 0xE0,
    0x0F, 0x8F, 0xC7, 0xDF, 0xFF, 0xFE, 0x7F, 0xFF, 0xF8, 0xFF, 0x3F, 0xC0, 0xE0, 0x38, 0x00, 0x07,
    0xC0, 0x7F, 0xC3, 0xFF, 0x9F, 0xFF, 0x7C, 0x7D, 0xE0, 0xE7, 0x80, 0x1E, 0x00, 0x78, 0x01, 0xE0,
    0xF7, 0xC7, 0xCF, 0xFE, 0x3F, 0xF8, 0x3F, 0xC0, 0x38, 0x00, 0xF0, 0x01, 0xE0, 0x0F, 0x80, 0x3C,
    0x00, 0x00, 0x1F, 0x00, 0x3C, 0x00, 0x78, 0x00, 0xE0, 0x00, 0x00, 0x1F, 0x01, 0xFF, 0x0F, 0xFE,
    0x7E, 0xF9, 0xE0, 0xF7, 0x83, 0xDF, 0xFF, 0x7F, 0xFD, 0xFF, 0xF7, 0x80, 0x1F, 0x0F, 0x3F, 0xFC,
    0xFF, 0xE0, 0xFF, 0x00, 0xE0, 0x01, 0xE0, 0x07, 0x80, 0x3C, 0x00, 0xE0, 0x00, 0x00, 0x1F, 0x01,
    0xFF, 0x0F, 0xFE, 0x7E, 0xF9, 0xE0, 0xF7, 0x83, 0xDF, 0xFF, 0x7F, 0xFD, 0xFF, 0xF7, 0x80, 0x1F,
    0x0F, 0x3F, 0xFC, 0xFF, 0xE0, 0xFF, 0x00, 0xE0, 0x07, 0xC0, 0x3F, 0x81, 0xEF, 0x0F, 0x3C, 0x00,
    0x00, 0x1F, 0x01, 0xFF, 0x0F, 0xFE, 0x7E, 0xF9, 0xE0, 0xF7, 0x83, 0xDF, 0xFF, 0x7F, 0xFD, 0xFF,
    0xF7, 0x80, 0x1F, 0x0F, 0x3F, 0xFC, 0xFF, 0xE0, 0xFF, 0x00, 0xE0, 0x1C, 0xF0, 0x7B, 0xC1, 0xEF,
    0x07, 0x1C, 0x00, 0x00, 0x1F, 0x01, 0xFF, 0x0F, 0xFE, 0x7E, 0xF9, 0xE0, 0xF7, 0x83, 0xDF, 0xFF,
    0x7F, 0xFD, 0xFF, 0xF7, 0x80, 0x1F, 0x0F, 0x3F, 0xFC, 0xFF, 0xE0, 0xFF, 0x00, 0xE0, 0xF0, 0xF0,
    0xE1, 0xE0, 0x07, 0x8F, 0x9F, 0x3E, 0x7C, 0xF9, 0xF3, 0xE7, 0xCF, 0x9F, 0x3E, 0x7C, 0xF8, 0x3C,
    0x79, 0xE3, 0x80, 0x1E, 0x3E, 0x7C, 0xF9, 0xF3, 0xE7, 0xCF, 0x9F, 0x3E, 0x7C, 0xF9, 0xF3, 0xE0,
    0x1F, 0x07, 0xF1, 0xEF, 0x79, 0xE0, 0x00, 0x3C, 0x07, 0xC0, 0xF8, 0x1F, 0x03, 0xE0, 0x7C, 0x0F,
    0x81, 0xF0, 0x3E, 0x07, 0xC0, 0xF8, 0x1F, 0x03, 0xE0, 0x7C, 0x00, 0x73, 0xFE, 0xF7, 0xBD, 0xC6,
    0x00, 0x07, 0x81, 0xF0, 0x7C, 0x1F, 0x07, 0xC1, 0xF0, 0x7C, 0x1F, 0x07, 0xC1, 0xF0, 0x7C, 0x1F,
    0x07, 0xC1, 0xF0, 0x00, 0x00, 0x70, 0xC1, 0xFF, 0x03, 0xF8, 0x0F, 0xE0, 0x7F, 0xC1, 0x8F, 0x03,
    0xFE, 0x1F, 0xF8, 0xFF, 0xF7, 0xC7, 0xDE, 0x0F, 0x78, 0x3D, 0xE0, 0xF7, 0x83, 0xDE, 0x0F, 0x7C,
    0x7C, 0xFF, 0xE3, 0xFF, 0x07, 0xF8, 0x03, 0x80, 0x1E, 0x61, 0xFF, 0x0F, 0xF8, 0x73, 0x80, 0x00,
    0x79, 0xF3, 0xDF, 0xDF, 0xFF, 0xFF, 0xFF, 0xC7, 0xFE, 0x1F, 0xF0, 0xFF, 0x87, 0xFC, 0x3F, 0xE1,
    0xFF, 0x0F, 0xF8, 0x7F, 0xC3, 0xFE, 0x1E, 0x0F, 0x00, 0x1E, 0x00, 0x1E, 0x00, 0x1C, 0x00, 0x00,
    0x00, 0xF8, 0x07, 0xFC, 0x1F, 0xFC, 0x7F, 0xFC, 0xF8, 0xF9, 0xE0, 0xF3, 0xC1, 0xF7, 0x83, 0xEF,
    0x07, 0xDE, 0x0F, 0x3E, 0x3E, 0x3F, 0xF8, 0x7F, 0xF0, 0x3F, 0xC0, 0x1C, 0x00, 0x01, 0xF0, 0x03,
    0xC0, 0x0F, 0x00, 0x1C, 0x00, 0x00, 0x00, 0xF8, 0x07, 0xFC, 0x1F, 0xFC, 0x7F, 0xFC, 0xF8, 0xF9,
    0xE0, 0xF3, 0xC1, 0xF7, 0x83, 0xEF, 0x07, 0xDE, 0x0F, 0x3E, 0x3E, 0x3F, 0xF8, 0x7F, 0xF0, 0x3F,
    0xC0, 0x1C, 0x00, 0x07, 0xC0, 0x1F, 0xC0, 0x7B, 0xC0, 0xE3, 0x80, 0x00, 0x00, 0xF8, 0x07, 0xFC,
    0x1F, 0xFC, 0x7F, 0xFC, 0xF8, 0xF9, 0xE0, 0xF3, 0xC1, 0xF7, 0x83, 0xEF, 0x07, 0xDE, 0x0F, 0x3E,
    0x3E, 0x3F, 0xF8, 0x7F, 0xF0, 0x3F, 0xC0, 0x1C, 0x00, 0x0F, 0x70, 0x3F, 0xE0, 0x7F, 0xC0, 0xE7,
    0x00, 0x00, 0x00, 0xF8, 0x07, 0xFC, 0x1F, 0xFC, 0x7F, 0xFC, 0xF8, 0xF9, 0xE0, 0xF3, 0xC1, 0xF7,
    0x83, 0xEF, 0x07, 0xDE, 0x0F, 0x3E, 0x3E, 0x3F, 0xF8, 0x7F, 0xF0, 0x3F, 0xC0, 0x1C, 0x00, 0x1E,
    0x70, 0x3D, 0xE0, 0x7B, 0xC0, 0xE3, 0x80, 0x00, 0x00, 0xF8, 0x07, 0xFC, 0x1F, 0xFC, 0x7F, 0xFC,
    0xF8, 0xF9, 0xE0, 0xF3, 0xC1, 0xF7, 0x83, 0xEF, 0x07, 0xDE, 0x0F, 0x3E, 0x3E, 0x3F, 0xF8, 0x7F,
    0xF0, 0x3F, 0xC0, 0x1C, 0x00, 0x02, 0x00, 0x78, 0x03, 0xE0, 0x1F, 0x00, 0x70, 0x00, 0x03, 0xFF,
    0xFF, 0xFF, 0xFF, 0xFF, 0xFF, 0xC1, 0xC0, 0x1F, 0x00, 0xF8, 0x07, 0xC0, 0x1C, 0x00, 0x00, 0x00,
    0x0F, 0x98, 0x7F, 0xF1, 0xFF, 0xC7, 0xFF, 0xCF, 0x9F, 0x9E, 0x3F, 0x3C, 0xFF, 0x7B, 0xBE, 0xFE,
    0x7D, 0xF8, 0xF3, 0xE3, 0xE3, 0xFF, 0x8F, 0xFF, 0x1F, 0xFC, 0x11, 0xC0, 0x1E, 0x00, 0xF0, 0x03,
    0xC0, 0x0E, 0x00, 0x00, 0x78, 0x3F, 0xE1, 0xFF, 0x0F, 0xF8, 0x7F, 0xC3, 0xFE, 0x1F, 0xF0, 0xFF,
    0x87, 0xFC, 0x3F, 0xE1, 0xFF, 0x9F, 0x7F, 0xFB, 0xFF, 0xCF, 0xDE, 0x18, 0x00, 0x03, 0xE0, 0x1E,
    0x00, 0xE0, 0x0F, 0x00, 0x00, 0x78, 0x3F, 0xE1, 0xFF, 0x0F, 0xF8, 0x7F, 0xC3, 0xFE, 0x1F, 0xF0,
    0xFF, 0x87, 0xFC, 0x3F, 0xE1, 0xFF, 0x9F, 0x7F, 0xFB, 0xFF, 0xCF, 0xDE, 0x18, 0x00, 0x0F, 0x80,
    0xFE, 0x0F, 0x78, 0x79, 0xE0, 0x00, 0x78, 0x3F, 0xE1, 0xFF, 0x0F, 0xF8, 0x7F, 0xC3, 0xFE, 0x1F,
    0xF0, 0xFF, 0x87, 0xFC, 0x3F, 0xE1, 0xFF, 0x9F, 0x7F, 0xFB, 0xFF, 0xCF, 0xDE, 0x18, 0x00, 0x3C,
    0xE1, 0xEF, 0x8F, 0x7C, 0x31, 0xC0, 0x00, 0x78, 0x3F, 0xE1, 0xFF, 0x0F, 0xF8, 0x7F, 0xC3, 0xFE,
    0x1F, 0xF0, 0xFF, 0x87, 0xFC, 0x3F, 0xE1, 0xFF, 0x9F, 0x7F, 0xFB, 0xFF, 0xCF, 0xDE, 0x18, 0x00,
    0x01, 0xE0, 0x03, 0xC0, 0x0F, 0x00, 0x1C, 0x00, 0x00, 0x1F, 0x07, 0xFE, 0x0F, 0x3C, 0x1E, 0x7C,
    0x7C, 0xF8, 0xF0, 0xF1, 0xE1, 0xF7, 0xC1, 0xEF, 0x03, 0xDE, 0x07, 0xF8, 0x07, 0xF0, 0x0F, 0xE0,
    0x1F, 0x80, 0x1F, 0x00, 0x3E, 0x00, 0x78, 0x07, 0xF0, 0x1F, 0xC0, 0x3F, 0x00, 0x18, 0x00, 0x70,
    0x03, 0xE0, 0x0F, 0x80, 0x3E, 0x00, 0xF8, 0x03, 0xEF, 0x0F, 0xFF, 0x3F, 0xFE, 0xFF, 0xFB, 0xE1,
    0xFF, 0x87, 0xFC, 0x1F, 0xF0, 0x3F, 0xE1, 0xFF, 0x87, 0xFF, 0x3F, 0xFF, 0xFB, 0xFF, 0xCF, 0xFE,
    0x3E, 0x60, 0xF8, 0x03, 0xE0, 0x0F, 0x80, 0x3E, 0x00, 0x00, 0x00, 0x1C, 0xF0, 0x7D, 0xE0, 0x7B,
    0xC0, 0xE3, 0x80, 0x00, 0x1F, 0x07, 0xFE, 0x0F, 0x3C, 0x1E, 0x7C, 0x7C, 0xF8, 0xF0, 0xF1, 0xE1,
    0xF7, 0xC1, 0xEF, 0x03, 0xDE, 0x07, 0xF8, 0x07, 0xF0, 0x0F, 0xE0, 0x1F, 0x80, 0x1F, 0x00, 0x3E,
    0x00, 0x78, 0x07, 0xF0, 0x1F, 0xC0, 0x3F, 0x00, 0x18, 0x00, 0x03, 0xF8, 0x01, 0xFE, 0x00, 0x7F,
    0x80, 0x00, 0x00, 0x00, 0x00, 0x00, 0x78, 0x00, 0x3F, 0x00, 0x0F, 0xE0, 0x07, 0xF8, 0x01, 0xFE,
    0x00, 0x7F, 0xC0, 0x3F, 0xF0, 0x0F, 0xBC, 0x03, 0xCF, 0x81, 0xF3, 0xE0, 0x7C, 0x78, 0x1F, 0x1F,
    0x0F, 0xFF, 0xC3, 0xFF, 0xF0, 0xFF, 0xFE, 0x7C, 0x0F, 0x9F, 0x01, 0xF7, 0x80, 0x7F, 0xE0, 0x1F,
    0x0F, 0xE0, 0xFF, 0x07, 0xF8, 0x00, 0x00, 0x00, 0x07, 0xE0, 0xFF, 0xC7, 0xFF, 0x7C, 0xFB, 0xC3,
    0xC0, 0x3E, 0x3F, 0xF7, 0xFF, 0xBF, 0xBF, 0xE1, 0xFF, 0x1F, 0x7F, 0xFB, 0xFF, 0xCF, 0xFE, 0x1C,
    0x00, 0x07, 0x1C, 0x01, 0xFF, 0x00, 0x3F, 0x80, 0x07, 0xC0, 0x00, 0x00, 0x00, 0x78, 0x00, 0x3F,
    0x00, 0x0F, 0xE0, 0x07, 0xF8, 0x01, 0xFE, 0x00, 0x7F, 0xC0, 0x3F, 0xF0, 0x0F, 0xBC, 0x03, 0xCF,
    0x81, 0xF3, 0xE0, 0x7C, 0x78, 0x1F, 0x1F, 0x0F, 0xFF, 0xC3, 0xFF, 0xF0, 0xFF, 0xFE, 0x7C, 0x0F,
    0x9F, 0x01, 0xF7, 0x80, 0x7F, 0xE0, 0x1F, 0x1C, 0x70, 0xFF, 0x07, 0xF8, 0x0F, 0x80, 0x00, 0x07,
    0xE0, 0xFF, 0xC7, 0xFF, 0x7C, 0xFB, 0xC3, 0xC0, 0x3E, 0x3F, 0xF7, 0xFF, 0xBF, 0xBF, 0xE1, 0xFF,
    0x1F, 0x7F, 0xFB, 0xFF, 0xCF, 0xFE, 0x1C, 0x00, 0x01, 0xE0, 0x00, 0x7E, 0x00, 0x0F, 0xE0, 0x03,
    0xFC, 0x00, 0x7F, 0x80, 0x0F, 0xF8, 0x03, 0xFF, 0x00, 0x7D, 0xE0, 0x0F, 0x3E, 0x03, 0xE7, 0xC0,
    0x7C, 0x78, 0x0F, 0x8F, 0x83, 0xFF, 0xF0, 0x7F, 0xFE, 0x0F, 0xFF, 0xE3, 0xE0, 0x7C, 0x7C, 0x07,
    0xCF, 0x00, 0xFB, 0xE0, 0x1F, 0x00, 0x03, 0xE0, 0x00, 0xF8, 0x00, 0x1F, 0x00, 0x03, 0xF0, 0x00,
    0x3F, 0x00, 0x01, 0x80, 0x0F, 0xC0, 0xFF, 0xC3, 0xFF, 0x9F, 0x3E, 0x78, 0x78, 0x03, 0xE1, 0xFF,
    0x9F, 0xFE, 0x7F, 0x7B, 0xE1, 0xEF, 0x8F, 0x9F, 0xFE, 0x7F, 0xF8, 0xFF, 0xE0, 0xEF, 0x80, 0x38,
    0x01, 0xF8, 0x07, 0xE0, 0x0F, 0xC0, 0x0C, 0x00, 0xF0, 0x00, 0x78, 0x00, 0x78, 0x00, 0x38, 0x00,
    0x00, 0x00, 0x1F, 0x00, 0x3F, 0xE0, 0x3F, 0xFC, 0x3F, 0xFE, 0x3F, 0x1F, 0xBF, 0x03, 0xDF, 0x01,
    0xFF, 0x80, 0x07, 0x80, 0x03, 0xC0, 0x01, 0xE0, 0x00, 0xF0, 0x00, 0x7C, 0x03, 0xBE, 0x03, 0xEF,
    0x83, 0xE7, 0xF7, 0xF1, 0xFF, 0xF0, 0x7F, 0xF0, 0x1F, 0xF0, 0x01, 0xC0, 0x00, 0x01, 0xE0, 0x07,
    0x80, 0x3C, 0x00, 0xE0, 0x00, 0x00, 0x1F, 0x01, 0xFF, 0x0F, 0xFE, 0x7F, 0xFD, 0xF1, 0xF7, 0x83,
    0x9E, 0x00, 0x78, 0x01, 0xE0, 0x07, 0x83, 0xDF, 0x1F, 0x3F, 0xF8, 0xFF, 0xE0, 0xFF, 0x00, 0xE0,
    0x03, 0xE0, 0x03, 0xF8, 0x03, 0xDE, 0x01, 0xC7, 0x00, 0x00, 0x00, 0x1F, 0x00, 0x3F, 0xE0, 0x3F,
    0xFC, 0x3F, 0xFE, 0x3F, 0x1F, 0xBF, 0x03, 0xDF, 0x01, 0xFF, 0x80, 0x07, 0x80, 0x03, 0xC0, 0x01,
    0xE0, 0x00, 0xF0, 0x00, 0x7C, 0x03, 0xBE, 0x03, 0xEF, 0x83, 0xE7, 0xF7, 0xF1, 0xFF, 0xF0, 0x7F,
    0xF0, 0x1F, 0xF0, 0x01, 0xC0, 0x00, 0x07, 0xC0, 0x3F, 0x81, 0xEF, 0x07, 0x1C, 0x00, 0x00, 0x1F,
    0x01, 0xFF, 0x0F, 0xFE, 0x7F, 0xFD, 0xF1, 0xF7, 0x83, 0x9E, 0x00, 0x78, 0x01, 0xE0, 0x07, 0x83,
    0xDF, 0x1F, 0x3F, 0xF8, 0xFF, 0xE0, 0xFF, 0x00, 0xE0, 0x01, 0xC0, 0x01, 0xF0, 0x00, 0xF8, 0x00,
    0x38, 0x00, 0x00, 0x00, 0x1F, 0x00, 0x3F, 0xE0, 0x3F, 0xFC, 0x3F, 0xFE, 0x3F, 0x1F, 0xBF, 0x03,
    0xDF, 0x01, 0xFF, 0x80, 0x07, 0x80, 0x03, 0xC0, 0x01, 0xE0, 0x00, 0xF0, 0x00, 0x7C, 0x03, 0xBE,
    0x03, 0xEF, 0x83, 0xE7, 0xF7, 0xF1, 0xFF, 0xF0, 0x7F, 0xF0, 0x1F, 0xF0, 0x01, 0xC0, 0x00, 0x03,
    0x80, 0x1F, 0x00, 0x7C, 0x00, 0xE0, 0x00, 0x00, 0x1F, 0x01, 0xFF, 0x0F, 0xFE, 0x7F, 0xFD, 0xF1,
    0xF7, 0x83, 0x9E, 0x00, 0x78, 0x01, 0xE0, 0x07, 0x83, 0xDF, 0x1F, 0x3F, 0xF8, 0xFF, 0xE0, 0xFF,
    0x00, 0xE0, 0x0F, 0x78, 0x03, 0xF8, 0x01, 0xFC, 0x00, 0x7C, 0x00, 0x00, 0x00, 0x1F, 0x00, 0x3F,
    0xE0, 0x3F, 0xFC, 0x3F, 0xFE, 0x3F, 0x1F, 0xBF, 0x03, 0xDF, 0x01, 0xFF, 0x80, 0x07, 0x80, 0x03,
    0xC0, 0x01, 0xE0, 0x00, 0xF0, 0x00, 0x7C, 0x03, 0xBE, 0x03, 0xEF, 0x83, 0xE7, 0xF7, 0xF1, 0xFF,
    0xF0, 0x7F, 0xF0, 0x1F, 0xF0, 0x01, 0xC0, 0x00, 0x1E, 0xF0, 0x3F, 0xC0, 0x7E, 0x01, 0xF0, 0x00,
    0x00, 0x1F, 0x01, 0xFF, 0x0F, 0xFE, 0x7F, 0xFD, 0xF1, 0xF7, 0x83, 0x9E, 0x00, 0x78, 0x01, 0xE0,
    0x07, 0x83, 0xDF, 0x1F, 0x3F, 0xF8, 0xFF, 0xE0, 0xFF, 0x00, 0xE0, 0x79, 0xE0, 0x3F, 0xC0, 0x1F,
    0x80, 0x0F, 0x00, 0x00, 0x00, 0x7F, 0x00, 0xFF, 0xF0, 0xFF, 0xF8, 0xFF, 0xFC, 0xF8, 0xFE, 0xF8,
    0x3E, 0xF8, 0x1F, 0xF8, 0x1F, 0xF8, 0x0F, 0xF8, 0x0F, 0xF8, 0x0F, 0xF8, 0x0F, 0xF8, 0x1F, 0xF8,
    0x1F, 0xF8, 0x3E, 0xFF, 0xFE, 0xFF, 0xFC, 0xFF, 0xF8, 0xFF, 0xE0, 0x00, 0x00, 0x00, 0x03, 0xBC,
    0x00, 0xF7, 0x80, 0x1E, 0xE0, 0x03, 0xDC, 0x00, 0x7B, 0x83, 0xEF, 0x00, 0xFF, 0xE0, 0x3F, 0xFC,
    0x0F, 0xFF, 0x81, 0xF1, 0xF0, 0x3C, 0x1E, 0x07, 0x83, 0xC0, 0xF0, 0x78, 0x1E, 0x0F, 0x03, 0xC1,
    0xE0, 0x7C, 0x7C, 0x0F, 0xFF, 0x80, 0xFF, 0xF0, 0x0F, 0xFE, 0x00, 0x70, 0x00, 0x1F, 0xC0, 0x0F,
    0xFF, 0x03, 0xFF, 0xE0, 0xFF, 0xFC, 0x3E, 0x3F, 0x8F, 0x83, 0xE3, 0xE0, 0x7C, 0xF8, 0x1F, 0xFF,
    0xC3, 0xFF, 0xF8, 0xFF, 0xFE, 0x3D, 0xFF, 0x0F, 0x3E, 0x07, 0xCF, 0x81, 0xF3, 0xE0, 0xF8, 0xFF,
    0xFE, 0x3F, 0xFF, 0x0F, 0xFF, 0x83, 0xFF, 0x80, 0x00, 0x1C, 0x01, 0xFF, 0x03, 0xFF, 0x03, 0xFF,
    0x00, 0x3C, 0x0F, 0xBC, 0x1F, 0xFC, 0x3F, 0xFC, 0x7F, 0xFC, 0x7C, 0x7C, 0x78, 0x3C, 0x78, 0x3C,
    0x78, 0x3C, 0x78, 0x3C, 0x78, 0x3C, 0x7C, 0x7C, 0x7F, 0xFC, 0x3F, 0xFC, 0x1F, 0xFC, 0x07, 0x00,
    0x1F, 0xC0, 0xFF, 0x07, 0xF8, 0x00, 0x00, 0x00, 0x3F, 0xFF, 0xFF, 0xFF, 0xFF, 0xFF, 0xFF, 0xC0,
    0x3E, 0x01, 0xF0, 0x0F, 0x80, 0x7F, 0xFF, 0xFF, 0xFF, 0xFF, 0xFF, 0xF7, 0xC0, 0x3E, 0x01, 0xF0,
    0x0F, 0xFF, 0x7F, 0xFF, 0xFF, 0xFF, 0xFF, 0x0F, 0xE0, 0x7F, 0x81, 0xFE, 0x00, 0x00, 0x00, 0x00,
    0x1F, 0x01, 0xFF, 0x0F, 0xFE, 0x7E, 0xF9, 0xE0, 0xF7, 0x83, 0xDF, 0xFF, 0x7F, 0xFD, 0xFF, 0xF7,
    0x80, 0x1F, 0x0F, 0x3F, 0xFC, 0xFF, 0xE0, 0xFF, 0x00, 0xE0, 0x38, 0xE1, 0xFF, 0x07, 0xF0, 0x1F,
    0x00, 0x00, 0x3F, 0xFF, 0xFF, 0xFF, 0xFF, 0xFF, 0xFF, 0xC0, 0x3E, 0x01, 0xF0, 0x0F, 0x80, 0x7F,
    0xFF, 0xFF, 0xFF, 0xFF, 0xFF, 0xF7, 0xC0, 0x3E, 0x01, 0xF0, 0x0F, 0xFF, 0x7F, 0xFF, 0xFF, 0xFF,
    0xFF, 0x1C, 0x70, 0x7F, 0xC0, 0xFE, 0x01, 0xF0, 0x00, 0x00, 0x1F, 0x01, 0xFF, 0x0F, 0xFE, 0x7E,
    0xF9, 0xE0, 0xF7, 0x83, 0xDF, 0xFF, 0x7F, 0xFD, 0xFF, 0xF7, 0x80, 0x1F, 0x0F, 0x3F, 0xFC, 0xFF,
    0xE0, 0xFF, 0x00, 0xE0, 0x07, 0x80, 0x7C, 0x01, 0xE0, 0x0E, 0x00, 0x00, 0x3F, 0xFF, 0xFF, 0xFF,
    0xFF, 0xFF, 0xFF, 0xC0, 0x3E, 0x01, 0xF0, 0x0F, 0x80, 0x7F, 0xFF, 0xFF, 0xFF, 0xFF, 0xFF, 0xF7,
    0xC0, 0x3E, 0x01, 0xF0, 0x0F, 0xFF, 0x7F, 0xFF, 0xFF, 0xFF, 0xFF, 0x03, 0x80, 0x1F, 0x00, 0x7C,
    0x00, 0xE0, 0x00, 0x00, 0x1F, 0x01, 0xFF, 0x0F, 0xFE, 0x7E, 0xF9, 0xE0, 0xF7, 0x83, 0xDF, 0xFF,
    0x7F, 0xFD, 0xFF, 0xF7, 0x80, 0x1F, 0x0F, 0x3F, 0xFC, 0xFF, 0xE0, 0xFF, 0x00, 0xE0, 0x7F, 0xFB,
    0xFF, 0xEF, 0xFF, 0xBF, 0xFE, 0xF8, 0x03, 0xE0, 0x0F, 0x80, 0x3E, 0x00, 0xFF, 0xFB, 0xFF, 0xEF,
    0xFF, 0xBF, 0xFC, 0xF8, 0x03, 0xE0, 0x0F, 0x80, 0x3F, 0xFC, 0xFF, 0xFB, 0xFF, 0xEF, 0xFF, 0x80,
    0x3E, 0x00, 0xF0, 0x07, 0xC0, 0x0F, 0x80, 0x3F, 0x00, 0x30, 0x07, 0xC0, 0x7F, 0xC3, 0xFF, 0x9F,
    0xBE, 0x78, 0x3D, 0xE0, 0xF7, 0xFF, 0xDF, 0xFF, 0x7F, 0xFD, 0xE0, 0x07, 0xC3, 0xCF, 0xFF, 0x3F,
    0xF8, 0x3F, 0xE0, 0x3F, 0x00, 0x38, 0x01, 0xF0, 0x07, 0xE0, 0x0F, 0xC0, 0x0C, 0x3C, 0xF0, 0xFF,
    0x03, 0xF0, 0x0F, 0x00, 0x00, 0x3F, 0xFF, 0xFF, 0xFF, 0xFF, 0xFF, 0xFF, 0xC0, 0x3E, 0x01, 0xF0,
    0x0F, 0x80, 0x7F, 0xFF, 0xFF, 0xFF, 0xFF, 0xFF, 0xF7, 0xC0, 0x3E, 0x01, 0xF0, 0x0F, 0xFF, 0x7F,
    0xFF, 0xFF, 0xFF, 0xFF, 0x3E, 0xF0, 0x7F, 0x80, 0xFC, 0x01, 0xE0, 0x00, 0x00, 0x1F, 0x01, 0xFF,
    0x0F, 0xFE, 0x7E, 0xF9, 0xE0, 0xF7, 0x83, 0xDF, 0xFF, 0x7F, 0xFD, 0xFF, 0xF7, 0x80, 0x1F, 0x0F,
    0x3F, 0xFC, 0xFF, 0xE0, 0xFF, 0x00, 0xE0, 0x03, 0xE0, 0x03, 0xF8, 0x03, 0xDE, 0x01, 0xC7, 0x00,
    0x00, 0x00, 0x1F, 0x00, 0x3F, 0xE0, 0x3F, 0xFC, 0x3F, 0xFE, 0x3F, 0x1F, 0x9F, 0x03, 0xDF, 0x01,
    0xFF, 0x80, 0x07, 0x80, 0x03, 0xC1, 0xFF, 0xE0, 0xFF, 0xF0, 0x7F, 0xFC, 0x3F, 0xFE, 0x03, 0xEF,
    0x81, 0xE7, 0xF3, 0xF1, 0xFF, 0xF0, 0x7F, 0xF0, 0x1F, 0xF0, 0x01, 0xC0, 0x00, 0x07, 0xC0, 0x1F,
    0xC0, 0x7B, 0xC0, 0xF3, 0x80, 0x00, 0x01, 0xF7, 0x87, 0xFF, 0x1F, 0xFE, 0x7F, 0xFC, 0xF8, 0xF9,
    0xE0, 0xF3, 0xC1, 0xE7, 0x83, 0xCF, 0x07, 0x9F, 0x0F, 0x3F, 0x3E, 0x3F, 0xFC, 0x7F, 0xF8, 0x3E,
    0xF0, 0x01, 0xE3, 0x83, 0xCF, 0xFF, 0x8F, 0xFE, 0x0F, 0xF8, 0x07, 0xC0, 0x0E, 0x38, 0x07, 0xFC,
    0x01, 0xFC, 0x00, 0x7C, 0x00, 0x00, 0x00, 0x1F, 0x00, 0x3F, 0xE0, 0x3F, 0xFC, 0x3F, 0xFE, 0x3F,
    0x1F, 0x9F, 0x03, 0xDF, 0x01, 0xFF, 0x80, 0x07, 0x80, 0x03, 0xC1, 0xFF, 0xE0, 0xFF, 0xF0, 0x7F,
    0xFC, 0x3F, 0xFE, 0x03, 0xEF, 0x81, 0xE7, 0xF3, 0xF1, 0xFF, 0xF0, 0x7F, 0xF0, 0x1F, 0xF0, 0x01,
    0xC0, 0x00, 0x1C, 0x70, 0x3F, 0xE0, 0x3F, 0x80, 0x3E, 0x00, 0x00, 0x01, 0xF7, 0x87, 0xFF, 0x1F,
    0xFE, 0x7F, 0xFC, 0xF8, 0xF9, 0xE0, 0xF3, 0xC1, 0xE7, 0x83, 0xCF, 0x07, 0x9F, 0x0F, 0x3F, 0x3E,
    0x3F, 0xFC, 0x7F, 0xF8, 0x3E, 0xF0, 0x01, 0xE3, 0x83, 0xCF, 0xFF, 0x8F, 0xFE, 0x0F, 0xF8, 0x07,
    0xC0, 0x01, 0xC0, 0x01, 0xF0, 0x00, 0xF8, 0x00, 0x38, 0x00, 0x00, 0x00, 0x1F, 0x00, 0x3F, 0xE0,
    0x3F, 0xFC, 0x3F, 0xFE, 0x3F, 0x1F, 0x9F, 0x03, 0xDF, 0x01, 0xFF, 0x80, 0x07, 0x80, 0x03, 0xC1,
    0xFF, 0xE0, 0xFF, 0xF0, 0x7F, 0xFC, 0x3F, 0xFE, 0x03, 0xEF, 0x81, 0xE7, 0xF3, 0xF1, 0xFF, 0xF0,
    0x7F, 0xF0, 0x1F, 0xF0, 0x01, 0xC0, 0x00, 0x03, 0x80, 0x0F, 0x80, 0x1F, 0x00, 0x1C, 0x00, 0x00,
    0x01, 0xF7, 0x87, 0xFF, 0x1F, 0xFE, 0x7F, 0xFC, 0xF8, 0xF9, 0xE0, 0xF3, 0xC1, 0xE7, 0x83, 0xCF,
    0x07, 0x9F, 0x0F, 0x3F, 0x3E, 0x3F, 0xFC, 0x7F, 0xF8, 0x3E, 0xF0, 0x01, 0xE3, 0x83, 0xCF, 0xFF,
    0x8F, 0xFE, 0x0F, 0xF8, 0x07, 0xC0, 0x03, 0xE0, 0x07, 0xFC, 0x07, 0xFF, 0x87, 0xFF, 0xC7, 0xE3,
    0xF3, 0xE0, 0x7B, 0xE0, 0x3F, 0xF0, 0x00, 0xF0, 0x00, 0x78, 0x3F, 0xFC, 0x1F, 0xFE, 0x0F, 0xFF,
    0x87, 0xFF, 0xC0, 0x7D, 0xF0, 0x3C, 0xFE, 0x7E, 0x3F, 0xFE, 0x0F, 0xFE, 0x03, 0xFE, 0x00, 0x38,
    0x00, 0x3C, 0x00, 0x1E, 0x00, 0x0F, 0x00, 0x07, 0x00, 0x07, 0x80, 0x00, 0x01, 0x80, 0x03, 0x80,
    0x0F, 0x00, 0x1C, 0x00, 0x38, 0x00, 0x70, 0x00, 0x00, 0x07, 0xDE, 0x1F, 0xFC, 0x7F, 0xF9, 0xFF,
    0xF3, 0xE3, 0xE7, 0x83, 0xCF, 0x07, 0x9E, 0x0F, 0x3C, 0x1E, 0x7C, 0x3C, 0xFC, 0xF8, 0xFF, 0xF1,
    0xFF, 0xE0, 0xFB, 0xC0, 0x07, 0x8E, 0x0F, 0x3F, 0xFE, 0x3F, 0xF8, 0x3F, 0xE0, 0x1F, 0x00, 0x03,
    0xE0, 0x07, 0xF0, 0x0F, 0x70, 0x1E, 0x78, 0x00, 0x00, 0x70, 0x0F, 0xF8, 0x0F, 0xF8, 0x0F, 0xF8,
    0x0F, 0xF8, 0x0F, 0xF8, 0x0F, 0xF8, 0x0F, 0xF8, 0x0F, 0xFF, 0xFF, 0xFF, 0xFF, 0xFF, 0xFF, 0xFF,
    0xFF, 0xF8, 0x0F, 0xF8, 0x0F, 0xF8, 0x0F, 0xF8, 0x0F, 0xF8, 0x0F, 0xF8, 0x0F, 0xF8, 0x0F, 0x1F,
    0x00, 0x3F, 0x80, 0x7B, 0xC0, 0xF3, 0xC0, 0x00, 0x00, 0x0E, 0x00, 0x1E, 0x00, 0x1E, 0x00, 0x1E,
    0x00, 0x1E, 0x00, 0x1E, 0x7C, 0x1F, 0xFE, 0x1F, 0xFF, 0x1F, 0xFF, 0x1F, 0x1F, 0x1F, 0x0F, 0x1F,
    0x0F, 0x1F, 0x0F, 0x1F, 0x0F, 0x1F, 0x0F, 0x1F, 0x0F, 0x1F, 0x0F, 0x1F, 0x0F, 0x1F, 0x0F, 0x3C,
    0x03, 0xC3, 0xC0, 0x3C, 0x3C, 0x03, 0xC3, 0xC0, 0x3C, 0xFF, 0xFF, 0xFF, 0xFF, 0xFF, 0x7F, 0xFF,
    0xE3, 0xC0, 0x3C, 0x3F, 0xFF, 0xC3, 0xFF, 0xFC, 0x3F, 0xFF, 0xC3, 0xFF, 0xFC, 0x3C, 0x03, 0xC3,
    0xC0, 0x3C, 0x3C, 0x03, 0xC3, 0xC0, 0x3C, 0x3C, 0x03, 0xC3, 0xC0, 0x3C, 0x3C, 0x03, 0xC0, 0x1C,
    0x00, 0xFF, 0x83, 0xFF, 0x07, 0xFE, 0x03, 0xC0, 0x07, 0x9F, 0x0F, 0xFF, 0x1F, 0xFF, 0x3F, 0xFE,
    0x7C, 0x7C, 0xF8, 0x79, 0xF0, 0xF3, 0xE1, 0xE7, 0xC3, 0xCF, 0x87, 0x9F, 0x0F, 0x3E, 0x1E, 0x7C,
    0x3C, 0xF8, 0x78, 0x7B, 0xFF, 0xFF, 0xF8, 0xE0, 0x00, 0xE0, 0xF8, 0x7C, 0x3E, 0x1F, 0x0F, 0x87,
    0xC3, 0xE1, 0xF0, 0xF8, 0x7C, 0x3E, 0x1F, 0x0F, 0x87, 0xC3, 0xE1, 0xF0, 0xF8, 0x7C, 0x7B, 0xFF,
    0xFF, 0xD8, 0xC0, 0x01, 0xE0, 0xF8, 0x7C, 0x3E, 0x1F, 0x0F, 0x87, 0xC3, 0xE1, 0xF0, 0xF8, 0x7C,
    0x3E, 0x1F, 0x0F, 0x80, 0x7F, 0x7F, 0x7F, 0x00, 0x00, 0x1C, 0x3E, 0x3E, 0x3E, 0x3E, 0x3E, 0x3E,
    0x3E, 0x3E, 0x3E, 0x3E, 0x3E, 0x3E, 0x3E, 0x3E, 0x3E, 0x3E, 0x3E, 0x3E, 0x7F, 0xFF, 0xFF, 0x00,
    0x00, 0x3C, 0x3E, 0x3E, 0x3E, 0x3E, 0x3E, 0x3E, 0x3E, 0x3E, 0x3E, 0x3E, 0x3E, 0x3E, 0x3E, 0xE3,
    0xFF, 0xDF, 0xC7, 0xC0, 0x00, 0xE0, 0xF8, 0x7C, 0x3E, 0x1F, 0x0F, 0x87, 0xC3, 0xE1, 0xF0, 0xF8,
    0x7C, 0x3E, 0x1F, 0x0F, 0x87, 0xC3, 0xE1, 0xF0, 0xF8, 0x7C, 0xE3, 0xFF, 0xDF, 0xC7, 0xC0, 0x01,
    0xE0, 0xF8, 0x7C, 0x3E, 0x1F, 0x0F, 0x87, 0xC3, 0xE1, 0xF0, 0xF8, 0x7C, 0x3E, 0x1F, 0x0F, 0x80,
    0x39, 0xF7, 0xDF, 0x7D, 0xF7, 0xDF, 0x7D, 0xF7, 0xDF, 0x7D, 0xF7, 0xDF, 0x7D, 0xF7, 0xDE, 0xF3,
    0xCF, 0xFF, 0x30, 0x3C, 0x7C, 0xF8, 0xE0, 0x07, 0x8F, 0x9F, 0x3E, 0x7C, 0xF9, 0xF3, 0xE7, 0xCF,
    0x9F, 0x3E, 0x7C, 0xFB, 0xE7, 0x8F, 0x1F, 0xBF, 0x18, 0x77, 0xFE, 0xE0, 0x3B, 0xFF, 0xFF, 0xFF,
    0xFF, 0xFF, 0xFF, 0xFF, 0xFF, 0xFF, 0xFF, 0xFF, 0xF7, 0xFF, 0xFF, 0xFF, 0xFF, 0xFF, 0xFF, 0xFF,
    0xFC, 0x70, 0x01, 0xFF, 0x00, 0x3F, 0xE0, 0x07, 0xFC, 0x00, 0xFF, 0x80, 0x1F, 0xF0, 0x03, 0xFE,
    0x00, 0x7F, 0xC0, 0x0F, 0xF8, 0x01, 0xFF, 0x00, 0x3F, 0xE0, 0x07, 0xFC, 0x00, 0xFF, 0xBE, 0x1F,
    0xF7, 0xC3, 0xFE, 0xF8, 0x7F, 0xCF, 0x9F, 0xF9, 0xFF, 0xFF, 0x1F, 0xFB, 0xE1, 0xFE, 0x00, 0x0E,
    0x00, 0xF1, 0xFF, 0x3F, 0xE7, 0xB8, 0xF0, 0x01, 0xE3, 0xFE, 0x7F, 0xCF, 0xF9, 0xFF, 0x3F, 0xE7,
    0xFC, 0xFF, 0x9F, 0xF3, 0xFE, 0x7F, 0xCF, 0xF9, 0xFF, 0x3F, 0xE7, 0x80, 0xF0, 0x1E, 0x0F, 0xC1,
    0xF0, 0x3C, 0x00, 0x00, 0x00, 0x78, 0x00, 0xFC, 0x01, 0xFE, 0x03, 0xCF, 0x00, 0x00, 0x00, 0x78,
    0x00, 0x78, 0x00, 0x78, 0x00, 0x78, 0x00, 0x78, 0x00, 0x78, 0x00, 0x78, 0x00, 0x78, 0x00, 0x78,
    0x00, 0x78, 0x00, 0x78, 0x00, 0x78, 0x78, 0x78, 0xF8, 0x78, 0xF8, 0x78, 0x7C, 0xF8, 0x7F, 0xF8,
    0x3F, 0xF0, 0x1F, 0xE0, 0x07, 0x00, 0x1F, 0x07, 0xF1, 0xEF, 0x79, 0xE0, 0x00, 0x3C, 0x07, 0xC0,
    0xF8, 0x1F, 0x03, 0xE0, 0x7C, 0x0F, 0x81, 0xF0, 0x3E, 0x07, 0xC0, 0xF8, 0x1F, 0x03, 0xE0, 0x7C,
    0x0F, 0x81, 0xE0, 0xFC, 0x1F, 0x83, 0xE0, 0x00, 0x00, 0x70, 0x0F, 0x7C, 0x1F, 0xBE, 0x0F, 0x9F,
    0x0F, 0x8F, 0x8F, 0x87, 0xCF, 0xC3, 0xEF, 0xC1, 0xFF, 0xC0, 0xFF, 0xC0, 0x7F, 0xE0, 0x3F, 0xF8,
    0x1F, 0xFE, 0x0F, 0xDF, 0x07, 0xC7, 0xC3, 0xE1, 0xF1, 0xF0, 0xF8, 0xF8, 0x3E, 0x7C, 0x1F, 0xBE,
    0x07, 0xC0, 0x00, 0x00, 0x3C, 0x00, 0x3C, 0x00, 0x1E, 0x00, 0x0F, 0x00, 0x07, 0x00, 0x00, 0x70,
    0x03, 0xE0, 0x0F, 0x80, 0x3E, 0x00, 0xF8, 0x03, 0xE3, 0xEF, 0x9F, 0xBE, 0x7C, 0xFB, 0xE3, 0xFF,
    0x0F, 0xF8, 0x3F, 0xE0, 0xFF, 0x83, 0xFF, 0x0F, 0xFE, 0x3E, 0xF8, 0xF9, 0xF3, 0xE3, 0xEF, 0x8F,
    0x80, 0x00, 0x0F, 0x00, 0x3C, 0x00, 0xF0, 0x03, 0x80, 0x1E, 0x00, 0xF0, 0x7F, 0xE3, 0xEF, 0x9F,
    0x3E, 0x7C, 0xFB, 0xE3, 0xFF, 0x0F, 0xF8, 0x3F, 0xE0, 0xFF, 0xC3, 0xFF, 0x0F, 0xBE, 0x3E, 0x7C,
    0xF9, 0xFB, 0xE3, 0xE0, 0x3C, 0x01, 0xE0, 0x1E, 0x00, 0xE0, 0x00, 0x00, 0x38, 0x03, 0xE0, 0x1F,
    0x00, 0xF8, 0x07, 0xC0, 0x3E, 0x01, 0xF0, 0x0F, 0x80, 0x7C, 0x03, 0xE0, 0x1F, 0x00, 0xF8, 0x07,
    0xC0, 0x3E, 0x01, 0xF0, 0x0F, 0xFF, 0x7F, 0xFF, 0xFF, 0xFF, 0xFF, 0x3C, 0x79, 0xE3, 0x80, 0x0E,
    0x3E, 0x7C, 0xF9, 0xF3, 0xE7, 0xCF, 0x9F, 0x3E, 0x7C, 0xF9, 0xF3, 0xE7, 0xCF, 0x9F, 0x3E, 0x7C,
    0x70, 0x07, 0xC0, 0x3E, 0x01, 0xF0, 0x0F, 0x80, 0x7C, 0x03, 0xE0, 0x1F, 0x00, 0xF8, 0x07, 0xC0,
    0x3E, 0x01, 0xF0, 0x0F, 0x80, 0x7C, 0x03, 0xE0, 0x1F, 0xFE, 0xFF, 0xFF, 0xFF, 0xFF, 0xFE, 0x00,
    0x00, 0xF0, 0x07, 0x80, 0x3C, 0x01, 0xC0, 0x1E, 0x00, 0x39, 0xF7, 0xDF, 0x7D, 0xF7, 0xDF, 0x7D,
    0xF7, 0xDF, 0x7D, 0xF7, 0xDF, 0x7D, 0xF7, 0xC0, 0x79, 0xE7, 0x3C, 0xF0, 0x00, 0x03, 0x8E, 0x3E,
    0x71, 0xF3, 0x8F, 0x9C, 0x7C, 0xE3, 0xE0, 0x1F, 0x00, 0xF8, 0x07, 0xC0, 0x3E, 0x01, 0xF0, 0x0F,
    0x80, 0x7C, 0x03, 0xE0, 0x1F, 0x00, 0xFF, 0xF7, 0xFF, 0xFF, 0xFF, 0xFF, 0xF0, 0x00, 0x3B, 0xFF,
    0xFF, 0xFF, 0xF7, 0xFB, 0xE1, 0xF0, 0xF8, 0x7C, 0x3E, 0x1F, 0x0F, 0x87, 0xC3, 0xE1, 0xF0, 0xF8,
    0x7C, 0x3E, 0x1F, 0x00, 0x70, 0x07, 0xC0, 0x3E, 0x01, 0xF0, 0x0F, 0x80, 0x7C, 0x03, 0xEF, 0x1F,
    0x78, 0xFB, 0xC7, 0xDE, 0x3E, 0x01, 0xF0, 0x0F, 0x80, 0x7C, 0x03, 0xE0, 0x1F, 0xFE, 0xFF, 0xFF,
    0xFF, 0xFF, 0xFE, 0x70, 0x3E, 0x0F, 0x83, 0xE0, 0xF8, 0x3E, 0x0F, 0x83, 0xE0, 0xFB, 0xFF, 0xFF,
    0xFF, 0xEF, 0xF9, 0x3E, 0x0F, 0x83, 0xE0, 0xF8, 0x3E, 0x0F, 0x80, 0x1C, 0x00, 0x7C, 0x00, 0xF8,
    0x01, 0xF0, 0x03, 0xE2, 0x07, 0xDC, 0x0F, 0xF8, 0x1F, 0xF0, 0x3F, 0xC0, 0xFE, 0x03, 0xF8, 0x07,
    0xF0, 0x0F, 0xE0, 0x17, 0xC0, 0x0F, 0x80, 0x1F, 0xFE, 0x3F, 0xFE, 0x7F, 0xFC, 0xFF, 0xF8, 0x1C,
    0x3E, 0x3E, 0x3E, 0x3E, 0x3F, 0x3F, 0x3F, 0x3F, 0xFE, 0xFE, 0xFE, 0x3E, 0x3E, 0x3E, 0x3E, 0x3E,
    0x3E, 0x3E, 0x00, 0xF0, 0x00, 0x78, 0x00, 0x78, 0x00, 0x38, 0x00, 0x00, 0x03, 0xC0, 0x3B, 0xF0,
    0x3F, 0xF8, 0x1F, 0xFE, 0x0F, 0xFF, 0x07, 0xFF, 0xC3, 0xFF, 0xF1, 0xFF, 0xF8, 0xFF, 0xFE, 0x7F,
    0xEF, 0xBF, 0xF7, 0xDF, 0xF9, 0xFF, 0xFC, 0x7F, 0xFE, 0x3F, 0xFF, 0x0F, 0xFF, 0x83, 0xFF, 0xC1,
    0xFF, 0xE0, 0x7F, 0xF0, 0x3F, 0x03, 0xE0, 0x1E, 0x00, 0xE0, 0x0F, 0x00, 0x00, 0x79, 0xF3, 0xDF,
    0xDF, 0xFF, 0xFF, 0xFF, 0xC7, 0xFE, 0x1F, 0xF0, 0xFF, 0x87, 0xFC, 0x3F, 0xE1, 0xFF, 0x0F, 0xF8,
    0x7F, 0xC3, 0xFE, 0x1E, 0x78, 0x07, 0x7E, 0x07, 0xFF, 0x03, 0xFF, 0xC1, 0xFF, 0xE0, 0xFF, 0xF8,
    0x7F, 0xFE, 0x3F, 0xFF, 0x1F, 0xFF, 0xCF, 0xFD, 0xF7, 0xFE, 0xFB, 0xFF, 0x3F, 0xFF, 0x8F, 0xFF,
    0xC7, 0xFF, 0xE1, 0xFF, 0xF0, 0x7F, 0xF8, 0x3F, 0xFC, 0x0F, 0xFE, 0x07, 0xE0, 0x00, 0x00, 0x3C,
    0x00, 0x1E, 0x00, 0x0F, 0x00, 0x07, 0x00, 0x07, 0x80, 0x00, 0xF3, 0xE7, 0xBF, 0xBF, 0xFF, 0xFF,
    0xFF, 0x8F, 0xFC, 0x3F, 0xE1, 0xFF, 0x0F, 0xF8, 0x7F, 0xC3, 0xFE, 0x1F, 0xF0, 0xFF, 0x87, 0xFC,
    0x3C, 0x00, 0x00, 0xF0, 0x0F, 0x00, 0x78, 0x03, 0x80, 0x1C, 0x00, 0x0F, 0x78, 0x07, 0xF8, 0x01,
    0xF8, 0x00, 0x7C, 0x00, 0x00, 0x03, 0xC0, 0x3B, 0xF0, 0x3F, 0xF8, 0x1F, 0xFE, 0x0F, 0xFF, 0x07,
    0xFF, 0xC3, 0xFF, 0xF1, 0xFF, 0xF8, 0xFF, 0xFE, 0x7F, 0xEF, 0xBF, 0xF7, 0xDF, 0xF9, 0xFF, 0xFC,
    0x7F, 0xFE, 0x3F, 0xFF, 0x0F, 0xFF, 0x83, 0xFF, 0xC1, 0xFF, 0xE0, 0x7F, 0xF0, 0x3F, 0x3C, 0xF0,
    0xFF, 0x03, 0xF0, 0x0F, 0x00, 0x00, 0x79, 0xF3, 0xDF, 0xDF, 0xFF, 0xFF, 0xFF, 0xC7, 0xFE, 0x1F,
    0xF0, 0xFF, 0x87, 0xFC, 0x3F, 0xE1, 0xFF, 0x0F, 0xF8, 0x7F, 0xC3, 0xFE, 0x1E, 0x78, 0x07, 0x7E,
    0x07, 0xFF, 0x03, 0xFF, 0xC1, 0xFF, 0xE0, 0xFF, 0xF8, 0x7F, 0xFE, 0x3F, 0xFF, 0x1F, 0xFF, 0xCF,
    0xFD, 0xF7, 0xFE, 0xFB, 0xFF, 0x3F, 0xFF, 0x8F, 0xFF, 0xC7, 0xFF, 0xE1, 0xFF, 0xF0, 0x7F, 0xF8,
    0x3F, 0xFC, 0x0F, 0xFE, 0x07, 0xE0, 0x01, 0xF0, 0x00, 0xF8, 0x01, 0xFC, 0x00, 0xFC, 0x00, 0x7C,
    0x00, 0x38, 0x00, 0xF3, 0xE7, 0xBF, 0xBF, 0xFF, 0xFF, 0xFF, 0x8F, 0xFC, 0x3F, 0xE1, 0xFF, 0x0F,
    0xF8, 0x7F, 0xC3, 0xFE, 0x1F, 0xF0, 0xFF, 0x87, 0xFC, 0x3C, 0x01, 0xE0, 0x0F, 0x03, 0xF8, 0x1F,
    0xC0, 0xFC, 0x03, 0x80, 0x07, 0xF0, 0x01, 0xFC, 0x00, 0x7F, 0x00, 0x00, 0x00, 0x00, 0x00, 0x00,
    0xF8, 0x00, 0xFF, 0x80, 0x7F, 0xF8, 0x3F, 0xFE, 0x1F, 0x8F, 0xCF, 0xC0, 0xFB, 0xE0, 0x3E, 0xF8,
    0x07, 0xBC, 0x01, 0xEF, 0x00, 0x7B, 0xC0, 0x1E, 0xF0, 0x07, 0xBE, 0x01, 0xEF, 0x80, 0xF9, 0xF0,
    0x7E, 0x7F, 0x7F, 0x0F, 0xFF, 0x81, 0xFF, 0xC0, 0x3F, 0xE0, 0x01, 0xC0, 0x00, 0x0F, 0xE0, 0x1F,
    0xC0, 0x3F, 0x80, 0x00, 0x00, 0x00, 0x00, 0xF8, 0x07, 0xFC, 0x1F, 0xFC, 0x7F, 0xFC, 0xF8, 0xF9,
    0xE0, 0xF3, 0xC1, 0xF7, 0x83, 0xEF, 0x07, 0xDE, 0x0F, 0x3E, 0x3E, 0x3F, 0xF8, 0x7F, 0xF0, 0x3F,
    0xC0, 0x1C, 0x00, 0x0E, 0x38, 0x03, 0xFE, 0x00, 0x7F, 0x00, 0x0F, 0x80, 0x00, 0x00, 0x00, 0xF8,
    0x00, 0xFF, 0x80, 0x7F, 0xF8, 0x3F, 0xFE, 0x1F, 0x8F, 0xCF, 0xC0, 0xFB, 0xE0, 0x3E, 0xF8, 0x07,
    0xBC, 0x01, 0xEF, 0x00, 0x7B, 0xC0, 0x1E, 0xF0, 0x07, 0xBE, 0x01, 0xEF, 0x80, 0xF9, 0xF0, 0x7E,
    0x7F, 0x7F, 0x0F, 0xFF, 0x81, 0xFF, 0xC0, 0x3F, 0xE0, 0x01, 0xC0, 0x00, 0x1C, 0x70, 0x3F, 0xE0,
    0x3F, 0x80, 0x3E, 0x00, 0x00, 0x00, 0xF8, 0x07, 0xFC, 0x1F, 0xFC, 0x7F, 0xFC, 0xF8, 0xF9, 0xE0,
    0xF3, 0xC1, 0xF7, 0x83, 0xEF, 0x07, 0xDE, 0x0F, 0x3E, 0x3E, 0x3F, 0xF8, 0x7F, 0xF0, 0x3F, 0xC0,
    0x1C, 0x00, 0x07, 0xBC, 0x01, 0xFE, 0x00, 0xF7, 0x80, 0x3B, 0xC0, 0x00, 0x00, 0x00, 0xF8, 0x00,
    0xFF, 0x80, 0x7F, 0xF8, 0x3F, 0xFE, 0x1F, 0x8F, 0xCF, 0xC0, 0xFB, 0xE0, 0x3E, 0xF8, 0x07, 0xBC,
    0x01, 0xEF, 0x00, 0x7B, 0xC0, 0x1E, 0xF0, 0x07, 0xBE, 0x01, 0xEF, 0x80, 0xF9, 0xF0, 0x7E, 0x7F,
    0x7F, 0x0F, 0xFF, 0x81, 0xFF, 0xC0, 0x3F, 0xE0, 0x01, 0xC0, 0x00, 0x0F, 0x78, 0x1F, 0xE0, 0x7B,
    0xC0, 0xEF, 0x00, 0x00, 0x00, 0xF8, 0x07, 0xFC, 0x1F, 0xFC, 0x7F, 0xFC, 0xF8, 0xF9, 0xE0, 0xF3,
    0xC1, 0xF7, 0x83, 0xEF, 0x07, 0xDE, 0x0F, 0x3E, 0x3E, 0x3F, 0xF8, 0x7F, 0xF0, 0x3F, 0xC0, 0x1C,
    0x00, 0x00, 0xFF, 0xFE, 0x0F, 0xFF, 0xFF, 0x1F, 0xFF, 0xFF, 0x3F, 0xFF, 0xFF, 0x7F, 0x3E, 0x00,
    0x7C, 0x1E, 0x00, 0xF8, 0x1E, 0x00, 0xF0, 0x1E, 0x00, 0xF0, 0x1F, 0xFE, 0xF0, 0x1F, 0xFE, 0xF0,
    0x1F, 0xFE, 0xF0, 0x1F, 0xFE, 0xF8, 0x1E, 0x00, 0xF8, 0x1E, 0x00, 0x7C, 0x1E, 0x00, 0x7F, 0xFF,
    0xFE, 0x3F, 0xFF, 0xFF, 0x1F, 0xFF, 0xFF, 0x07, 0xFF, 0xFF, 0x07, 0xC3, 0xF0, 0x1F, 0xF7, 0xFC,
    0x3F, 0xFF, 0xFE, 0x7F, 0xFF, 0xBE, 0x7C, 0x7E, 0x1F, 0x78, 0x3E, 0x0F, 0x78, 0x3F, 0xFF, 0x78,
    0x3F, 0xFF, 0x78, 0x3F, 0xFE, 0x78, 0x3E, 0x00, 0x7C, 0x7F, 0x1F, 0x3F, 0xFF, 0xFE, 0x3F, 0xFF,
    0xFE, 0x0F, 0xF7, 0xF8, 0x03, 0x80, 0xE0, 0x01, 0xE0, 0x07, 0x80, 0x0F, 0x00, 0x1C, 0x00, 0x00,
    0x0F, 0xF0, 0x3F, 0xFC, 0x7F, 0xFC, 0xFF, 0xFD, 0xF0, 0xFB, 0xE0, 0xFF, 0xC1, 0xFF, 0x83, 0xFF,
    0x0F, 0xBF, 0xFF, 0x7F, 0xFC, 0xFF, 0xF1, 0xFF, 0xE3, 0xE7, 0xC7, 0xC7, 0xCF, 0x8F, 0x9F, 0x0F,
    0xBE, 0x0F, 0x7C, 0x1F, 0x0F, 0x07, 0x87, 0x83, 0x80, 0x07, 0x9F, 0xFF, 0xFF, 0xFF, 0xFC, 0x3E,
    0x1F, 0x0F, 0x87, 0xC3, 0xE1, 0xF0, 0xF8, 0x7C, 0x3E, 0x00, 0x7F, 0x81, 0xFF, 0xE3, 0xFF, 0xE7,
    0xFF, 0xEF, 0x87, 0xDF, 0x07, 0xFE, 0x0F, 0xFC, 0x1F, 0xF8, 0x7D, 0xFF, 0xFB, 0xFF, 0xE7, 0xFF,
    0x8F, 0xFF, 0x1F, 0x3E, 0x3E, 0x3E, 0x7C, 0x7C, 0xF8, 0x7D, 0xF0, 0x7B, 0xE0, 0xF8, 0x00, 0x00,
    0x78, 0x00, 0xF0, 0x01, 0xE0, 0x03, 0x80, 0x0F, 0x00, 0x79, 0xDF, 0xF7, 0xFD, 0xFF, 0x7C, 0x1F,
    0x07, 0xC1, 0xF0, 0x7C, 0x1F, 0x07, 0xC1, 0xF0, 0x7C, 0x1F, 0x00, 0x01, 0xE0, 0x78, 0x1E, 0x07,
    0x03, 0xC0, 0x3C, 0xF0, 0x3F, 0xC0, 0x3F, 0x00, 0x3C, 0x00, 0x00, 0x0F, 0xF0, 0x3F, 0xFC, 0x7F,
    0xFC, 0xFF, 0xFD, 0xF0, 0xFB, 0xE0, 0xFF, 0xC1, 0xFF, 0x83, 0xFF, 0x0F, 0xBF, 0xFF, 0x7F, 0xFC,
    0xFF, 0xF1, 0xFF, 0xE3, 0xE7, 0xC7, 0xC7, 0xCF, 0x8F, 0x9F, 0x0F, 0xBE, 0x0F, 0x7C, 0x1F, 0x7B,
    0xCF, 0xF0, 0xFE, 0x0F, 0x80, 0x00, 0xF3, 0x9F, 0xF3, 0xFE, 0x7F, 0xCF, 0x81, 0xF0, 0x3E, 0x07,
    0xC0, 0xF8, 0x1F, 0x03, 0xE0, 0x7C, 0x0F, 0x81, 0xF0, 0x00, 0x01, 0xE0, 0x03, 0x80, 0x0F, 0x00,
    0x1C, 0x00, 0x00, 0x00, 0xF8, 0x07, 0xFC, 0x3F, 0xFC, 0x7F, 0xFD, 0xF0, 0xFB, 0xE0, 0xF7, 0xC0,
    0x0F, 0xC0, 0x0F, 0xF8, 0x0F, 0xFC, 0x0F, 0xFE, 0x03, 0xFC, 0x00, 0xFF, 0xC0, 0xFF, 0x81, 0xFF,
    0xC7, 0xDF, 0xFF, 0x9F, 0xFE, 0x0F, 0xF8, 0x07, 0x80, 0x01, 0xE0, 0x1E, 0x00, 0xE0, 0x0F, 0x00,
    0x00, 0x07, 0xE0, 0xFF, 0xCF, 0xFE, 0x7C, 0xFB, 0xC3, 0x9F, 0x80, 0xFF, 0xC3, 0xFF, 0x07, 0xFC,
    0x43, 0xEF, 0x0F, 0x7F, 0xF9, 0xFF, 0x87, 0xF8, 0x0F, 0x00, 0x07, 0xC0, 0x1F, 0x80, 0x7F, 0x81,
    0xE7, 0x80, 0x00, 0x00, 0xF8, 0x07, 0xFC, 0x3F, 0xFC, 0x7F, 0xFD, 0xF0, 0xFB, 0xE0, 0xF7, 0xC0,
    0x0F, 0xC0, 0x0F, 0xF8, 0x0F, 0xFC, 0x0F, 0xFE, 0x03, 0xFC, 0x00, 0xFF, 0xC0, 0xFF, 0x81, 0xFF,
    0xC7, 0xDF, 0xFF, 0x9F, 0xFE, 0x0F, 0xF8, 0x07, 0x80, 0x07, 0x80, 0x7E, 0x07, 0xF8, 0x79, 0xE0,
    0x00, 0x07, 0xE0, 0xFF, 0xCF, 0xFE, 0x7C, 0xFB, 0xC3, 0x9F, 0x80, 0xFF, 0xC3, 0xFF, 0x07, 0xFC,
    0x43, 0xEF, 0x0F, 0x7F, 0xF9, 0xFF, 0x87, 0xF8, 0x0F, 0x00, 0x07, 0xC0, 0x3F, 0xE1, 0xFF, 0xE3,
    0xFF, 0xEF, 0x87, 0xDF, 0x07, 0xBE, 0x00, 0x7E, 0x00, 0x7F, 0xC0, 0x7F, 0xE0, 0x7F, 0xF0, 0x1F,
    0xE0, 0x07, 0xFE, 0x07, 0xFC, 0x0F, 0xFE, 0x3E, 0xFF, 0xFC, 0xFF, 0xF0, 0x7F, 0xC0, 0x3C, 0x00,
    0x3C, 0x00, 0x7C, 0x01, 0xF8, 0x03, 0xE0, 0x00, 0x00, 0x0F, 0xC1, 0xFF, 0x9F, 0xFC, 0xF9, 0xF7,
    0x87, 0x3F, 0x01, 0xFF, 0x87, 0xFE, 0x0F, 0xF8, 0x87, 0xDE, 0x1E, 0xFF, 0xF3, 0xFF, 0x0F, 0xF0,
    0x1E, 0x00, 0x78, 0x03, 0xC0, 0x3E, 0x01, 0xF0, 0x00, 0x00, 0x3C, 0xF0, 0x3F, 0xC0, 0x3F, 0x00,
    0x3C, 0x00, 0x00, 0x00, 0xF8, 0x07, 0xFC, 0x3F, 0xFC, 0x7F, 0xFD, 0xF0, 0xFB, 0xE0, 0xF7, 0xC0,
    0x0F, 0xC0, 0x0F, 0xF8, 0x0F, 0xFC, 0x0F, 0xFE, 0x03, 0xFC, 0x00, 0xFF, 0xC0, 0xFF, 0x81, 0xFF,
    0xC7, 0xDF, 0xFF, 0x9F, 0xFE, 0x0F, 0xF8, 0x07, 0x80, 0x3C, 0xF0, 0xFF, 0x03, 0xF0, 0x0F, 0x00,
    0x00, 0x07, 0xE0, 0xFF, 0xCF, 0xFE, 0x7C, 0xFB, 0xC3, 0x9F, 0x80, 0xFF, 0xC3, 0xFF, 0x07, 0xFC,
    0x43, 0xEF, 0x0F, 0x7F, 0xF9, 0xFF, 0x87, 0xF8, 0x0F, 0x00, 0x7F, 0xFF, 0xFF, 0xFF, 0xFF, 0xFF,
    0xFF, 0xFF, 0x03, 0xE0, 0x03, 0xE0, 0x03, 0xE0, 0x03, 0xE0, 0x03, 0xE0, 0x03, 0xE0, 0x03, 0xE0,
    0x03, 0xE0, 0x03, 0xE0, 0x03, 0xE0, 0x03, 0xE0, 0x03, 0xE0, 0x03, 0xE0, 0x03, 0xE0, 0x03, 0xE0,
    0x01, 0x80, 0x01, 0xE0, 0x01, 0xF0, 0x01, 0xF0, 0x03, 0xE0, 0x00, 0x00, 0x3C, 0x1E, 0x0F, 0x1F,
    0xFF, 0xFF, 0xFF, 0xFE, 0x78, 0x3C, 0x1E, 0x0F, 0x07, 0x83, 0xC1, 0xE0, 0xFE, 0x7F, 0x1F, 0x87,
    0x03, 0xE0, 0xF0, 0xF8, 0x7C, 0x00, 0x1E, 0x78, 0x0F, 0xF0, 0x07, 0xE0, 0x03, 0xC0, 0x00, 0x00,
    0x7F, 0xFF, 0xFF, 0xFF, 0xFF, 0xFF, 0xFF, 0xFF, 0x03, 0xE0, 0x03, 0xE0, 0x03, 0xE0, 0x03, 0xE0,
    0x03, 0xE0, 0x03, 0xE0, 0x03, 0xE0, 0x03, 0xE0, 0x03, 0xE0, 0x03, 0xE0, 0x03, 0xE0, 0x03, 0xE0,
    0x03, 0xE0, 0x03, 0xE0, 0x03, 0xE0, 0x00, 0x00, 0x38, 0x07, 0x00, 0xE3, 0xDC, 0x7B, 0x8F, 0x07,
    0xFC, 0xFF, 0x9F, 0xF3, 0xFE, 0x1E, 0x03, 0xC0, 0x78, 0x0F, 0x01, 0xE0, 0x3C, 0x07, 0x80, 0xFE,
    0x1F, 0xC1, 0xF8, 0x04, 0x00, 0x7F, 0xFF, 0xFF, 0xFF, 0xFF, 0xFF, 0xFF, 0xFF, 0x03, 0xE0, 0x03,
    0xE0, 0x03, 0xE0, 0x03, 0xE0, 0x1F, 0xFC, 0x1F, 0xFC, 0x1F, 0xFC, 0x1F, 0xF8, 0x03, 0xE0, 0x03,
    0xE0, 0x03, 0xE0, 0x03, 0xE0, 0x03, 0xE0, 0x03, 0xE0, 0x03, 0xE0, 0x3C, 0x1E, 0x0F, 0x1F, 0xFF,
    0xFF, 0xFF, 0xFE, 0x78, 0xFF, 0xFF, 0xFF, 0xE7, 0x83, 0xC1, 0xE0, 0xFE, 0x7F, 0x1F, 0x81, 0x00,
    0x07, 0x38, 0x0F, 0xF8, 0x0F, 0xF0, 0x0C, 0xE0, 0x00, 0x00, 0x70, 0x0E, 0xF8, 0x1F, 0xF8, 0x1F,
    0xF8, 0x1F, 0xF8, 0x1F, 0xF8, 0x1F, 0xF8, 0x1F, 0xF8, 0x1F, 0xF8, 0x1F, 0xF8, 0x1F, 0xF8, 0x1F,
    0xF8, 0x1F, 0xF8, 0x1F, 0xF8, 0x1F, 0xF8, 0x1F, 0x7E, 0x7E, 0x7F, 0xFE, 0x3F, 0xFC, 0x0F, 0xF8,
    0x03, 0xC0, 0x1E, 0x61, 0xFF, 0x0F, 0xF8, 0x73, 0x80, 0x00, 0x78, 0x3F, 0xE1, 0xFF, 0x0F, 0xF8,
    0x7F, 0xC3, 0xFE, 0x1F, 0xF0, 0xFF, 0x87, 0xFC, 0x3F, 0xE1, 0xFF, 0x9F, 0x7F, 0xFB, 0xFF, 0xCF,
    0xDE, 0x18, 0x00, 0x07, 0xF0, 0x0F, 0xF0, 0x0F, 0xF0, 0x00, 0x00, 0x00, 0x00, 0x70, 0x0E, 0xF8,
    0x1F, 0xF8, 0x1F, 0xF8, 0x1F, 0xF8, 0x1F, 0xF8, 0x1F, 0xF8, 0x1F, 0xF8, 0x1F, 0xF8, 0x1F, 0xF8,
    0x1F, 0xF8, 0x1F, 0xF8, 0x1F, 0xF8, 0x1F, 0xF8, 0x1F, 0xF8, 0x1F, 0x7E, 0x7E, 0x7F, 0xFE, 0x3F,
    0xFC, 0x0F, 0xF8, 0x03, 0xC0, 0x1F, 0xC0, 0xFF, 0x07, 0xF8, 0x00, 0x00, 0x00, 0x78, 0x3F, 0xE1,
    0xFF, 0x0F, 0xF8, 0x7F, 0xC3, 0xFE, 0x1F, 0xF0, 0xFF, 0x87, 0xFC, 0x3F, 0xE1, 0xFF, 0x9F, 0x7F,
    0xFB, 0xFF, 0xCF, 0xDE, 0x18, 0x00, 0x0C, 0x38, 0x0F, 0xF0, 0x0F, 0xF0, 0x03, 0xE0, 0x00, 0x00,
    0x70, 0x0E, 0xF8, 0x1F, 0xF8, 0x1F, 0xF8, 0x1F, 0xF8, 0x1F, 0xF8, 0x1F, 0xF8, 0x1F, 0xF8, 0x1F,
    0xF8, 0x1F, 0xF8, 0x1F, 0xF8, 0x1F, 0xF8, 0x1F, 0xF8, 0x1F, 0xF8, 0x1F, 0xF8, 0x1F, 0x7E, 0x7E,
    0x7F, 0xFE, 0x3F, 0xFC, 0x0F, 0xF8, 0x03, 0xC0, 0x38, 0xE1, 0xFF, 0x07, 0xF0, 0x1F, 0x00, 0x00,
    0x78, 0x3F, 0xE1, 0xFF, 0x0F, 0xF8, 0x7F, 0xC3, 0xFE, 0x1F, 0xF0, 0xFF, 0x87, 0xFC, 0x3F, 0xE1,
    0xFF, 0x9F, 0x7F, 0xFB, 0xFF, 0xCF, 0xDE, 0x18, 0x00, 0x03, 0xC0, 0x07, 0xE0, 0x0E, 0x70, 0x0E,
    0x70, 0x07, 0xE0, 0x03, 0xE0, 0x70, 0x0E, 0xF8, 0x1F, 0xF8, 0x1F, 0xF8, 0x1F, 0xF8, 0x1F, 0xF8,
    0x1F, 0xF8, 0x1F, 0xF8, 0x1F, 0xF8, 0x1F, 0xF8, 0x1F, 0xF8, 0x1F, 0xF8, 0x1F, 0xF8, 0x1F, 0xF8,
    0x1F, 0xF8, 0x1F, 0x7E, 0x7E, 0x7F, 0xFE, 0x3F, 0xFC, 0x0F, 0xF8, 0x03, 0xC0, 0x07, 0x80, 0x7E,
    0x07, 0x70, 0x39, 0x81, 0xFC, 0x07, 0xE0, 0x1C, 0x1E, 0x0F, 0xF8, 0x7F, 0xC3, 0xFE, 0x1F, 0xF0,
    0xFF, 0x87, 0xFC, 0x3F, 0xE1, 0xFF, 0x0F, 0xF8, 0x7F, 0xE7, 0xDF, 0xFE, 0xFF, 0xF3, 0xF7, 0x86,
    0x00, 0x07, 0xFC, 0x0F, 0x78, 0x0E, 0xF0, 0x0E, 0xE0, 0x00, 0x00, 0x70, 0x0E, 0xF8, 0x1F, 0xF8,
    0x1F, 0xF8, 0x1F, 0xF8, 0x1F, 0xF8, 0x1F, 0xF8, 0x1F, 0xF8, 0x1F, 0xF8, 0x1F, 0xF8, 0x1F, 0xF8,
    0x1F, 0xF8, 0x1F, 0xF8, 0x1F, 0xF8, 0x1F, 0xF8, 0x1F, 0x7E, 0x7E, 0x7F, 0xFE, 0x3F, 0xFC, 0x0F,
    0xF8, 0x03, 0xC0, 0x1E, 0xF0, 0xFF, 0x0F, 0x78, 0x7F, 0x80, 0x00, 0x78, 0x3F, 0xE1, 0xFF, 0x0F,
    0xF8, 0x7F, 0xC3, 0xFE, 0x1F, 0xF0, 0xFF, 0x87, 0xFC, 0x3F, 0xE1, 0xFF, 0x9F, 0x7F, 0xFB, 0xFF,
    0xCF, 0xDE, 0x18, 0x00, 0x70, 0x0E, 0xF8, 0x1F, 0xF8, 0x1F, 0xF8, 0x1F, 0xF8, 0x1F, 0xF8, 0x1F,
    0xF8, 0x1F, 0xF8, 0x1F, 0xF8, 0x1F, 0xF8, 0x1F, 0xF8, 0x1F, 0xF8, 0x1F, 0xF8, 0x1F, 0xF8, 0x1F,
    0xF8, 0x1F, 0x7E, 0x7E, 0x7F, 0xFE, 0x3F, 0xFC, 0x0F, 0xF8, 0x03, 0xE0, 0x03, 0xC0, 0x07, 0xC0,
    0x07, 0xE0, 0x03, 0xF0, 0x00, 0xC0, 0xF0, 0x7B, 0xE1, 0xEF, 0x87, 0xBE, 0x1E, 0xF8, 0x7B, 0xE1,
    0xEF, 0x87, 0xBE, 0x1E, 0xF8, 0x7B, 0xE1, 0xEF, 0xCF, 0x9F, 0xFE, 0x7F, 0xF8, 0xFD, 0xE0, 0xCF,
    0x80, 0x38, 0x01, 0xF0, 0x07, 0xE0, 0x0F, 0xC0, 0x0C, 0x00, 0x3E, 0x00, 0x00, 0x0F, 0xC0, 0x00,
    0x07, 0xF8, 0x00, 0x03, 0xCF, 0x00, 0x00, 0x00, 0x00, 0x1C, 0x07, 0x81, 0xEF, 0x83, 0xE0, 0x79,
    0xE0, 0xFC, 0x3E, 0x7C, 0x3F, 0x0F, 0x9F, 0x0F, 0xC3, 0xE7, 0xC7, 0xF0, 0xF0, 0xF1, 0xFE, 0x7C,
    0x3C, 0x7F, 0x9F, 0x0F, 0x9F, 0xE7, 0xC3, 0xEF, 0x79, 0xE0, 0x7B, 0xCF, 0x78, 0x1E, 0xF3, 0xFE,
    0x07, 0xFC, 0xFF, 0x00, 0xFE, 0x3F, 0xC0, 0x3F, 0x87, 0xF0, 0x0F, 0xE1, 0xFC, 0x03, 0xF8, 0x7E,
    0x00, 0x7C, 0x1F, 0x80, 0x1F, 0x03, 0xE0, 0x00, 0xF8, 0x00, 0x0F, 0xE0, 0x00, 0xF7, 0x80, 0x07,
    0x1C, 0x00, 0x00, 0x00, 0x78, 0x3C, 0x3F, 0xE3, 0xE3, 0xEF, 0x1F, 0x1F, 0x78, 0xF8, 0xF3, 0xCF,
    0xE7, 0x9F, 0x7F, 0x7C, 0x7B, 0xFB, 0xC3, 0xDD, 0xDE, 0x1F, 0xEF, 0xF0, 0x7F, 0x7F, 0x03, 0xF1,
    0xF8, 0x1F, 0x8F, 0xC0, 0x7C, 0x7E, 0x03, 0xE3, 0xE0, 0x01, 0xE0, 0x00, 0xFC, 0x00, 0x7F, 0x80,
    0x3C, 0xF0, 0x00, 0x00, 0x1E, 0x01, 0xEF, 0xC0, 0xFD, 0xF0, 0x3E, 0x3E, 0x1F, 0x0F, 0x87, 0xC1,
    0xF3, 0xE0, 0x7C, 0xF8, 0x0F, 0xFC, 0x01, 0xFE, 0x00, 0x7F, 0x80, 0x0F, 0xC0, 0x03, 0xF0, 0x00,
    0x78, 0x00, 0x1E, 0x00, 0x07, 0x80, 0x01, 0xE0, 0x00, 0x78, 0x00, 0x1E, 0x00, 0x07, 0x80, 0x07,
    0xC0, 0x1F, 0xC0, 0x7B, 0xC1, 0xE7, 0x80, 0x00, 0x1F, 0x07, 0xFE, 0x0F, 0x3C, 0x1E, 0x7C, 0x7C,
    0xF8, 0xF0, 0xF1, 0xE1, 0xF7, 0xC1, 0xEF, 0x03, 0xDE, 0x07, 0xF8, 0x07, 0xF0, 0x0F, 0xE0, 0x1F,
    0x80, 0x1F, 0x00, 0x3E, 0x00, 0x78, 0x07, 0xF0, 0x1F, 0xC0, 0x3F, 0x00, 0x18, 0x00, 0x07, 0x38,
    0x03, 0xCF, 0x00, 0xF3, 0xC0, 0x1C, 0xE0, 0x00, 0x00, 0x1E, 0x01, 0xEF, 0xC0, 0xFD, 0xF0, 0x3E,
    0x3E, 0x1F, 0x0F, 0x87, 0xC1, 0xF3, 0xE0, 0x7C, 0xF8, 0x0F, 0xFC, 0x01, 0xFE, 0x00, 0x7F, 0x80,
    0x0F, 0xC0, 0x03, 0xF0, 0x00, 0x78, 0x00, 0x1E, 0x00, 0x07, 0x80, 0x01, 0xE0, 0x00, 0x78, 0x00,
    0x1E, 0x00, 0x07, 0x80, 0x01, 0xE0, 0x03, 0xC0, 0x0F, 0x00, 0x1C, 0x00, 0x00, 0x1F, 0xFF, 0xBF,
    0xFF, 0xFF, 0xFF, 0xFF, 0xFC, 0x00, 0xF8, 0x03, 0xE0, 0x0F, 0x80, 0x3E, 0x00, 0x7C, 0x01, 0xF0,
    0x07, 0xC0, 0x0F, 0x80, 0x3E, 0x00, 0xF8, 0x03, 0xE0, 0x07, 0xDF, 0xDF, 0xFF, 0xFF, 0xFF, 0xFF,
    0xFF, 0x03, 0xC0, 0x78, 0x07, 0x80, 0xF0, 0x00, 0x0F, 0xFF, 0xFF, 0xFF, 0xFF, 0xFF, 0xE0, 0x3E,
    0x07, 0xC0, 0xF8, 0x1F, 0x01, 0xF0, 0x3E, 0x07, 0xC0, 0xFF, 0xFF, 0xFF, 0xFF, 0xF0, 0x07, 0x80,
    0x0F, 0x80, 0x1F, 0x00, 0x1C, 0x00, 0x00, 0x1F, 0xFF, 0xBF, 0xFF, 0xFF, 0xFF, 0xFF, 0xFC, 0x00,
    0xF8, 0x03, 0xE0, 0x0F, 0x80, 0x3E, 0x00, 0x7C, 0x01, 0xF0, 0x07, 0xC0, 0x0F, 0x80, 0x3E, 0x00,
    0xF8, 0x03, 0xE0, 0x07, 0xDF, 0xDF, 0xFF, 0xFF, 0xFF, 0xFF, 0xFF, 0x0F, 0x00, 0xF0, 0x0F, 0x00,
    0xF0, 0x00, 0x0F, 0xFF, 0xFF, 0xFF, 0xFF, 0xFF, 0xE0, 0x3E, 0x07, 0xC0, 0xF8, 0x1F, 0x01, 0xF0,
    0x3E, 0x07, 0xC0, 0xFF, 0xFF, 0xFF, 0xFF, 0xF0, 0x3C, 0xF0, 0x3F, 0xC0, 0x3F, 0x00, 0x3C, 0x00,
    0x00, 0x1F, 0xFF, 0xBF, 0xFF, 0xFF, 0xFF, 0xFF, 0xFC, 0x00, 0xF8, 0x03, 0xE0, 0x0F, 0x80, 0x3E,
    0x00, 0x7C, 0x01, 0xF0, 0x07, 0xC0, 0x0F, 0x80, 0x3E, 0x00, 0xF8, 0x03, 0xE0, 0x07, 0xDF, 0xDF,
    0xFF, 0xFF, 0xFF, 0xFF, 0xFF, 0x79, 0xE3, 0xFC, 0x1F, 0x80, 0xF0, 0x00, 0x0F, 0xFF, 0xFF, 0xFF,
    0xFF, 0xFF, 0xE0, 0x3E, 0x07, 0xC0, 0xF8, 0x1F, 0x01, 0xF0, 0x3E, 0x07, 0xC0, 0xFF, 0xFF, 0xFF,
    0xFF, 0xF0, 0x3F, 0x7F, 0xFE, 0xFA, 0xF8, 0xF8, 0xF8, 0xF8, 0xF8, 0xF8, 0xF8, 0xF8, 0xF8, 0xF8,
    0xF8, 0xF8, 0xF8, 0xF8, 0xF8, 0x00, 0x03, 0xC0, 0x00, 0xF0, 0x3F, 0xFC, 0x3F, 0xFE, 0x1F, 0xFF,
    0x8F, 0xFF, 0xC7, 0xE3, 0xF3, 0xF0, 0x3E, 0xF8, 0x0F, 0xBE, 0x01, 0xEF, 0x00, 0x7B, 0xC0, 0x1E,
    0xF0, 0x07, 0xBC, 0x01, 0xEF, 0x80, 0x7B, 0xE0, 0x3E, 0x7C, 0x1F, 0x9F, 0xDF, 0xC3, 0xFF, 0xE0,
    0x7F, 0xF0, 0x0F, 0xF8, 0x00, 0x70, 0x00, 0x00, 0x0E, 0x00, 0x1C, 0x00, 0x38, 0x3F, 0xF1, 0xFF,
    0xE7, 0xFF, 0x1F, 0xFF, 0x3E, 0x3E, 0x78, 0x3C, 0xF0, 0x7D, 0xE0, 0xFB, 0xC1, 0xF7, 0x83, 0xCF,
    0x8F, 0x8F, 0xFE, 0x1F, 0xFC, 0x0F, 0xF0, 0x07, 0x00, 0x00, 0x03, 0xC0, 0x00, 0xF7, 0x00, 0xFF,
    0xE0, 0x7F, 0xF8, 0x1F, 0xBE, 0x07, 0xCF, 0x81, 0xF3, 0xE0, 0x7C, 0xF8, 0x1F, 0x3E, 0x07, 0xCF,
    0x81, 0xF3, 0xE0, 0x7C, 0xF8, 0x1F, 0x3E, 0x07, 0xCF, 0x81, 0xF3, 0xE0, 0x7C, 0xF8, 0x1F, 0x1F,
    0x9F, 0x87, 0xFF, 0xE0, 0xFF, 0xF0, 0x0F, 0xF8, 0x00, 0xF0, 0x00, 0x00, 0x0E, 0x00, 0x1C, 0x00,
    0x3F, 0x83, 0xFF, 0x87, 0xFF, 0x0F, 0xBE, 0x1E, 0x7C, 0x3C, 0xF8, 0x79, 0xF0, 0xF3, 0xE1, 0xE7,
    0xC3, 0xCF, 0x87, 0x9F, 0x9F, 0x1F, 0xFE, 0x3F, 0xFC, 0x3F, 0x78, 0x18, 0x00, 0x7F, 0x00, 0x1E,
    0x7B, 0xFF, 0xC0, 0x3F, 0xCF, 0xFF, 0x80, 0x7E, 0x3F, 0xFF, 0x00, 0xF0, 0xF8, 0xFE, 0x00, 0x03,
    0xE0, 0xF8, 0xFF, 0xFF, 0x81, 0xF3, 0xFF, 0xFE, 0x07, 0xCF, 0xFF, 0xF8, 0x0F, 0x3F, 0xFB, 0xE0,
    0x3C, 0x03, 0xEF, 0x80, 0xF0, 0x1F, 0x3E, 0x03, 0xC0, 0xF8, 0xF8, 0x1F, 0x07, 0xC3, 0xE0, 0x7C,
    0x1E, 0x0F, 0x83, 0xE0, 0xF8, 0x3F, 0xFF, 0x87, 0xC0, 0xFF, 0xFC, 0x3F, 0xFF, 0xFF, 0xE0, 0xFF,
    0xFF, 0xFE, 0x03, 0xFF, 0xC0, 0x00, 0x1C, 0x3D, 0xE0, 0x01, 0xE0, 0xFF, 0x00, 0x0F, 0x07, 0xF0,
    0x00, 0x78, 0x1F, 0x00, 0x03, 0xC0, 0x00, 0x07, 0xDE, 0x3F, 0xF8, 0x7F, 0xF1, 0xFF, 0xC7, 0xFF,
    0x8F, 0xFE, 0x7F, 0xFC, 0x7F, 0xF3, 0xE3, 0xE0, 0x1F, 0x1E, 0x0F, 0x00, 0xF0, 0xF0, 0x78, 0x0F,
    0x87, 0x83, 0xC0, 0xF8, 0x3C, 0x1E, 0x0F, 0x81, 0xE0, 0xF0, 0xF8, 0x0F, 0x8F, 0x87, 0xC0, 0x7F,
    0xFC, 0x7F, 0xF9, 0xFF, 0xE3, 0xFF, 0xC7, 0xFF, 0x1F, 0xFE, 0x0E, 0x00, 0x00, 0x00, 0x70, 0x00,
    0x03, 0xDF, 0x00, 0x00, 0x7B, 0xE0, 0x00, 0x0F, 0x7C, 0x00, 0x01, 0xEF, 0x80, 0x00, 0x3D, 0xF0,
    0x00, 0x07, 0xBE, 0x00, 0x00, 0xF7, 0xC0, 0x00, 0x1E, 0xF8, 0x00, 0x03, 0xDF, 0x00, 0x00, 0x7B,
    0xE0, 0x00, 0x0F, 0x7C, 0x00, 0x01, 0xEF, 0x80, 0x3C, 0x3D, 0xF0, 0x07, 0x87, 0xBE, 0x00, 0xF0,
    0xF7, 0xFF, 0x9F, 0x3E, 0xFF, 0xFB, 0xFF, 0xDF, 0xFF, 0x3F, 0xF3, 0xFF, 0xE3, 0xFC, 0x00, 0x00,
    0x1C, 0x00, 0x70, 0x01, 0xDF, 0x00, 0x7F, 0xE0, 0x0F, 0xFC, 0x00, 0xEF, 0x80, 0x01, 0xF0, 0x07,
    0xBE, 0x00, 0xFF, 0xC0, 0x1F, 0xF8, 0x03, 0xFF, 0x00, 0x7F, 0xE0, 0x0F, 0xFC, 0x01, 0xFF, 0x80,
    0x3F, 0xF0, 0x07, 0xFE, 0x00, 0xFF, 0xFF, 0x9F, 0xFF, 0xFB, 0xFF, 0xFF, 0x7F, 0xFF, 0xEF, 0x80,
    0x01, 0xF0, 0x00, 0x3E, 0x00, 0x1F, 0x80, 0x03, 0xF0, 0x00, 0x7C, 0x00, 0x00, 0x00, 0x71, 0xFF,
    0x3F, 0xE7, 0xFC, 0xFF, 0x81, 0xF3, 0xFE, 0x7F, 0xCF, 0xF9, 0xFF, 0x3F, 0xE7, 0xFC, 0xFF, 0x9F,
    0xF3, 0xFE, 0x7F, 0xCF, 0xF9, 0xFF, 0x3F, 0xE7, 0x80, 0xF0, 0x1E, 0x0F, 0xC1, 0xF0, 0x3C, 0x00,
    0x00, 0x78, 0x07, 0x00, 0x1F, 0xF8, 0x1F, 0x00, 0x3F, 0xF0, 0x3E, 0x00, 0x7F, 0xF0, 0x7C, 0x00,
    0xFF, 0xE0, 0xF8, 0x01, 0xFF, 0xE1, 0xF0, 0x03, 0xFF, 0xE3, 0xE0, 0x07, 0xFF, 0xC7, 0xC0, 0x0F,
    0xFF, 0xCF, 0x80, 0x1F, 0xF7, 0xDF, 0x00, 0x3F, 0xEF, 0xBE, 0x00, 0x7F, 0xCF, 0xFC, 0x00, 0xFF,
    0x8F, 0xFB, 0xE1, 0xFF, 0x1F, 0xF7, 0xC3, 0xFE, 0x1F, 0xEF, 0x87, 0xFC, 0x1F, 0xCF, 0x9F, 0xF8,
    0x3F, 0x9F, 0xFF, 0xF0, 0x3F, 0x1F, 0xFB, 0xE0, 0x7E, 0x1F, 0xE0, 0x00, 0x00, 0x0E, 0x00, 0x78,
    0x07, 0x1E, 0xFC, 0x0F, 0x9E, 0xFC, 0x0F, 0x9E, 0xFE, 0x0F, 0x8E, 0xFE, 0x0F, 0x80, 0xFF, 0x0F,
    0x9E, 0xFF, 0x8F, 0x9E, 0xFF, 0x8F, 0x9E, 0xFF, 0xCF, 0x9E, 0xFB, 0xEF, 0x9E, 0xFB, 0xEF, 0x9E,
    0xF9, 0xFF, 0x9E, 0xF8, 0xFF, 0x9E, 0xF8, 0xFF, 0x9E, 0xF8, 0x7F, 0x9E, 0xF8, 0x3F, 0x9E, 0xF8,
    0x3F, 0x9E, 0xF8, 0x1F, 0x9E, 0xF8, 0x1F, 0x9E, 0x00, 0x00, 0x1E, 0x00, 0x00, 0x1E, 0x00, 0x00,
    0x7E, 0x00, 0x00, 0x7E, 0x00, 0x00, 0x7C, 0x00, 0x00, 0x00, 0x00, 0x00, 0xF0, 0x00, 0x1F, 0x00,
    0x01, 0xF0, 0x00, 0x0E, 0x00, 0x00, 0x0F, 0x3E, 0x0F, 0xF7, 0xF1, 0xFF, 0xFF, 0x9F, 0xFF, 0xF9,
    0xFF, 0x8F, 0x9F, 0xF8, 0x79, 0xFF, 0x87, 0x9F, 0xF8, 0x79, 0xFF, 0x87, 0x9F, 0xF8, 0x79, 0xFF,
    0x87, 0x9F, 0xF8, 0x79, 0xFF, 0x87, 0x9F, 0xF8, 0x79, 0xF0, 0x00, 0x1F, 0x00, 0x01, 0xF0, 0x00,
    0x7F, 0x00, 0x07, 0xE0, 0x00, 0x7C, 0x00, 0x00, 0x00, 0x0F, 0x3C, 0x01, 0xFE, 0x00, 0x3F, 0x00,
    0x07, 0x80, 0x00, 0x00, 0x00, 0x78, 0x00, 0x3F, 0x00, 0x0F, 0xE0, 0x07, 0xF8, 0x01, 0xFE, 0x00,
    0x7F, 0xC0, 0x3F, 0xF0, 0x0F, 0xBC, 0x03, 0xCF, 0x81, 0xF3, 0xE0, 0x7C, 0x78, 0x1F, 0x1F, 0x0F,
    0xFF, 0xC3, 0xFF, 0xF0, 0xFF, 0xFE, 0x7C, 0x0F, 0x9F, 0x01, 0xF7, 0x80, 0x7F, 0xE0, 0x1F, 0x3C,
    0xF0, 0xFF, 0x03, 0xF0, 0x0F, 0x00, 0x00, 0x07, 0xE0, 0xFF, 0xC7, 0xFF, 0x7C, 0xFB, 0xC3, 0xC0,
    0x3E, 0x3F, 0xF7, 0xFF, 0xBF, 0xBF, 0xE1, 0xFF, 0x1F, 0x7F, 0xFB, 0xFF, 0xCF, 0xFE, 0x1C, 0x00,
    0x7B, 0xCF, 0xF0, 0xFC, 0x0F, 0x80, 0x00, 0x1C, 0x07, 0xC0, 0xF8, 0x1F, 0x03, 0xE0, 0x7C, 0x0F,
    0x81, 0xF0, 0x3E, 0x07, 0xC0, 0xF8, 0x1F, 0x03, 0xE0, 0x7C, 0x0F, 0x81, 0xF0, 0x3E, 0x07, 0xC0,
    0xF8, 0xF3, 0xCF, 0xF0, 0xFC, 0x0F, 0x00, 0x00, 0x3C, 0x07, 0xC0, 0xF8, 0x1F, 0x03, 0xE0, 0x7C,
    0x0F, 0x81, 0xF0, 0x3E, 0x07, 0xC0, 0xF8, 0x1F, 0x03, 0xE0, 0x7C, 0x00, 0x0F, 0x78, 0x01, 0xFE,
    0x00, 0x3F, 0x00, 0x0F, 0x80, 0x00, 0x00, 0x00, 0xF8, 0x00, 0xFF, 0x80, 0x7F, 0xF8, 0x3F, 0xFE,
    0x1F, 0x8F, 0xCF, 0xC0, 0xFB, 0xE0, 0x3E, 0xF8, 0x07, 0xBC, 0x01, 0xEF, 0x00, 0x7B, 0xC0, 0x1E,
    0xF0, 0x07, 0xBE, 0x01, 0xEF, 0x80, 0xF9, 0xF0, 0x7E, 0x7F, 0x7F, 0x0F, 0xFF, 0x81, 0xFF, 0xC0,
    0x3F, 0xE0, 0x01, 0xC0, 0x00, 0x1E, 0xF0, 0x1F, 0xE0, 0x1F, 0x80, 0x3E, 0x00, 0x00, 0x00, 0xF8,
    0x07, 0xFC, 0x1F, 0xFC, 0x7F, 0xFC, 0xF8, 0xF9, 0xE0, 0xF3, 0xC1, 0xF7, 0x83, 0xEF, 0x07, 0xDE,
    0x0F, 0x3E, 0x3E, 0x3F, 0xF8, 0x7F, 0xF0, 0x3F, 0xC0, 0x1C, 0x00, 0x1E, 0x78, 0x0F, 0xF0, 0x07,
    0xE0, 0x03, 0xC0, 0x00, 0x00, 0x70, 0x0E, 0xF8, 0x1F, 0xF8, 0x1F, 0xF8, 0x1F, 0xF8, 0x1F, 0xF8,
    0x1F, 0xF8, 0x1F, 0xF8, 0x1F, 0xF8, 0x1F, 0xF8, 0x1F, 0xF8, 0x1F, 0xF8, 0x1F, 0xF8, 0x1F, 0xF8,
    0x1F, 0xF8, 0x1F, 0x7E, 0x7E, 0x7F, 0xFE, 0x3F, 0xFC, 0x0F, 0xF8, 0x03, 0xC0, 0x3C, 0xF0, 0xFF,
    0x03, 0xF0, 0x0F, 0x00, 0x00, 0x78, 0x3F, 0xE1, 0xFF, 0x0F, 0xF8, 0x7F, 0xC3, 0xFE, 0x1F, 0xF0,
    0xFF, 0x87, 0xFC, 0x3F, 0xE1, 0xFF, 0x9F, 0x7F, 0xFB, 0xFF, 0xCF, 0xDE, 0x18, 0x00, 0x00, 0x00,
    0x0F, 0xF0, 0x0F, 0xF0, 0x00, 0x00, 0x0E, 0x70, 0x1E, 0x78, 0x1F, 0x78, 0x0E, 0x78, 0x00, 0x00,
    0x70, 0x0E, 0xF8, 0x1F, 0xF8, 0x1F, 0xF8, 0x1F, 0xF8, 0x1F, 0xF8, 0x1F, 0xF8, 0x1F, 0xF8, 0x1F,
    0xF8, 0x1F, 0xF8, 0x1F, 0xF8, 0x1F, 0xF8, 0x1F, 0xF8, 0x1F, 0xF8, 0x1F, 0xF8, 0x1F, 0x7E, 0x7E,
    0x7F, 0xFE, 0x3F, 0xFC, 0x0F, 0xF8, 0x03, 0xC0, 0x00, 0x00, 0xFF, 0x07, 0xF8, 0x00, 0x01, 0x8E,
    0x1E, 0xF0, 0xF7, 0xC7, 0x9C, 0x00, 0x07, 0x83, 0xFE, 0x1F, 0xF0, 0xFF, 0x87, 0xFC, 0x3F, 0xE1,
    0xFF, 0x0F, 0xF8, 0x7F, 0xC3, 0xFE, 0x1F, 0xF9, 0xF7, 0xFF, 0xBF, 0xFC, 0xFD, 0xE1, 0x80, 0x00,
    0xF0, 0x01, 0xE0, 0x01, 0xC0, 0x01, 0x80, 0x0E, 0x70, 0x1E, 0x78, 0x1F, 0x78, 0x0E, 0x78, 0x00,
    0x00, 0x70, 0x0E, 0xF8, 0x1F, 0xF8, 0x1F, 0xF8, 0x1F, 0xF8, 0x1F, 0xF8, 0x1F, 0xF8, 0x1F, 0xF8,
    0x1F, 0xF8, 0x1F, 0xF8, 0x1F, 0xF8, 0x1F, 0xF8, 0x1F, 0xF8, 0x1F, 0xF8, 0x1F, 0xF8, 0x1F, 0x7E,
    0x7E, 0x7F, 0xFE, 0x3F, 0xFC, 0x0F, 0xF8, 0x03, 0xC0, 0x01, 0xC0, 0x1E, 0x00, 0xE0, 0x0E, 0x01,
    0x8E, 0x1E, 0xF0, 0xF7, 0xC7, 0x9C, 0x00, 0x07, 0x83, 0xFE, 0x1F, 0xF0, 0xFF, 0x87, 0xFC, 0x3F,
    0xE1, 0xFF, 0x0F, 0xF8, 0x7F, 0xC3, 0xFE, 0x1F, 0xF9, 0xF7, 0xFF, 0xBF, 0xFC, 0xFD, 0xE1, 0x80,
    0x0E, 0x70, 0x0F, 0xF0, 0x07, 0xE0, 0x03, 0xC0, 0x0E, 0x70, 0x1E, 0x78, 0x1F, 0x78, 0x0E, 0x78,
    0x00, 0x00, 0x70, 0x0E, 0xF8, 0x1F, 0xF8, 0x1F, 0xF8, 0x1F, 0xF8, 0x1F, 0xF8, 0x1F, 0xF8, 0x1F,
    0xF8, 0x1F, 0xF8, 0x1F, 0xF8, 0x1F, 0xF8, 0x1F, 0xF8, 0x1F, 0xF8, 0x1F, 0xF8, 0x1F, 0xF8, 0x1F,
    0x7E, 0x7E, 0x7F, 0xFE, 0x3F, 0xFC, 0x0F, 0xF8, 0x03, 0xC0, 0x3D, 0xE0, 0xFE, 0x03, 0xE0, 0x0E,
    0x01, 0x8E, 0x1E, 0xF0, 0xF7, 0xC7, 0x9C, 0x00, 0x07, 0x83, 0xFE, 0x1F, 0xF0, 0xFF, 0x87, 0xFC,
    0x3F, 0xE1, 0xFF, 0x0F, 0xF8, 0x7F, 0xC3, 0xFE, 0x1F, 0xF9, 0xF7, 0xFF, 0xBF, 0xFC, 0xFD, 0xE1,
    0x80, 0x0F, 0x00, 0x07, 0x80, 0x03, 0x80, 0x01, 0x80, 0x0E, 0x70, 0x1E, 0x78, 0x1F, 0x78, 0x0E,
    0x78, 0x00, 0x00, 0x70, 0x0E, 0xF8, 0x1F, 0xF8, 0x1F, 0xF8, 0x1F, 0xF8, 0x1F, 0xF8, 0x1F, 0xF8,
    0x1F, 0xF8, 0x1F, 0xF8, 0x1F, 0xF8, 0x1F, 0xF8, 0x1F, 0xF8, 0x1F, 0xF8, 0x1F, 0xF8, 0x1F, 0xF8,
    0x1F, 0x7E, 0x7E, 0x7F, 0xFE, 0x3F, 0xFC, 0x0F, 0xF8, 0x03, 0xC0, 0x1E, 0x00, 0x70, 0x03, 0xC0,
    0x0E, 0x01, 0x8E, 0x1E, 0xF0, 0xF7, 0xC7, 0x9C, 0x00, 0x07, 0x83, 0xFE, 0x1F, 0xF0, 0xFF, 0x87,
    0xFC, 0x3F, 0xE1, 0xFF, 0x0F, 0xF8, 0x7F, 0xC3, 0xFE, 0x1F, 0xF9, 0xF7, 0xFF, 0xBF, 0xFC, 0xFD,
    0xE1, 0x80, 0x0F, 0xC0, 0xFF, 0xC7, 0xFF, 0x9F, 0x3E, 0x78, 0x7C, 0x00, 0xF7, 0xFF, 0xDF, 0xFF,
    0x7F, 0xFD, 0xE0, 0xF7, 0xC7, 0xCF, 0xFE, 0x3F, 0xF0, 0x7F, 0x80, 0x30, 0x00, 0x00, 0x00, 0x01,
    0xFE, 0x00, 0x7F, 0x80, 0x00, 0x00, 0x07, 0x18, 0x03, 0xEF, 0x00, 0xFB, 0xC0, 0x1C, 0xF0, 0x00,
    0x00, 0x00, 0x78, 0x00, 0x3F, 0x00, 0x0F, 0xE0, 0x07, 0xF8, 0x01, 0xFE, 0x00, 0x7F, 0xC0, 0x3F,
    0xF0, 0x0F, 0xBC, 0x03, 0xCF, 0x81, 0xF3, 0xE0, 0x7C, 0x78, 0x1F, 0x1F, 0x0F, 0xFF, 0xC3, 0xFF,
    0xF0, 0xFF, 0xFE, 0x7C, 0x0F, 0x9F, 0x01, 0xF7, 0x80, 0x7F, 0xE0, 0x1F, 0x00, 0x00, 0xFF, 0x07,
    0xF8, 0x00, 0x01, 0xCE, 0x1E, 0x78, 0xFB, 0xC3, 0x9E, 0x00, 0x00, 0x7E, 0x0F, 0xFC, 0x7F, 0xF7,
    0xCF, 0xBC, 0x3C, 0x03, 0xE3, 0xFF, 0x7F, 0xFB, 0xFB, 0xFE, 0x1F, 0xF1, 0xF7, 0xFF, 0xBF, 0xFC,
    0xFF, 0xE1, 0xC0, 0x00, 0x00, 0x01, 0xFE, 0x00, 0x7F, 0x80, 0x00, 0x00, 0x00, 0xE0, 0x00, 0x78,
    0x00, 0x1F, 0x00, 0x07, 0x80, 0x00, 0x00, 0x00, 0x78, 0x00, 0x3F, 0x00, 0x0F, 0xE0, 0x07, 0xF8,
    0x01, 0xFE, 0x00, 0x7F, 0xC0, 0x3F, 0xF0, 0x0F, 0xBC, 0x03, 0xCF, 0x81, 0xF3, 0xE0, 0x7C, 0x78,
    0x1F, 0x1F, 0x0F, 0xFF, 0xC3, 0xFF, 0xF0, 0xFF, 0xFE, 0x7C, 0x0F, 0x9F, 0x01, 0xF7, 0x80, 0x7F,
    0xE0, 0x1F, 0x00, 0x00, 0xFF, 0x07, 0xF8, 0x00, 0x00, 0x38, 0x03, 0xC0, 0x1E, 0x00, 0xF0, 0x00,
    0x00, 0x7E, 0x0F, 0xFC, 0x7F, 0xF7, 0xCF, 0xBC, 0x3C, 0x03, 0xE3, 0xFF, 0x7F, 0xFB, 0xFB, 0xFE,
    0x1F, 0xF1, 0xF7, 0xFF, 0xBF, 0xFC, 0xFF, 0xE1, 0xC0, 0x00, 0x07, 0xF0, 0x00, 0x07, 0xF8, 0x00,
    0x03, 0xFC, 0x00, 0x00, 0x00, 0x00, 0x00, 0x00, 0x00, 0x07, 0xFF, 0xF8, 0x03, 0xFF, 0xFE, 0x03,
    0xFF, 0xFF, 0x01, 0xFF, 0xFF, 0x81, 0xF7, 0x80, 0x00, 0xFB, 0xC0, 0x00, 0xF9, 0xE0, 0x00, 0x7C,
    0xF0, 0x00, 0x3C, 0x7F, 0xF8, 0x3E, 0x3F, 0xFC, 0x1E, 0x1F, 0xFE, 0x1F, 0x0F, 0xFF, 0x0F, 0xFF,
    0x80, 0x0F, 0xFF, 0xC0, 0x07, 0xFF, 0xE0, 0x03, 0xC0, 0xFF, 0xF3, 0xE0, 0x7F, 0xFD, 0xF0, 0x3F,
    0xFF, 0xF0, 0x1F, 0xFF, 0x00, 0xFE, 0x00, 0x07, 0xF8, 0x00, 0x1F, 0xE0, 0x00, 0x00, 0x00, 0x00,
    0x00, 0x00, 0x3F, 0x1F, 0x03, 0xFF, 0xFF, 0x0F, 0xFF, 0xFE, 0x7C, 0xFE, 0xF9, 0xE1, 0xE1, 0xF0,
    0x07, 0x83, 0xC7, 0xFF, 0xFF, 0x7F, 0xFF, 0xFD, 0xFF, 0xFF, 0xF7, 0x87, 0x80, 0x3E, 0x3F, 0x1F,
    0x7F, 0xFF, 0xF9, 0xFF, 0xFF, 0xE3, 0xFC, 0xFF, 0x03, 0x80, 0xE0, 0x03, 0xE0, 0x03, 0xFE, 0x01,
    0xFF, 0xE0, 0xFF, 0xF8, 0x7E, 0x3F, 0x1F, 0x03, 0xCF, 0x80, 0xFB, 0xE0, 0x00, 0xF0, 0x00, 0x3C,
    0x1F, 0xEF, 0x07, 0xFB, 0xC1, 0xFE, 0xF8, 0x7F, 0xBE, 0x1F, 0xF7, 0xC7, 0xFD, 0xFC, 0xFC, 0x3F,
    0xFE, 0x07, 0xFF, 0x00, 0xFF, 0x80, 0x07, 0x00, 0x0F, 0xBC, 0x0F, 0xFE, 0x0F, 0xFF, 0x0F, 0xFF,
    0x87, 0xC7, 0xC3, 0xC1, 0xE1, 0xE3, 0xFE, 0xF1, 0xFF, 0x78, 0x3C, 0x3E, 0x1E, 0x1F, 0x9F, 0x07,
    0xFF, 0x83, 0xFF, 0xC0, 0x7D, 0xE0, 0x00, 0xF0, 0x70, 0x78, 0x7F, 0xFC, 0x1F, 0xFC, 0x07, 0xFC,
    0x00, 0xF8, 0x00, 0x0F, 0x78, 0x07, 0xF8, 0x01, 0xFC, 0x00, 0x7C, 0x00, 0x00, 0x00, 0x1F, 0x00,
    0x3F, 0xE0, 0x3F, 0xFC, 0x3F, 0xFE, 0x3F, 0x1F, 0x9F, 0x03, 0xDF, 0x01, 0xFF, 0x80, 0x07, 0x80,
    0x03, 0xC1, 0xFF, 0xE0, 0xFF, 0xF0, 0x7F, 0xFC, 0x3F, 0xFE, 0x03, 0xEF, 0x81, 0xE7, 0xF3, 0xF1,
    0xFF, 0xF0, 0x7F, 0xF0, 0x1F, 0xF0, 0x01, 0xC0, 0x00, 0x1E, 0xF0, 0x1F, 0xE0, 0x1F, 0x80, 0x3E,
    0x00, 0x00, 0x01, 0xF7, 0x87, 0xFF, 0x1F, 0xFE, 0x7F, 0xFC, 0xF8, 0xF9, 0xE0, 0xF3, 0xC1, 0xE7,
    0x83, 0xCF, 0x07, 0x9F, 0x0F, 0x3F, 0x3E, 0x3F, 0xFC, 0x7F, 0xF8, 0x3E, 0xF0, 0x01, 0xE3, 0x83,
    0xCF, 0xFF, 0x8F, 0xFE, 0x0F, 0xF8, 0x07, 0xC0, 0x1E, 0x78, 0x07, 0xF8, 0x01, 0xF8, 0x00, 0x78,
    0x00, 0x00, 0x03, 0x80, 0x7B, 0xE0, 0xFD, 0xF0, 0x7C, 0xF8, 0x7C, 0x7C, 0x7C, 0x3E, 0x7E, 0x1F,
    0x7E, 0x0F, 0xFE, 0x07, 0xFE, 0x03, 0xFF, 0x01, 0xFF, 0xC0, 0xFF, 0xF0, 0x7E, 0xF8, 0x3E, 0x3E,
    0x1F, 0x0F, 0x8F, 0x87, 0xC7, 0xC1, 0xF3, 0xE0, 0xFD, 0xF0, 0x3E, 0xF3, 0xC0, 0x3F, 0xC0, 0x0F,
    0xC0, 0x03, 0xC0, 0x00, 0x00, 0x00, 0x70, 0x00, 0x7C, 0x00, 0x3E, 0x00, 0x1F, 0x00, 0x0F, 0x80,
    0x07, 0xC7, 0xC3, 0xE7, 0xE1, 0xF3, 0xE0, 0xFB, 0xE0, 0x7F, 0xE0, 0x3F, 0xE0, 0x1F, 0xF0, 0x0F,
    0xF8, 0x07, 0xFE, 0x03, 0xFF, 0x81, 0xF7, 0xC0, 0xF9, 0xF0, 0x7C, 0x7C, 0x3E, 0x3E, 0x03, 0xE0,
    0x03, 0xFE, 0x01, 0xFF, 0xE0, 0xFF, 0xF8, 0x7E, 0x3F, 0x3F, 0x03, 0xEF, 0x80, 0xFB, 0xE0, 0x1E,
    0xF0, 0x07, 0xBC, 0x01, 0xEF, 0x00, 0x7B, 0xC0, 0x1E, 0xF8, 0x07, 0xBE, 0x03, 0xE7, 0xC1, 0xF9,
    0xFD, 0xFC, 0x3F, 0xFE, 0x07, 0xFF, 0x00, 0xFF, 0x80, 0x07, 0x80, 0x03, 0xC0, 0x00, 0xF0, 0x00,
    0x3F, 0x00, 0x0F, 0xC0, 0x00, 0xC0, 0x00, 0x07, 0xC0, 0x3F, 0xE0, 0xFF, 0xE3, 0xFF, 0xE7, 0xC7,
    0xCF, 0x07, 0x9E, 0x0F, 0xBC, 0x1F, 0x78, 0x3E, 0xF0, 0x79, 0xF1, 0xF1, 0xFF, 0xE3, 0xFF, 0x81,
    0xFE, 0x00, 0xF0, 0x03, 0xC0, 0x07, 0x80, 0x0F, 0xC0, 0x1F, 0x80, 0x0C, 0x00, 0x07, 0xF0, 0x01,
    0xFC, 0x00, 0x7F, 0x00, 0x00, 0x00, 0x00, 0x00, 0x00, 0xF8, 0x00, 0xFF, 0x80, 0x7F, 0xF8, 0x3F,
    0xFE, 0x1F, 0x8F, 0xCF, 0xC0, 0xFB, 0xE0, 0x3E, 0xF8, 0x07, 0xBC, 0x01, 0xEF, 0x00, 0x7B, 0xC0,
    0x1E, 0xF0, 0x07, 0xBE, 0x01, 0xEF, 0x80, 0xF9, 0xF0, 0x7E, 0x7F, 0x7F, 0x0F, 0xFF, 0x81, 0xFF,
    0xC0, 0x3F, 0xE0, 0x01, 0xE0, 0x00, 0xF0, 0x00, 0x3C, 0x00, 0x0F, 0xC0, 0x03, 0xF0, 0x00, 0x30,
    0x00, 0x0F, 0xE0, 0x1F, 0xC0, 0x3F, 0x80, 0x00, 0x00, 0x00, 0x00, 0xF8, 0x07, 0xFC, 0x1F, 0xFC,
    0x7F, 0xFC, 0xF8, 0xF9, 0xE0, 0xF3, 0xC1, 0xF7, 0x83, 0xEF, 0x07, 0xDE, 0x0F, 0x3E, 0x3E, 0x3F,
    0xFC, 0x7F, 0xF0, 0x3F, 0xC0, 0x1E, 0x00, 0x78, 0x00, 0xF0, 0x01, 0xF8, 0x03, 0xF0, 0x01, 0x80,
    0x0F, 0x78, 0x03, 0xF8, 0x01, 0xFC, 0x00, 0x7C, 0x00, 0x00, 0x01, 0xFF, 0xF9, 0xFF, 0xFC, 0xFF,
    0xFE, 0x7F, 0xFF, 0x00, 0x1F, 0x00, 0x1F, 0x00, 0x1F, 0x00, 0x1F, 0x00, 0x1F, 0x00, 0x1F, 0xC0,
    0x0F, 0xF8, 0x03, 0xFE, 0x00, 0x1F, 0x00, 0x07, 0xC0, 0x01, 0xE0, 0x00, 0xF0, 0x00, 0x79, 0xE0,
    0x3C, 0xF0, 0x1E, 0x7C, 0x1F, 0x3F, 0x1F, 0x8F, 0xFF, 0x83, 0xFF, 0x80, 0xFF, 0x80, 0x1F, 0x00,
    0x3C, 0xF0, 0x7F, 0x80, 0xFC, 0x01, 0xE0, 0x00, 0x01, 0xFF, 0xE7, 0xFF, 0xDF, 0xFF, 0x7F, 0xF8,
    0x03, 0xE0, 0x1F, 0x00, 0xF8, 0x07, 0xC0, 0x3F, 0x80, 0xFF, 0x03, 0xFE, 0x00, 0x7C, 0x00, 0xFF,
    0x03, 0xFC, 0x1F, 0xF8, 0xFD, 0xFF, 0xE7, 0xFF, 0x87, 0xF8, 0x07, 0x80, 0xF3, 0xCF, 0xF0, 0xFC,
    0x0F, 0x00, 0x00, 0x3C, 0x07, 0xC0, 0xF8, 0x1F, 0x03, 0xE0, 0x7C, 0x0F, 0x81, 0xF0, 0x3E, 0x07,
    0xC0, 0xF8, 0x1F, 0x03, 0xE0, 0x7C, 0x0F, 0x81, 0xE0, 0xFC, 0x1F, 0x83, 0xE0, 0x00, 0x00, 0x7F,
    0x00, 0x3F, 0xFF, 0x7F, 0xF8, 0x1F, 0xFF, 0xFF, 0xFE, 0x0F, 0xFF, 0xFF, 0xFF, 0x87, 0xFF, 0xEF,
    0x8F, 0xE0, 0x01, 0xF7, 0xC1, 0xF0, 0x01, 0xF3, 0xE0, 0x7C, 0x01, 0xF1, 0xF0, 0x3E, 0x01, 0xF0,
    0xF8, 0x0F, 0x00, 0xF8, 0x7C, 0x07, 0x80, 0xF8, 0x3E, 0x03, 0xC0, 0xF8, 0x1F, 0x01, 0xE0, 0xFC,
    0x0F, 0x81, 0xF0, 0x7C, 0x07, 0xC0, 0xF8, 0x7C, 0x03, 0xE0, 0xF8, 0x7C, 0x01, 0xFF, 0xFC, 0x3E,
    0xFE, 0xFF, 0xFC, 0x3F, 0xFF, 0xFF, 0xFC, 0x1F, 0xFF, 0xFF, 0xF8, 0x0F, 0xFF, 0xE0, 0x7F, 0x00,
    0x00, 0x03, 0xFF, 0xC0, 0x00, 0x0F, 0xFF, 0x80, 0x00, 0x3F, 0xFF, 0x00, 0x00, 0xF8, 0xFE, 0x00,
    0x03, 0xE0, 0xF8, 0xFF, 0xFF, 0x81, 0xF3, 0xFF, 0xFE, 0x07, 0xCF, 0xFF, 0xF8, 0x0F, 0x3F, 0xFB,
    0xE0, 0x3C, 0x03, 0xEF, 0x80, 0xF0, 0x1F, 0x3E, 0x03, 0xC0, 0xF8, 0xF8, 0x1F, 0x07, 0xC3, 0xE0,
    0x7C, 0x1E, 0x0F, 0x83, 0xE0, 0xF8, 0x3F, 0xFF, 0x87, 0xC0, 0xFF, 0xFC, 0x3F, 0xFF, 0xFF, 0xE0,
    0xFF, 0xFF, 0xFE, 0x03, 0xFF, 0xC0, 0x00, 0x1C, 0x00, 0x00, 0x01, 0xE0, 0x00, 0x00, 0x0F, 0x00,
    0x00, 0x00, 0x78, 0x00, 0x00, 0x03, 0xC0, 0x00, 0x07, 0xDE, 0x3F, 0xF8, 0x7F, 0xF1, 0xFF, 0xC7,
    0xFF, 0x8F, 0xFE, 0x7F, 0xFC, 0x7F, 0xF3, 0xE3, 0xE0, 0x1F, 0x1E, 0x0F, 0x00, 0xF0, 0xF0, 0x78,
    0x0F, 0x87, 0x83, 0xC0, 0xF8, 0x3C, 0x1E, 0x0F, 0x81, 0xE0, 0xF0, 0xF8, 0x0F, 0x8F, 0x87, 0xC0,
    0x7F, 0xFC, 0x7F, 0xF9, 0xFF, 0xE3, 0xFF, 0xC7, 0xFF, 0x1F, 0xFE, 0x0E, 0x00, 0x00, 0x00, 0x00,
    0xF0, 0x00, 0x78, 0x00, 0x78, 0x00, 0x38, 0x00, 0x00, 0x00, 0x1F, 0x00, 0x3F, 0xE0, 0x3F, 0xFC,
    0x3F, 0xFE, 0x3F, 0x1F, 0x9F, 0x03, 0xDF, 0x01, 0xFF, 0x80, 0x07, 0x80, 0x03, 0xC1, 0xFF, 0xE0,
    0xFF, 0xF0, 0x7F, 0xFC, 0x3F, 0xFE, 0x03, 0xEF, 0x81, 0xE7, 0xF3, 0xF1, 0xFF, 0xF0, 0x7F, 0xF0,
    0x1F, 0xF0, 0x01, 0xC0, 0x00, 0x01, 0xF0, 0x03, 0xC0, 0x0F, 0x00, 0x1C, 0x00, 0x00, 0x01, 0xF7,
    0x87, 0xFF, 0x1F, 0xFE, 0x7F, 0xFC, 0xF8, 0xF9, 0xE0, 0xF3, 0xC1, 0xE7, 0x83, 0xCF, 0x07, 0x9F,
    0x0F, 0x3F, 0x3E, 0x3F, 0xFC, 0x7F, 0xF8, 0x3E, 0xF0, 0x01, 0xE3, 0x83, 0xCF, 0xFF, 0x8F, 0xFE,
    0x0F, 0xF8, 0x07, 0xC0, 0x70, 0x0F, 0x00, 0x3E, 0x03, 0xC0, 0x0F, 0x80, 0xF0, 0x03, 0xE0, 0x3C,
    0x00, 0xF8, 0x0F, 0x00, 0x3E, 0x03, 0xC0, 0xEF, 0x80, 0xF0, 0x7F, 0xE0, 0x3C, 0x1F, 0xFF, 0xFF,
    0x07, 0xFF, 0xFF, 0xC1, 0xFF, 0xFF, 0xF0, 0x7F, 0xFF, 0xFC, 0x1F, 0xF8, 0x0F, 0x07, 0xFE, 0x03,
    0xC1, 0xFF, 0x80, 0xF8, 0x7F, 0xE0, 0x3F, 0x3E, 0xF8, 0x07, 0xFF, 0xBE, 0x01, 0xFF, 0xCF, 0x80,
    0x1F, 0xE0, 0x00, 0x01, 0xC0, 0x7B, 0xC0, 0x7F, 0xF0, 0x7F, 0xFC, 0x7F, 0xFC, 0x7C, 0x3E, 0x78,
    0x1E, 0x78, 0x1F, 0x78, 0x1F, 0x78, 0x1F, 0x78, 0x1F, 0x78, 0x1F, 0x78, 0x1F, 0x78, 0x3E, 0x78,
    0x3E, 0x78, 0x7C, 0x78, 0xFC, 0x7B, 0xF8, 0x7F, 0xF0, 0x7F, 0xC0, 0x7F, 0x80, 0x7E, 0x00, 0x78,
    0x00, 0x78, 0x00, 0x78, 0x00, 0x00, 0x00, 0x0F, 0x80, 0x03, 0xC0, 0x00, 0xF0, 0x00, 0x38, 0x00,
    0x00, 0x03, 0xC0, 0x3B, 0xF0, 0x3F, 0xF8, 0x1F, 0xFE, 0x0F, 0xFF, 0x07, 0xFF, 0xC3, 0xFF, 0xF1,
    0xFF, 0xF8, 0xFF, 0xFE, 0x7F, 0xEF, 0xBF, 0xF7, 0xDF, 0xF9, 0xFF, 0xFC, 0x7F, 0xFE, 0x3F, 0xFF,
    0x0F, 0xFF, 0x83, 0xFF, 0xC1, 0xFF, 0xE0, 0x7F, 0xF0, 0x3F, 0x1E, 0x00, 0xF0, 0x03, 0xC0, 0x0E,
    0x00, 0x00, 0x79, 0xF3, 0xDF, 0xDF, 0xFF, 0xFF, 0xFF, 0xC7, 0xFE, 0x1F, 0xF0, 0xFF, 0x87, 0xFC,
    0x3F, 0xE1, 0xFF, 0x0F, 0xF8, 0x7F, 0xC3, 0xFE, 0x1E, 0x00, 0x78, 0x00, 0x1C, 0x00, 0x0E, 0x00,
    0x03, 0x80, 0x03, 0xF0, 0x00, 0xFE, 0x00, 0x33, 0x80, 0x0F, 0xE0, 0x03, 0xF0, 0x00, 0x78, 0x00,
    0x3F, 0x00, 0x0F, 0xE0, 0x07, 0xF8, 0x01, 0xFE, 0x00, 0x7F, 0xC0, 0x3F, 0xF0, 0x0F, 0xBC, 0x03,
    0xCF, 0x81, 0xF3, 0xE0, 0x7C, 0x78, 0x1F, 0x1F, 0x0F, 0xFF, 0xC3, 0xFF, 0xF0, 0xFF, 0xFE, 0x7C,
    0x0F, 0x9F, 0x01, 0xF7, 0x80, 0x7F, 0xE0, 0x1F, 0x01, 0xE0, 0x1E, 0x00, 0xE0, 0x0F, 0x00, 0xFC,
    0x07, 0xF0, 0x73, 0x81, 0xFC, 0x0F, 0xC0, 0x3C, 0x03, 0xF0, 0x7F, 0xE3, 0xFF, 0xBE, 0x7D, 0xE1,
    0xE0, 0x1F, 0x1F, 0xFB, 0xFF, 0xDF, 0xDF, 0xF0, 0xFF, 0x8F, 0xBF, 0xFD, 0xFF, 0xE7, 0xFF, 0x0E,
    0x00, 0x00, 0x00, 0xF0, 0x00, 0x00, 0x78, 0x00, 0x00, 0x78, 0x00, 0x00, 0x38, 0x00, 0x00, 0x00,
    0x00, 0x07, 0xFF, 0xF8, 0x03, 0xFF, 0xFE, 0x03, 0xFF, 0xFF, 0x01, 0xFF, 0xFF, 0x81, 0xF7, 0x80,
    0x00, 0xFB, 0xC0, 0x00, 0xF9, 0xE0, 0x00, 0x7C, 0xF0, 0x00, 0x3C, 0x7F, 0xF8, 0x3E, 0x3F, 0xFC,
    0x1E, 0x1F, 0xFE, 0x1F, 0x0F, 0xFF, 0x0F, 0xFF, 0x80, 0x0F, 0xFF, 0xC0, 0x07, 0xFF, 0xE0, 0x03,
    0xC0, 0xFF, 0xF3, 0xE0, 0x7F, 0xFD, 0xF0, 0x3F, 0xFF, 0xF0, 0x1F, 0xFF, 0x00, 0x1E, 0x00, 0x00,
    0xF0, 0x00, 0x03, 0xC0, 0x00, 0x0E, 0x00, 0x00, 0x00, 0x00, 0x3F, 0x1F, 0x03, 0xFF, 0xFF, 0x0F,
    0xFF, 0xFE, 0x7C, 0xFE, 0xF9, 0xE1, 0xE1, 0xF0, 0x07, 0x83, 0xC7, 0xFF, 0xFF, 0x7F, 0xFF, 0xFD,
    0xFF, 0xFF, 0xF7, 0x87, 0x80, 0x3E, 0x3F, 0x1F, 0x7F, 0xFF, 0xF9, 0xFF, 0xFF, 0xE3, 0xFC, 0xFF,
    0x03, 0x80, 0xE0, 0x00, 0xF8, 0x00, 0x3C, 0x00, 0x1E, 0x00, 0x07, 0x00, 0x00, 0x00, 0x00, 0xF8,
    0xC0, 0xFF, 0xF0, 0x7F, 0xFC, 0x3F, 0xFE, 0x1F, 0x8F, 0xCF, 0xC3, 0xFB, 0xE1, 0xFE, 0xF8, 0xF7,
    0xBC, 0x39, 0xEF, 0x1E, 0x7B, 0xCF, 0x1E, 0xF3, 0x87, 0xBF, 0xE1, 0xEF, 0xF0, 0xF9, 0xF8, 0x7E,
    0x7F, 0x7F, 0x0F, 0xFF, 0x87, 0xFF, 0xC1, 0xFF, 0xE0, 0x21, 0xC0, 0x00, 0x01, 0xF0, 0x03, 0xC0,
    0x0F, 0x00, 0x1C, 0x00, 0x00, 0x00, 0xF9, 0x87, 0xFF, 0x1F, 0xFC, 0x7F, 0xFC, 0xF9, 0xF9, 0xE3,
    0xF3, 0xCF, 0xF7, 0xBB, 0xEF, 0xE7, 0xDF, 0x8F, 0x3E, 0x3E, 0x3F, 0xF8, 0xFF, 0xF1, 0xFF, 0xC1,
    0x1C, 0x00, 0x1E, 0xF0, 0x03, 0xFC, 0x00, 0xF7, 0x80, 0x1E, 0xE0, 0x00, 0x00, 0x00, 0x78, 0x00,
    0x3F, 0x00, 0x0F, 0xE0, 0x07, 0xF8, 0x01, 0xFE, 0x00, 0x7F, 0xC0, 0x3F, 0xF0, 0x0F, 0xBC, 0x03,
    0xCF, 0x81, 0xF3, 0xE0, 0x7C, 0x78, 0x1F, 0x1F, 0x0F, 0xFF, 0xC3, 0xFF, 0xF0, 0xFF, 0xFE, 0x7C,
    0x0F, 0x9F, 0x01, 0xF7, 0x80, 0x7F, 0xE0, 0x1F, 0x7B, 0xC3, 0xDE, 0x0F, 0x70, 0x3F, 0xC0, 0x00,
    0x07, 0xE0, 0xFF, 0xC7, 0xFF, 0x7C, 0xFB, 0xC3, 0xC0, 0x3E, 0x3F, 0xF7, 0xFF, 0xBF, 0xBF, 0xE1,
    0xFF, 0x1F, 0x7F, 0xFB, 0xFF, 0xCF, 0xFE, 0x1C, 0x00, 0x00, 0x00, 0x00, 0xFC, 0x00, 0x7F, 0x80,
    0x1C, 0xF0, 0x06, 0x1C, 0x00, 0x00, 0x00, 0x1E, 0x00, 0x0F, 0xC0, 0x03, 0xF8, 0x01, 0xFE, 0x00,
    0x7F, 0x80, 0x1F, 0xF0, 0x0F, 0xFC, 0x03, 0xEF, 0x00, 0xF3, 0xE0, 0x7C, 0xF8, 0x1F, 0x1E, 0x07,
    0xC7, 0xC3, 0xFF, 0xF0, 0xFF, 0xFC, 0x3F, 0xFF, 0x9F, 0x03, 0xE7, 0xC0, 0x7D, 0xE0, 0x1F, 0xF8,
    0x07, 0xC0, 0x00, 0x00, 0x7E, 0x07, 0xF8, 0x39, 0xE1, 0x87, 0x00, 0x00, 0x3F, 0x07, 0xFE, 0x3F,
    0xFB, 0xE7, 0xDE, 0x1E, 0x01, 0xF1, 0xFF, 0xBF, 0xFD, 0xFD, 0xFF, 0x0F, 0xF8, 0xFB, 0xFF, 0xDF,
    0xFE, 0x7F, 0xF0, 0xE0, 0x00, 0xFF, 0x83, 0xDE, 0x0F, 0x70, 0x3B, 0x80, 0x00, 0x3F, 0xFF, 0xFF,
    0xFF, 0xFF, 0xFF, 0xFF, 0xC0, 0x3E, 0x01, 0xF0, 0x0F, 0x80, 0x7F, 0xFF, 0xFF, 0xFF, 0xFF, 0xFF,
    0xF7, 0xC0, 0x3E, 0x01, 0xF0, 0x0F, 0xFF, 0x7F, 0xFF, 0xFF, 0xFF, 0xFF, 0x7B, 0xC0, 0xF7, 0x01,
    0xDE, 0x07, 0xB8, 0x00, 0x00, 0x1F, 0x01, 0xFF, 0x0F, 0xFE, 0x7E, 0xF9, 0xE0, 0xF7, 0x83, 0xDF,
    0xFF, 0x7F, 0xFD, 0xFF, 0xF7, 0x80, 0x1F, 0x0F, 0x3F, 0xFC, 0xFF, 0xE0, 0xFF, 0x00, 0xE0, 0x00,
    0x00, 0x7E, 0x07, 0xF8, 0x79, 0xC3, 0x86, 0x00, 0x01, 0xFF, 0xFF, 0xFF, 0xFF, 0xFF, 0xFF, 0xFE,
    0x01, 0xF0, 0x0F, 0x80, 0x7C, 0x03, 0xFF, 0xFF, 0xFF, 0xFF, 0xFF, 0xFF, 0xBE, 0x01, 0xF0, 0x0F,
    0x80, 0x7F, 0xFB, 0xFF, 0xFF, 0xFF, 0xFF, 0xF8, 0x01, 0x00, 0x3F, 0x01, 0xFE, 0x07, 0x3C, 0x1C,
    0x70, 0x00, 0x00, 0x7C, 0x07, 0xFC, 0x3F, 0xF9, 0xFB, 0xE7, 0x83, 0xDE, 0x0F, 0x7F, 0xFD, 0xFF,
    0xF7, 0xFF, 0xDE, 0x00, 0x7C, 0x3C, 0xFF, 0xF3, 0xFF, 0x83, 0xFC, 0x03, 0x80, 0xF7, 0x9E, 0xE3,
    0xBC, 0xF7, 0x00, 0x01, 0xC0, 0xF8, 0x3E, 0x0F, 0x83, 0xE0, 0xF8, 0x3E, 0x0F, 0x83, 0xE0, 0xF8,
    0x3E, 0x0F, 0x83, 0xE0, 0xF8, 0x3E, 0x0F, 0x83, 0xE0, 0xF8, 0x3E, 0x7B, 0xC7, 0xB8, 0xF7, 0x8F,
    0x70, 0x00, 0x0F, 0x01, 0xF0, 0x3E, 0x07, 0xC0, 0xF8, 0x1F, 0x03, 0xE0, 0x7C, 0x0F, 0x81, 0xF0,
    0x3E, 0x07, 0xC0, 0xF8, 0x1F, 0x00, 0x08, 0x3F, 0x3F, 0xDC, 0xFE, 0x38, 0x00, 0x70, 0x7C, 0x3E,
    0x1F, 0x0F, 0x87, 0xC3, 0xE1, 0xF0, 0xF8, 0x7C, 0x3E, 0x1F, 0x0F, 0x87, 0xC3, 0xE1, 0xF0, 0xF8,
    0x7C, 0x3E, 0x00, 0x08, 0x3F, 0x3F, 0xDC, 0xFE, 0x38, 0x00, 0xF0, 0x7C, 0x3E, 0x1F, 0x0F, 0x87,
    0xC3, 0xE1, 0xF0, 0xF8, 0x7C, 0x3E, 0x1F, 0x0F, 0x87, 0xC0, 0x3D, 0xE0, 0x07, 0xBC, 0x00, 0xEF,
    0x00, 0x3D, 0xC0, 0x00, 0x00, 0x00, 0xF8, 0x00, 0xFF, 0x80, 0x7F, 0xF8, 0x3F, 0xFE, 0x1F, 0x8F,
    0xCF, 0xC0, 0xFB, 0xE0, 0x3E, 0xF8, 0x07, 0xBC, 0x01, 0xEF, 0x00, 0x7B, 0xC0, 0x1E, 0xF0, 0x07,
    0xBE, 0x01, 0xEF, 0x80, 0xF9, 0xF0, 0x7E, 0x7F, 0x7F, 0x0F, 0xFF, 0x81, 0xFF, 0xC0, 0x3F, 0xE0,
    0x01, 0xC0, 0x00, 0x7B, 0xC0, 0x7B, 0xC0, 0x7F, 0x80, 0x77, 0x00, 0x00, 0x00, 0xF8, 0x07, 0xFC,
    0x1F, 0xFC, 0x7F, 0xFC, 0xF8, 0xF9, 0xE0, 0xF3, 0xC1, 0xF7, 0x83, 0xEF, 0x07, 0xDE, 0x0F, 0x3E,
    0x3E, 0x3F, 0xF8, 0x7F, 0xF0, 0x3F, 0xC0, 0x1C, 0x00, 0x00, 0x80, 0x00, 0xFC, 0x00, 0x7F, 0x80,
    0x3C, 0xE0, 0x0E, 0x38, 0x00, 0x00, 0x00, 0x3E, 0x00, 0x3F, 0xE0, 0x1F, 0xFE, 0x0F, 0xFF, 0x87,
    0xE3, 0xF3, 0xF0, 0x3E, 0xF8, 0x0F, 0xBE, 0x01, 0xEF, 0x00, 0x7B, 0xC0, 0x1E, 0xF0, 0x07, 0xBC,
    0x01, 0xEF, 0x80, 0x7B, 0xE0, 0x3E, 0x7C, 0x1F, 0x9F, 0xDF, 0xC3, 0xFF, 0xE0, 0x7F, 0xF0, 0x0F,
    0xF8, 0x00, 0x70, 0x00, 0x01, 0x00, 0x0F, 0xC0, 0x3F, 0xC0, 0xF3, 0x81, 0xC7, 0x00, 0x00, 0x01,
    0xF0, 0x0F, 0xF8, 0x3F, 0xF8, 0xFF, 0xF9, 0xF1, 0xF3, 0xC1, 0xE7, 0x83, 0xEF, 0x07, 0xDE, 0x0F,
    0xBC, 0x1E, 0x7C, 0x7C, 0x7F, 0xF0, 0xFF, 0xE0, 0x7F, 0x80, 0x38, 0x00, 0x7B, 0xC0, 0xF7, 0x80,
    0xF7, 0x00, 0xFF, 0x00, 0x00, 0x0F, 0xF0, 0x3F, 0xFC, 0x7F, 0xFC, 0xFF, 0xFD, 0xF0, 0xFB, 0xE0,
    0xFF, 0xC1, 0xFF, 0x83, 0xFF, 0x0F, 0xBF, 0xFF, 0x7F, 0xFC, 0xFF, 0xF1, 0xFF, 0xE3, 0xE7, 0xC7,
    0xC7, 0xCF, 0x8F, 0x9F, 0x0F, 0xBE, 0x0F, 0x7C, 0x1F, 0xF7, 0x8F, 0x70, 0xEF, 0x1E, 0xE0, 0x00,
    0x79, 0xCF, 0xF9, 0xFF, 0x3F, 0xE7, 0xC0, 0xF8, 0x1F, 0x03, 0xE0, 0x7C, 0x0F, 0x81, 0xF0, 0x3E,
    0x07, 0xC0, 0xF8, 0x00, 0x00, 0x00, 0x1F, 0x80, 0x7F, 0x80, 0xE7, 0x81, 0x87, 0x00, 0x00, 0x1F,
    0xE0, 0x7F, 0xF8, 0xFF, 0xF9, 0xFF, 0xFB, 0xE1, 0xF7, 0xC1, 0xFF, 0x83, 0xFF, 0x07, 0xFE, 0x1F,
    0x7F, 0xFE, 0xFF, 0xF9, 0xFF, 0xE3, 0xFF, 0xC7, 0xCF, 0x8F, 0x8F, 0x9F, 0x1F, 0x3E, 0x1F, 0x7C,
    0x1E, 0xF8, 0x3E, 0x08, 0x3F, 0x1F, 0xDC, 0xFE, 0x38, 0x03, 0xCF, 0xFF, 0xFF, 0xFF, 0xFE, 0x1F,
    0x0F, 0x87, 0xC3, 0xE1, 0xF0, 0xF8, 0x7C, 0x3E, 0x1F, 0x00, 0x3D, 0xE0, 0x3D, 0xE0, 0x1E, 0xE0,
    0x0E, 0xF0, 0x00, 0x00, 0x70, 0x0E, 0xF8, 0x1F, 0xF8, 0x1F, 0xF8, 0x1F, 0xF8, 0x1F, 0xF8, 0x1F,
    0xF8, 0x1F, 0xF8, 0x1F, 0xF8, 0x1F, 0xF8, 0x1F, 0xF8, 0x1F, 0xF8, 0x1F, 0xF8, 0x1F, 0xF8, 0x1F,
    0xF8, 0x1F, 0x7E, 0x7E, 0x7F, 0xFE, 0x3F, 0xFC, 0x0F, 0xF8, 0x03, 0xC0, 0xF7, 0x83, 0xDE, 0x0F,
    0xF0, 0x3B, 0x80, 0x00, 0x78, 0x3F, 0xE1, 0xFF, 0x0F, 0xF8, 0x7F, 0xC3, 0xFE, 0x1F, 0xF0, 0xFF,
    0x87, 0xFC, 0x3F, 0xE1, 0xFF, 0x9F, 0x7F, 0xFB, 0xFF, 0xCF, 0xDE, 0x18, 0x00, 0x00, 0x00, 0x07,
    0xE0, 0x0F, 0xF0, 0x0E, 0x78, 0x1C, 0x38, 0x00, 0x00, 0x70, 0x0E, 0xF8, 0x1F, 0xF8, 0x1F, 0xF8,
    0x1F, 0xF8, 0x1F, 0xF8, 0x1F, 0xF8, 0x1F, 0xF8, 0x1F, 0xF8, 0x1F, 0xF8, 0x1F, 0xF8, 0x1F, 0xF8,
    0x1F, 0xF8, 0x1F, 0xF8, 0x1F, 0xF8, 0x1F, 0x7E, 0x7E, 0x7F, 0xFE, 0x3F, 0xFC, 0x0F, 0xF8, 0x03,
    0xC0, 0x02, 0x00, 0x7E, 0x07, 0xF8, 0x79, 0xC3, 0x8E, 0x00, 0x03, 0xC1, 0xFF, 0x0F, 0xF8, 0x7F,
    0xC3, 0xFE, 0x1F, 0xF0, 0xFF, 0x87, 0xFC, 0x3F, 0xE1, 0xFF, 0x0F, 0xFC, 0xFB, 0xFF, 0xDF, 0xFE,
    0x7E, 0xF0, 0xC0, 0x00, 0x07, 0xC0, 0x3F, 0xE1, 0xFF, 0xE3, 0xFF, 0xEF, 0x87, 0xDF, 0x07, 0xBE,
    0x00, 0x7E, 0x00, 0x7F, 0xC0, 0x7F, 0xE0, 0x7F, 0xF0, 0x1F, 0xE0, 0x07, 0xFE, 0x07, 0xFC, 0x0F,
    0xFE, 0x3E, 0xFF, 0xFC, 0xFF, 0xF0, 0x7F, 0xC0, 0x3C, 0x00, 0x78, 0x00, 0xF0, 0x01, 0xC0, 0x07,
    0x80, 0x0F, 0x00, 0x0F, 0xC1, 0xFF, 0x9F, 0xFC, 0xF9, 0xF7, 0x87, 0x3F, 0x01, 0xFF, 0x87, 0xFE,
    0x0F, 0xF8, 0x87, 0xDE, 0x1E, 0xFF, 0xF3, 0xFF, 0x0F, 0xF0, 0x1E, 0x00, 0xF0, 0x07, 0x80, 0x78,
    0x03, 0xC0, 0x1C, 0x00, 0x7F, 0xFF, 0xFF, 0xFF, 0xFF, 0xFF, 0xFF, 0xFF, 0x03, 0xE0, 0x03, 0xE0,
    0x03, 0xE0, 0x03, 0xE0, 0x03, 0xE0, 0x03, 0xE0, 0x03, 0xE0, 0x03, 0xE0, 0x03, 0xE0, 0x03, 0xE0,
    0x03, 0xE0, 0x03, 0xE0, 0x03, 0xE0, 0x03, 0xE0, 0x03, 0xE0, 0x00, 0x00, 0x03, 0xC0, 0x03, 0xC0,
    0x03, 0x80, 0x07, 0x80, 0x07, 0x80, 0x3C, 0x1E, 0x0F, 0x1F, 0xFF, 0xFF, 0xFF, 0xFE, 0x78, 0x3C,
    0x1E, 0x0F, 0x07, 0x83, 0xC1, 0xE0, 0xFE, 0x7F, 0x1F, 0x81, 0x07, 0x83, 0xC1, 0xC1, 0xE0, 0xE0,
    0x07, 0xC0, 0x7F, 0xE1, 0xFF, 0xE3, 0xFF, 0xEF, 0x87, 0xDF, 0x07, 0x80, 0x0F, 0x00, 0x1E, 0x00,
    0x7C, 0x01, 0xF0, 0x0F, 0xC0, 0xFF, 0xC7, 0xFF, 0xCF, 0xE7, 0x9E, 0x0F, 0x00, 0x1E, 0x00, 0x3C,
    0x00, 0xF8, 0x03, 0xF0, 0x1F, 0xC0, 0xFF, 0x0F, 0xFC, 0x1F, 0xE0, 0x3F, 0x00, 0x20, 0x00, 0x1F,
    0xC7, 0xFE, 0x7F, 0xFF, 0x9F, 0xF1, 0xF0, 0x1F, 0x01, 0xE0, 0x3E, 0x0F, 0xE3, 0xFF, 0x3E, 0xF3,
    0x8F, 0x00, 0xF0, 0x1F, 0x03, 0xE0, 0xFE, 0x3F, 0xC3, 0xF0, 0x3C, 0x02, 0x00, 0x1E, 0x78, 0x0F,
    0xF0, 0x07, 0xE0, 0x03, 0xC0, 0x00, 0x00, 0x70, 0x0F, 0xF8, 0x0F, 0xF8, 0x0F, 0xF8, 0x0F, 0xF8,
    0x0F, 0xF8, 0x0F, 0xF8, 0x0F, 0xF8, 0x0F, 0xFF, 0xFF, 0xFF, 0xFF, 0xFF, 0xFF, 0xFF, 0xFF, 0xF8,
    0x0F, 0xF8, 0x0F, 0xF8, 0x0F, 0xF8, 0x0F, 0xF8, 0x0F, 0xF8, 0x0F, 0xF8, 0x0F, 0xF3, 0xC0, 0x7F,
    0x80, 0x3F, 0x00, 0x1E, 0x00, 0x00, 0x00, 0x0E, 0x00, 0x1E, 0x00, 0x1E, 0x00, 0x1E, 0x00, 0x1E,
    0x00, 0x1E, 0x7C, 0x1F, 0xFE, 0x1F, 0xFF, 0x1F, 0xFF, 0x1F, 0x1F, 0x1F, 0x0F, 0x1F, 0x0F, 0x1F,
    0x0F, 0x1F, 0x0F, 0x1F, 0x0F, 0x1F, 0x0F, 0x1F, 0x0F, 0x1F, 0x0F, 0x1F, 0x0F, 0x79, 0xE3, 0xC7,
    0x3C, 0x71, 0xE3, 0x80, 0x1F, 0x07, 0xF1, 0xEF, 0x3C, 0xF0, 0x39, 0xDF, 0xF7, 0xF9, 0x9C, 0x7F,
    0xFF, 0xFF, 0x00, 0xE3, 0xFF, 0xDF, 0xC7, 0xC0, 0x77, 0xFE, 0xE0, 0xF3, 0xBD, 0xFF, 0x7D, 0x8E,
    0xFF, 0xCE, 0xE0, 0x38, 0xFF, 0xBF, 0x3F, 0xEF, 0x8E, 0x00, 0x18, 0xC3, 0xDE, 0x3D, 0xE7, 0xBC,
    0x73, 0x87, 0x38, 0x7B, 0xE7, 0xF8, 0x7E, 0x0F, 0x80, 0x7B, 0xCF, 0x78, 0xF7, 0x0E, 0xF0, 0x03,
    0xDE, 0xF7, 0xBD, 0xDC, 0x00, 0x03, 0xDE, 0xF7, 0xBD, 0xDC, 0x00, 0x7B, 0xDC, 0xEF, 0x71, 0x80,
    0x77, 0xFE, 0xE0, 0x77, 0x7F, 0xE6, 0x61, 0x87, 0x8F, 0x7F, 0xE0, 0x00, 0x38, 0xF9, 0xE7, 0xC7,
    0xCF, 0xC6, 0x00, 0x7B, 0xE7, 0xF8, 0x7E, 0x0F, 0x80, 0x00, 0x60, 0x0E, 0x00, 0xC0, 0x1C, 0x01,
    0x80, 0x38, 0x03, 0x00, 0x70, 0x06, 0x00, 0xE0, 0x0C, 0x01, 0xC0, 0x18, 0x03, 0x80, 0x30, 0x07,
    0x00, 0x60, 0x00, 0x00, 0x0C, 0x00, 0x38, 0x00, 0x60, 0x01, 0xC0, 0x07, 0x00, 0x0C, 0x00, 0x38,
    0x00, 0xE0, 0x01, 0xC0, 0x07, 0x00, 0x0C, 0x00, 0x38, 0x00, 0xE0, 0x01, 0x80, 0x07, 0x00, 0x0C,
    0x00, 0x38, 0x00, 0xE0, 0x01, 0x80, 0x07, 0x00, 0x00, 0x39, 0xDF, 0xF7, 0xF9, 0x9C, 0x7B, 0xDD,
    0xEF, 0x00, 0xFF, 0xFF, 0xFF, 0xFF, 0x87, 0xE1, 0xF8, 0x70, 0xFF, 0xFF, 0xFF, 0xE0, 0x0F, 0xFF,
    0xFF, 0xFE, 0xE7, 0xDF, 0xBF, 0x7E, 0xFD, 0xC0, 0x00, 0xFF, 0xFF, 0xCF, 0x3C, 0x60, 0x02, 0x07,
    0xFD, 0xFF, 0xBF, 0xE6, 0xF8, 0x18, 0x00, 0x1E, 0x0F, 0x81, 0xE0, 0x76, 0x7F, 0xFF, 0xFE, 0xFB,
    0x78, 0x1E, 0x0F, 0x81, 0xE0, 0x00, 0x1F, 0xFF, 0xFF, 0x9E, 0x7F, 0xFF, 0xFE, 0x78, 0x19, 0x87,
    0x1C, 0xFF, 0xEF, 0xFF, 0x70, 0xE3, 0x9C, 0x00, 0xC7, 0xBF, 0xF4, 0xC3, 0x00, 0x80, 0x3C, 0x0F,
    0xC3, 0xFE, 0x1F, 0xC3, 0xF7, 0xFF, 0xFC, 0xF8, 0x30, 0x00, 0x37, 0x66, 0x70, 0x1F, 0x1F, 0xE7,
    0xFB, 0xCF, 0x1E, 0x07, 0x81, 0xE0, 0x78, 0x01, 0xDB, 0xF3, 0xC7, 0xDF, 0x90, 0x00, 0x00, 0x1D,
    0xFF, 0xCF, 0xC7, 0xC1, 0x80, 0x01, 0xE3, 0xF9, 0xF7, 0xFF, 0x30, 0x00, 0x00, 0x31, 0xE0, 0x71,
    0xF9, 0xE0, 0xFB, 0xC7, 0xFF, 0xDF, 0x99, 0x98, 0x33, 0x00, 0xEF, 0x73, 0x7F, 0xC0, 0x77, 0xFE,
    0xE0, 0x00, 0xCF, 0xFF, 0x39, 0xE4, 0x80, 0x00, 0x0F, 0xFB, 0xFF, 0x66, 0x6F, 0xFC, 0xFF, 0x80,
    0x31, 0xC7, 0xFF, 0xFC, 0x63, 0x80, 0x70, 0x00, 0xE7, 0x80, 0x1E, 0x3F, 0xFF, 0xC1, 0xFF, 0xF8,
    0x07, 0xFE, 0x00, 0xE0, 0x01, 0xFF, 0x00, 0x79, 0xFF, 0xFF, 0x1F, 0xFF, 0x80, 0x7F, 0xC0, 0x7F,
    0xFF, 0xFF, 0xFF, 0xFF, 0xF8, 0x7F, 0xFF, 0xFF, 0xFF, 0xFF, 0xF8, 0x1F, 0xC0, 0x01, 0xDF, 0xFF,
    0xFF, 0xF7, 0xFF, 0xFF, 0xFF, 0x80, 0x3F, 0xFC, 0x00, 0x00, 0x00, 0x00, 0x00, 0x40, 0x01, 0xFF,
    0xC0, 0xFF, 0xFE, 0x3F, 0x07, 0xEF, 0x00, 0x1F, 0xC0, 0x01, 0xC0, 0x00, 0x00, 0xE0, 0x00, 0x03,
    0xCF, 0xFF, 0xFF, 0xFF, 0xFF, 0xFF, 0x00, 0x00, 0x78, 0x00, 0x03, 0x80, 0x79, 0xFB, 0xB3, 0xEF,
    0xDB, 0xBF, 0x3E, 0x39, 0xFB, 0xBF, 0xFF, 0xFD, 0xBF, 0x1C, 0x1F, 0xEF, 0xFF, 0xFF, 0x00, 0x1C,
    0x7E, 0x7F, 0x67, 0x67, 0x77, 0x7E, 0x3C, 0xCD, 0x9F, 0x3E, 0x7C, 0xFF, 0xFF, 0xBE, 0x39, 0xFB,
    0xB6, 0x2C, 0x1D, 0xBF, 0x1C, 0x06, 0x07, 0x07, 0x3F, 0x7F, 0x77, 0x67, 0x67, 0x7F, 0x7F, 0x3E,
    0xC1, 0x83, 0x07, 0xCF, 0xDF, 0xB3, 0xE7, 0xCF, 0x9F, 0x30, 0x7D, 0xC7, 0xFE, 0x7F, 0xE6, 0x67,
    0x66, 0x76, 0x67, 0x66, 0x76, 0x66, 0x7F, 0xFF, 0xCE, 0x73, 0x8C, 0x23, 0xBF, 0xF7, 0x39, 0xCE,
    0x79, 0xC0, 0x67, 0x76, 0x7E, 0x3E, 0x3C, 0x3C, 0x1C, 0x18, 0xEF, 0xF9, 0xF3, 0xC7, 0x8F, 0xBB,
    0xE7, 0x79, 0xE7, 0xDE, 0x30, 0x00, 0x00, 0x01, 0xE7, 0x9E, 0x7B, 0xCF, 0x3C, 0xE3, 0x80, 0x77,
    0xBD, 0xC0, 0x07, 0x80, 0x70, 0x0F, 0x0F, 0xFE, 0xF6, 0xFF, 0x0F, 0x60, 0xE0, 0x01, 0xE0, 0x1C,
    0xFC, 0x0F, 0x3F, 0x83, 0xDF, 0xE0, 0xE7, 0xF8, 0x01, 0xFF, 0x00, 0xFF, 0xC0, 0x3E, 0xF0, 0x0F,
    0x3E, 0x07, 0xCF, 0x81, 0xF1, 0xE0, 0x7C, 0x7C, 0x3F, 0xFF, 0x0F, 0xFF, 0xC3, 0xFF, 0xF9, 0xF0,
    0x3E, 0x7C, 0x07, 0xDE, 0x01, 0xFF, 0x80, 0x7C, 0x79, 0xEF, 0x9E, 0x30, 0x03, 0xFF, 0xCF, 0x7F,
    0xFD, 0xCF, 0xFF, 0xB9, 0xFF, 0xF7, 0x3C, 0x00, 0x07, 0x80, 0x00, 0xF0, 0x00, 0x1E, 0x00, 0x03,
    0xFF, 0xC0, 0x7F, 0xF8, 0x0F, 0xFF, 0x01, 0xFF, 0xE0, 0x3C, 0x00, 0x07, 0x80, 0x00, 0xF0, 0x00,
    0x1F, 0xFE, 0x03, 0xFF, 0xE0, 0x7F, 0xFC, 0x0F, 0xFF, 0x80, 0x03, 0xC0, 0x39, 0xEF, 0x01, 0xF7,
    0x3C, 0x07, 0xDC, 0xF0, 0x1F, 0x73, 0xC0, 0x7C, 0x0F, 0x01, 0xF0, 0x3C, 0x07, 0xC0, 0xF0, 0x1F,
    0x03, 0xFF, 0xFC, 0x0F, 0xFF, 0xF0, 0x3F, 0xFF, 0xC0, 0xFF, 0xFF, 0x03, 0xC0, 0x7C, 0x0F, 0x01,
    0xF0, 0x3C, 0x07, 0xC0, 0xF0, 0x1F, 0x03, 0xC0, 0x7C, 0x0F, 0x01, 0xF0, 0x3C, 0x07, 0xC0, 0x03,
    0xDE, 0xF7, 0x3D, 0xCF, 0x73, 0xC0, 0xF0, 0x3C, 0x0F, 0x03, 0xC0, 0xF0, 0x3C, 0x0F, 0x03, 0xC0,
    0xF0, 0x3C, 0x0F, 0x03, 0xC0, 0xF0, 0x3C, 0x00, 0x3E, 0x01, 0xE3, 0xFF, 0x07, 0x1F, 0xFE, 0x1C,
    0xFF, 0xFC, 0x77, 0xE3, 0xF0, 0x1F, 0x03, 0xE0, 0xF8, 0x07, 0x83, 0xE0, 0x1E, 0x0F, 0x80, 0x7C,
    0x3E, 0x01, 0xF0, 0xF8, 0x07, 0xC3, 0xE0, 0x1F, 0x0F, 0x80, 0x78, 0x3E, 0x03, 0xE0, 0x7C, 0x0F,
    0x81, 0xFC, 0xFC, 0x03, 0xFF, 0xF0, 0x07, 0xFF, 0x80, 0x0F, 0xF8, 0x00, 0x07, 0x00, 0x03, 0xC0,
    0x1E, 0x7B, 0xE0, 0x3E, 0x71, 0xF0, 0x3E, 0x71, 0xF0, 0x7C, 0x70, 0xF8, 0xF8, 0x00, 0xF8, 0xF8,
    0x00, 0x7D, 0xF0, 0x00, 0x3D, 0xF0, 0x00, 0x3F, 0xE0, 0x00, 0x1F, 0xC0, 0x00, 0x1F, 0xC0, 0x00,
    0x0F, 0x80, 0x00, 0x0F, 0x80, 0x00, 0x0F, 0x80, 0x00, 0x0F, 0x80, 0x00, 0x0F, 0x80, 0x00, 0x0F,
    0x80, 0x00, 0x0F, 0x80, 0x00, 0x0F, 0x80, 0x00, 0x3E, 0x01, 0xE3, 0xFF, 0x07, 0x1F, 0xFE, 0x1C,
    0xFF, 0xFC, 0x77, 0xE3, 0xF8, 0x3F, 0x03, 0xE0, 0xF8, 0x07, 0xC3, 0xE0, 0x1F, 0x0F, 0x00, 0x7C,
    0x3C, 0x01, 0xF0, 0xF8, 0x07, 0xC3, 0xE0, 0x1E, 0x07, 0x80, 0xF8, 0x1F, 0x87, 0xC0, 0x3F, 0x3E,
    0x00, 0x3C, 0xF0, 0x0F, 0xF3, 0xFC, 0x3F, 0xCF, 0xF0, 0xFF, 0x3F, 0xC0, 0x1E, 0x0E, 0x07, 0x03,
    0x8E, 0x77, 0xBF, 0xDF, 0xCE, 0x00, 0x1E, 0x0F, 0x87, 0xC3, 0xE1, 0xF0, 0xF8, 0x7C, 0x3E, 0x1F,
    0x0F, 0x87, 0xC3, 0xF0, 0xF8, 0x7E, 0x00, 0x01, 0xE0, 0x00, 0xFC, 0x00, 0x3F, 0x80, 0x1F, 0xE0,
    0x07, 0xF8, 0x01, 0xFF, 0x00, 0xFF, 0xC0, 0x3E, 0xF0, 0x0F, 0x3E, 0x07, 0xCF, 0x81, 0xF1, 0xE0,
    0x7C, 0x7C, 0x3F, 0xFF, 0x0F, 0xFF, 0xC3, 0xFF, 0xF9, 0xF0, 0x3E, 0x7C, 0x07, 0xDE, 0x01, 0xFF,
    0x80, 0x7C, 0x7F, 0x81, 0xFF, 0xE3, 0xFF, 0xE7, 0xFF, 0xEF, 0x87, 0xDF, 0x07, 0xBE, 0x0F, 0x7C,
    0x3E, 0xFF, 0xF9, 0xFF, 0xE3, 0xFF, 0xF7, 0xC7, 0xEF, 0x83, 0xFF, 0x07, 0xFE, 0x0F, 0xFC, 0x7F,
    0xFF, 0xFD, 0xFF, 0xFB, 0xFF, 0xC0, 0x7F, 0xF7, 0xFF, 0xFF, 0xFF, 0xFF, 0xFF, 0x80, 0x7C, 0x03,
    0xE0, 0x1F, 0x00, 0xF8, 0x07, 0xC0, 0x3E, 0x01, 0xF0, 0x0F, 0x80, 0x7C, 0x03, 0xE0, 0x1F, 0x00,
    0xF8, 0x07, 0xC0, 0x3E, 0x00, 0x01, 0xE0, 0x00, 0xFC, 0x00, 0x3F, 0x80, 0x1F, 0xE0, 0x07, 0xF8,
    0x01, 0xFF, 0x00, 0xFF, 0xC0, 0x3E, 0xF0, 0x0F, 0x3E, 0x07, 0xCF, 0x81, 0xF1, 0xE0, 0x78, 0x7C,
    0x3E, 0x1F, 0x0F, 0x83, 0xC3, 0xC0, 0xF9, 0xF0, 0x3E, 0x7F, 0xFF, 0x9F, 0xFF, 0xFF, 0xFF, 0xFC,
    0x7F, 0xFF, 0xFF, 0xFF, 0xFF, 0xFF, 0xFF, 0x80, 0x7C, 0x03, 0xE0, 0x1F, 0x00, 0xFF, 0xFF, 0xFF,
    0xFF, 0xFF, 0xFF, 0xEF, 0x80, 0x7C, 0x03, 0xE0, 0x1F, 0xFE, 0xFF, 0xFF, 0xFF, 0xFF, 0xFE, 0xFF,
    0xFD, 0xFF, 0xFF, 0xFF, 0xFF, 0xFF, 0xE0, 0x07, 0xC0, 0x1F, 0x00, 0x7C, 0x01, 0xF0, 0x03, 0xE0,
    0x0F, 0x80, 0x3E, 0x00, 0x7C, 0x01, 0xF0, 0x07, 0xC0, 0x1F, 0x00, 0x3E, 0xFE, 0xFF, 0xFF, 0xFF,
    0xFF, 0xFF, 0xF8, 0x70, 0x0F, 0xF8, 0x0F, 0xF8, 0x0F, 0xF8, 0x0F, 0xF8, 0x0F, 0xF8, 0x0F, 0xF8,
    0x0F, 0xF8, 0x0F, 0xFF, 0xFF, 0xFF, 0xFF, 0xFF, 0xFF, 0xFF, 0xFF, 0xF8, 0x0F, 0xF8, 0x0F, 0xF8,
    0x0F, 0xF8, 0x0F, 0xF8, 0x0F, 0xF8, 0x0F, 0xF8, 0x0F, 0x03, 0xE0, 0x03, 0xFE, 0x01, 0xFF, 0xE0,
    0xFF, 0xF8, 0x7E, 0x3F, 0x3F, 0x03, 0xEF, 0x80, 0xFB, 0xE0, 0x1E, 0xF7, 0xF7, 0xBD, 0xFD, 0xEF,
    0x7F, 0x7B, 0xCF, 0x9E, 0xF8, 0x07, 0xBE, 0x03, 0xE7, 0xC1, 0xF9, 0xFD, 0xFC, 0x3F, 0xFE, 0x07,
    0xFF, 0x00, 0xFF, 0x80, 0x07, 0x00, 0x77, 0xFF, 0xFF, 0xFF, 0xFF, 0xFF, 0xFF, 0xFF, 0xFF, 0xFF,
    0xFF, 0xFE, 0x70, 0x0F, 0x7C, 0x1F, 0xBE, 0x0F, 0x9F, 0x0F, 0x8F, 0x8F, 0x87, 0xCF, 0xC3, 0xEF,
    0xC1, 0xFF, 0xC0, 0xFF, 0xC0, 0x7F, 0xE0, 0x3F, 0xF8, 0x1F, 0xFE, 0x0F, 0xDF, 0x07, 0xC7, 0xC3,
    0xE1, 0xF1, 0xF0, 0xF8, 0xF8, 0x3E, 0x7C, 0x1F, 0xBE, 0x07, 0xC0, 0x01, 0xE0, 0x00, 0xFC, 0x00,
    0x3F, 0x80, 0x1F, 0xE0, 0x07, 0xF8, 0x01, 0xFF, 0x00, 0xFF, 0xC0, 0x3E, 0xF0, 0x0F, 0x3E, 0x07,
    0xCF, 0x81, 0xF1, 0xE0, 0x78, 0x7C, 0x3E, 0x1F, 0x0F, 0x83, 0xC3, 0xC0, 0xF9, 0xF0, 0x3E, 0x7C,
    0x07, 0xDE, 0x01, 0xFF, 0x80, 0x7C, 0x7C, 0x01, 0xF7, 0xF0, 0x1F, 0xFF, 0x80, 0xFF, 0xFE, 0x07,
    0xFF, 0xF0, 0x7F, 0xFF, 0x83, 0xFF, 0xFE, 0x3F, 0xFF, 0xF1, 0xFF, 0xFF, 0x8F, 0xFF, 0xFE, 0xFF,
    0xFE, 0xF7, 0xBF, 0xF7, 0xBD, 0xFF, 0xBD, 0xEF, 0xFC, 0xFE, 0x7F, 0xE7, 0xF3, 0xFF, 0x3F, 0x9F,
    0xF8, 0xF8, 0xFF, 0xC7, 0xC7, 0xFE, 0x3E, 0x3E, 0x78, 0x07, 0x7E, 0x07, 0xFF, 0x03, 0xFF, 0xC1,
    0xFF, 0xE0, 0xFF, 0xF8, 0x7F, 0xFE, 0x3F, 0xFF, 0x1F, 0xFF, 0xCF, 0xFD, 0xF7, 0xFE, 0xFB, 0xFF,
    0x3F, 0xFF, 0x8F, 0xFF, 0xC7, 0xFF, 0xE1, 0xFF, 0xF0, 0x7F, 0xF8, 0x3F, 0xFC, 0x0F, 0xFE, 0x07,
    0xE0, 0x7F, 0xFD, 0xFF, 0xFF, 0xFF, 0xFF, 0xFF, 0xF0, 0x00, 0x00, 0x00, 0x00, 0x00, 0x00, 0x00,
    0x7F, 0xFC, 0xFF, 0xF9, 0xFF, 0xF3, 0xFF, 0xE0, 0x00, 0x00, 0x00, 0x00, 0x00, 0x00, 0x00, 0xFF,
    0xFF, 0xFF, 0xFF, 0xFF, 0xF8, 0x03, 0xE0, 0x03, 0xFE, 0x01, 0xFF, 0xE0, 0xFF, 0xF8, 0x7E, 0x3F,
    0x3F, 0x03, 0xEF, 0x80, 0xFB, 0xE0, 0x1E, 0xF0, 0x07, 0xBC, 0x01, 0xEF, 0x00, 0x7B, 0xC0, 0x1E,
    0xF8, 0x07, 0xBE, 0x03, 0xE7, 0xC1, 0xF9, 0xFD, 0xFC, 0x3F, 0xFE, 0x07, 0xFF, 0x00, 0xFF, 0x80,
    0x07, 0x00, 0x7F, 0xFF, 0xFF, 0xFF, 0xFF, 0xFF, 0xFF, 0xFF, 0xF8, 0x0F, 0xF8, 0x0F, 0xF8, 0x0F,
    0xF8, 0x0F, 0xF8, 0x0F, 0xF8, 0x0F, 0xF8, 0x0F, 0xF8, 0x0F, 0xF8, 0x0F, 0xF8, 0x0F, 0xF8, 0x0F,
    0xF8, 0x0F, 0xF8, 0x0F, 0xF8, 0x0F, 0xF8, 0x0F, 0x7F, 0x81, 0xFF, 0xE3, 0xFF, 0xE7, 0xFF, 0xEF,
    0x87, 0xDF, 0x07, 0xBE, 0x0F, 0xFC, 0x1F, 0xF8, 0x3D, 0xF1, 0xFB, 0xFF, 0xF7, 0xFF, 0xCF, 0xFE,
    0x1F, 0x00, 0x3E, 0x00, 0x7C, 0x00, 0xF8, 0x01, 0xF0, 0x03, 0xE0, 0x00, 0x7F, 0xFF, 0xFF, 0xFF,
    0xFF, 0xFF, 0xFF, 0xF7, 0xC0, 0x07, 0xE0, 0x07, 0xE0, 0x07, 0xE0, 0x07, 0xE0, 0x07, 0xC0, 0x1F,
    0x80, 0x7E, 0x01, 0xF8, 0x07, 0xE0, 0x1F, 0x80, 0x7E, 0x00, 0xFF, 0xFF, 0xFF, 0xFF, 0xFF, 0xF8,
    0x7F, 0xFF, 0xFF, 0xFF, 0xFF, 0xFF, 0xFF, 0xFF, 0x03, 0xE0, 0x03, 0xE0, 0x03, 0xE0, 0x03, 0xE0,
    0x03, 0xE0, 0x03, 0xE0, 0x03, 0xE0, 0x03, 0xE0, 0x03, 0xE0, 0x03, 0xE0, 0x03, 0xE0, 0x03, 0xE0,
    0x03, 0xE0, 0x03, 0xE0, 0x03, 0xE0, 0x78, 0x07, 0xBF, 0x03, 0xF7, 0xC0, 0xF8, 0xF8, 0x7C, 0x3E,
    0x1F, 0x07, 0xCF, 0x81, 0xF3, 0xE0, 0x3F, 0xF0, 0x07, 0xF8, 0x01, 0xFE, 0x00, 0x3F, 0x00, 0x0F,
    0xC0, 0x01, 0xE0, 0x00, 0x78, 0x00, 0x1E, 0x00, 0x07, 0x80, 0x01, 0xE0, 0x00, 0x78, 0x00, 0x1E,
    0x00, 0x00, 0x00, 0x00, 0x07, 0x80, 0x00, 0xFF, 0x00, 0x1F, 0xFE, 0x03, 0xFF, 0xFC, 0x1F, 0xFF,
    0xF1, 0xFB, 0xCF, 0x9F, 0x1E, 0x3E, 0xF8, 0xF0, 0xF7, 0x87, 0x87, 0xBC, 0x3C, 0x3D, 0xE1, 0xE1,
    0xEF, 0x0F, 0x0F, 0x7C, 0x78, 0xFB, 0xE3, 0xC7, 0xCF, 0xDE, 0xFC, 0x3F, 0xFF, 0xE0, 0xFF, 0xFC,
    0x03, 0xFF, 0xC0, 0x03, 0xF0, 0x00, 0x0F, 0x00, 0x00, 0x78, 0x07, 0x9F, 0x03, 0xE3, 0xE1, 0xF0,
    0xFC, 0x7C, 0x1F, 0x3E, 0x03, 0xEF, 0x00, 0xFF, 0xC0, 0x1F, 0xE0, 0x03, 0xF0, 0x00, 0xFC, 0x00,
    0x3F, 0x00, 0x1F, 0xE0, 0x07, 0xFC, 0x03, 0xFF, 0x01, 0xF3, 0xE0, 0x7C, 0x7C, 0x3E, 0x1F, 0x1F,
    0x03, 0xEF, 0xC0, 0x7C, 0x70, 0xF0, 0xEF, 0x8F, 0x0F, 0xF8, 0xF0, 0xFF, 0x8F, 0x0F, 0xF8, 0xF0,
    0xFF, 0x8F, 0x0F, 0xF8, 0xF0, 0xFF, 0x8F, 0x0F, 0xF8, 0xF1, 0xF7, 0x8F, 0x1E, 0x7C, 0xF3, 0xE3,
    0xFF, 0xFE, 0x1F, 0xFF, 0xC0, 0xFF, 0xF0, 0x03, 0xFC, 0x00, 0x0F, 0x00, 0x00, 0xF0, 0x00, 0x0F,
    0x00, 0x00, 0xF0, 0x00, 0x03, 0xE0, 0x03, 0xFF, 0x03, 0xFF, 0xE1, 0xFF, 0xFC, 0x7E, 0x3F, 0xBF,
    0x03, 0xEF, 0x80, 0x7B, 0xC0, 0x1F, 0xF0, 0x07, 0xFC, 0x01, 0xFF, 0x00, 0x7F, 0xE0, 0x1E, 0xF8,
    0x0F, 0x9F, 0x87, 0xC3, 0xF3, 0xE0, 0x3C, 0xE0, 0xFF, 0x3F, 0xFF, 0xCF, 0xFF, 0xF3, 0xFC, 0x73,
    0xCF, 0x79, 0xEF, 0x38, 0xE0, 0x00, 0x1C, 0x07, 0xC0, 0xF8, 0x1F, 0x03, 0xE0, 0x7C, 0x0F, 0x81,
    0xF0, 0x3E, 0x07, 0xC0, 0xF8, 0x1F, 0x03, 0xE0, 0x7C, 0x0F, 0x81, 0xF0, 0x3E, 0x07, 0xC0, 0xF8,
    0x07, 0x38, 0x03, 0xCF, 0x00, 0xF3, 0xC0, 0x1C, 0xE0, 0x00, 0x00, 0x1E, 0x01, 0xEF, 0xC0, 0xFD,
    0xF0, 0x3E, 0x3E, 0x1F, 0x0F, 0x87, 0xC1, 0xF3, 0xE0, 0x7C, 0xF8, 0x0F, 0xFC, 0x01, 0xFE, 0x00,
    0x7F, 0x80, 0x0F, 0xC0, 0x03, 0xF0, 0x00, 0x78, 0x00, 0x1E, 0x00, 0x07, 0x80, 0x01, 0xE0, 0x00,
    0x78, 0x00, 0x1E, 0x00, 0x07, 0x80, 0x01, 0xC0, 0x01, 0xE0, 0x00, 0xF0, 0x00, 0x70, 0x00, 0x00,
    0x00, 0x3E, 0x38, 0x7F, 0xBC, 0x7F, 0xFE, 0x7F, 0xFF, 0x3E, 0x1F, 0x9E, 0x0F, 0x8F, 0x03, 0xC7,
    0x81, 0xE3, 0xC0, 0xF1, 0xE0, 0xFC, 0xF8, 0xFE, 0x3F, 0xFF, 0x1F, 0xFF, 0x87, 0xF9, 0xE0, 0x70,
    0x00, 0x03, 0xC0, 0x1C, 0x00, 0xE0, 0x07, 0x00, 0x00, 0x07, 0xE0, 0xFF, 0xCF, 0xFE, 0x7C, 0xFB,
    0xC3, 0x9F, 0x00, 0x7F, 0x03, 0xF8, 0x3F, 0xC1, 0xE0, 0x8F, 0x0F, 0x7F, 0xFB, 0xFF, 0x8F, 0xF8,
    0x0F, 0x00, 0x03, 0xC0, 0x1C, 0x01, 0xE0, 0x0E, 0x00, 0x00, 0x79, 0xF3, 0xDF, 0xDF, 0xFF, 0xFF,
    0xFF, 0xC7, 0xFE, 0x1F, 0xF0, 0xFF, 0x87, 0xFC, 0x3F, 0xE1, 0xFF, 0x0F, 0xF8, 0x7F, 0xC3, 0xFE,
    0x1E, 0x00, 0xF0, 0x07, 0x80, 0x3C, 0x01, 0xE0, 0x0F, 0x00, 0x00, 0x78, 0xF1, 0xC3, 0x80, 0x1E,
    0x3E, 0x7C, 0xF9, 0xF3, 0xE7, 0xCF, 0x9F, 0x3E, 0x7C, 0xFC, 0xF9, 0xF8, 0x00, 0x03, 0x80, 0x3C,
    0x01, 0xE0, 0xEE, 0xE7, 0xBF, 0xBC, 0x3D, 0xC1, 0xC0, 0x00, 0xF0, 0x7F, 0xC3, 0xFE, 0x1F, 0xF0,
    0xFF, 0x87, 0xFC, 0x3F, 0xE1, 0xFF, 0x0F, 0xF8, 0x7F, 0xC3, 0xFE, 0x3E, 0xFF, 0xF7, 0xFF, 0x0F,
    0xF0, 0x1C, 0x00, 0x07, 0xC7, 0x0F, 0xF7, 0x8F, 0xFF, 0xCF, 0xFF, 0xE7, 0xC3, 0xF3, 0xC1, 0xF1,
    0xE0, 0x78, 0xF0, 0x3C, 0x78, 0x1E, 0x3C, 0x1F, 0x9F, 0x1F, 0xC7, 0xFF, 0xE3, 0xFF, 0xF0, 0xFF,
    0x3C, 0x0E, 0x00, 0x0F, 0x80, 0xFF, 0x87, 0xFF, 0x1F, 0xFC, 0xF8, 0xFB, 0xC1, 0xEF, 0x07, 0xBC,
    0x3E, 0xF7, 0xF3, 0xDF, 0x8F, 0x7F, 0x3C, 0x3E, 0xF0, 0x7B, 0xC1, 0xFF, 0x87, 0xFF, 0x3E, 0xFF,
    0xFB, 0xFF, 0xCF, 0x7E, 0x3C, 0x60, 0xF0, 0x03, 0xC0, 0x0F, 0x00, 0x3C, 0x00, 0x00, 0x00, 0xF8,
    0x3F, 0xF0, 0x79, 0xE0, 0xF3, 0xE3, 0xE7, 0xC7, 0x87, 0x8F, 0x0F, 0xBE, 0x0F, 0x78, 0x1E, 0xF0,
    0x3F, 0xC0, 0x3F, 0x80, 0x7F, 0x00, 0xFC, 0x00, 0xF8, 0x01, 0xF0, 0x03, 0xE0, 0x07, 0xC0, 0x0F,
    0x80, 0x1F, 0x00, 0x00, 0x00, 0x00, 0xE0, 0x1F, 0xE0, 0x7F, 0xC1, 0xFF, 0x83, 0xE0, 0x07, 0xC0,
    0x07, 0xF0, 0x0F, 0xF8, 0x3F, 0xF8, 0xFF, 0xF9, 0xF1, 0xF3, 0xC1, 0xE7, 0x83, 0xCF, 0x07, 0x9E,
    0x0F, 0x3E, 0x3E, 0x7F, 0xFC, 0x7F, 0xF0, 0x7F, 0xC0, 0x1C, 0x00, 0x0F, 0xC1, 0xFF, 0x9F, 0xFC,
    0xF9, 0xF7, 0x87, 0x3E, 0x00, 0xFE, 0x07, 0xF0, 0x7F, 0x83, 0xC1, 0x1E, 0x1E, 0xFF, 0xF7, 0xFF,
    0x1F, 0xF0, 0x1E, 0x00, 0x3F, 0xF3, 0xFF, 0x9F, 0xFC, 0xFF, 0xE0, 0x1E, 0x01, 0xF0, 0x1F, 0x01,
    0xF0, 0x1F, 0x01, 0xF0, 0x0F, 0x00, 0xF8, 0x07, 0x80, 0x3C, 0x01, 0xE0, 0x0F, 0x80, 0x7F, 0xE1,
    0xFF, 0x87, 0xFE, 0x00, 0xF0, 0x07, 0x80, 0x3C, 0x01, 0xE0, 0xF3, 0xE7, 0xBF, 0xBF, 0xFF, 0xFF,
    0xFF, 0x8F, 0xFC, 0x3F, 0xE1, 0xFF, 0x0F, 0xF8, 0x7F, 0xC3, 0xFE, 0x1F, 0xF0, 0xFF, 0x87, 0xFC,
    0x3C, 0x01, 0xE0, 0x0F, 0x00, 0x78, 0x03, 0xC0, 0x1E, 0x00, 0x00, 0x07, 0x80, 0x7F, 0x83, 0xFF,
    0x1F, 0xFC, 0x78, 0xFB, 0xC1, 0xEF, 0x07, 0xFC, 0x1F, 0xFF, 0xFF, 0xFF, 0xFF, 0xFF, 0xFF, 0xFF,
    0xF0, 0x7F, 0xC1, 0xFF, 0x87, 0x9E, 0x3E, 0x7F, 0xF0, 0xFF, 0xC1, 0xFE, 0x01, 0xC0, 0xF1, 0xF3,
    0xE7, 0xCF, 0x9F, 0x3E, 0x7C, 0xF9, 0xF3, 0xE7, 0xE7, 0xCF, 0xC0, 0x00, 0xF0, 0x7F, 0xE3, 0xEF,
    0x9F, 0x3E, 0x7C, 0xFB, 0xE3, 0xFF, 0x0F, 0xF8, 0x3F, 0xE0, 0xFF, 0xC3, 0xFF, 0x0F, 0xBE, 0x3E,
    0x7C, 0xF9, 0xFB, 0xE3, 0xE0, 0x3C, 0x00, 0x3F, 0x80, 0x0F, 0xC0, 0x07, 0xF0, 0x00, 0x78, 0x00,
    0x3E, 0x00, 0x1F, 0x00, 0x1F, 0x80, 0x0F, 0xE0, 0x07, 0xF0, 0x07, 0xFC, 0x03, 0xDE, 0x03, 0xEF,
    0x01, 0xE7, 0xC0, 0xF1, 0xE0, 0xF8, 0xF8, 0x78, 0x3F, 0x3C, 0x1F, 0xBE, 0x07, 0xE0, 0x00, 0xE0,
    0xF0, 0x79, 0xF0, 0xF3, 0xE1, 0xE7, 0xC3, 0xCF, 0x87, 0x9F, 0x0F, 0x3E, 0x1E, 0x7C, 0x3C, 0xF8,
    0x79, 0xF0, 0xF3, 0xE3, 0xE7, 0xFF, 0xFF, 0xFF, 0xFF, 0xF7, 0xFE, 0x00, 0x7C, 0x00, 0xF8, 0x01,
    0xF0, 0x03, 0xE0, 0x00, 0x00, 0x00, 0xE0, 0x1F, 0xF0, 0x7F, 0xE0, 0xF7, 0xE1, 0xE3, 0xC7, 0xC7,
    0xCF, 0x07, 0x9E, 0x0F, 0x7C, 0x1F, 0xF0, 0x1F, 0xE0, 0x3F, 0x80, 0x7F, 0x00, 0x7E, 0x00, 0xF8,
    0x00, 0x3F, 0xF3, 0xFF, 0xDF, 0xFE, 0xFF, 0xE3, 0xE0, 0x3E, 0x01, 0xF0, 0x0F, 0x80, 0x3F, 0xF0,
    0xFF, 0x8F, 0xFC, 0xFF, 0xC7, 0x80, 0x3C, 0x01, 0xE0, 0x0F, 0x80, 0x7F, 0xE1, 0xFF, 0x87, 0xFE,
    0x00, 0xF0, 0x07, 0x80, 0x3C, 0x01, 0xE0, 0x07, 0xC0, 0x3F, 0xE0, 0xFF, 0xE3, 0xFF, 0xE7, 0xC7,
    0xCF, 0x07, 0x9E, 0x0F, 0xBC, 0x1F, 0x78, 0x3E, 0xF0, 0x79, 0xF1, 0xF1, 0xFF, 0xC3, 0xFF, 0x81,
    0xFE, 0x00, 0xE0, 0x00, 0xFF, 0xFF, 0xFF, 0xFF, 0xFF, 0xFF, 0xFF, 0xFF, 0x3C, 0x7C, 0x3C, 0x7C,
    0x3C, 0x7C, 0x3C, 0x7C, 0x3C, 0x7C, 0x3C, 0x7C, 0x3C, 0x7C, 0x3C, 0x7E, 0x3C, 0x3F, 0x3C, 0x3F,
    0x00, 0x00, 0x0F, 0xC0, 0x7F, 0xC3, 0xFF, 0x9F, 0xFE, 0x78, 0x7F, 0xE1, 0xFF, 0x07, 0xFC, 0x0F,
    0xF8, 0x7F, 0xE1, 0xFF, 0xCF, 0xFF, 0xFE, 0xFF, 0xF3, 0xFF, 0x8F, 0x98, 0x3E, 0x00, 0xF8, 0x03,
    0xE0, 0x0F, 0x80, 0x00, 0x00, 0x07, 0xC0, 0x7F, 0xC3, 0xFF, 0x9F, 0xFF, 0x7C, 0x7D, 0xE0, 0xE7,
    0x80, 0x1E, 0x00, 0x78, 0x01, 0xE0, 0x07, 0xC0, 0x0F, 0xF8, 0x1F, 0xF8, 0x3F, 0xE0, 0x07, 0x80,
    0x0E, 0x00, 0x38, 0x00, 0xE0, 0x07, 0xFF, 0x1F, 0xFF, 0x3F, 0xFF, 0x7F, 0xFF, 0x7C, 0x7C, 0x78,
    0x3C, 0x78, 0x3C, 0x78, 0x3E, 0x78, 0x3E, 0x78, 0x3C, 0x7C, 0x7C, 0x3F, 0xFC, 0x3F, 0xF8, 0x0F,
    0xF0, 0x03, 0x80, 0xFF, 0xFF, 0xFF, 0xFF, 0xFF, 0xFF, 0xF0, 0xF8, 0x07, 0xC0, 0x3E, 0x01, 0xF0,
    0x0F, 0x80, 0x7C, 0x03, 0xE0, 0x1F, 0xC0, 0x7E, 0x03, 0xF0, 0x02, 0x00, 0xF0, 0x7F, 0xC3, 0xFE,
    0x1F, 0xF0, 0xFF, 0x87, 0xFC, 0x3F, 0xE1, 0xFF, 0x0F, 0xF8, 0x7F, 0xC3, 0xFE, 0x3E, 0xFF, 0xF7,
    0xFF, 0x0F, 0xF0, 0x1C, 0x00, 0x0C, 0x3F, 0x03, 0xCF, 0xF0, 0xFB, 0xFF, 0x3F, 0x7F, 0xF7, 0xCF,
    0x3E, 0xF1, 0xE3, 0xDE, 0x3C, 0x7B, 0xC7, 0x8F, 0x78, 0xF1, 0xEF, 0x1E, 0x7D, 0xFB, 0xDF, 0x9F,
    0xFF, 0xE1, 0xFF, 0xF8, 0x1F, 0xFE, 0x00, 0x7E, 0x00, 0x07, 0x80, 0x00, 0xF0, 0x00, 0x1E, 0x00,
    0x03, 0xC0, 0x00, 0x00, 0x00, 0xF0, 0x3D, 0xF0, 0x7B, 0xF1, 0xF7, 0xE3, 0xC3, 0xEF, 0x83, 0xFE,
    0x03, 0xF8, 0x07, 0xF0, 0x07, 0xC0, 0x0F, 0x80, 0x1F, 0x00, 0x7F, 0x00, 0xFE, 0x03, 0xFE, 0x07,
    0xBC, 0x1F, 0x7C, 0x3C, 0x7E, 0xF0, 0xFF, 0xE0, 0xF8, 0x00, 0x00, 0x01, 0xE0, 0x00, 0x3E, 0x00,
    0x07, 0xC0, 0x78, 0xF9, 0xEF, 0x1F, 0x3F, 0xE3, 0xE7, 0xFC, 0x7C, 0xFF, 0x8F, 0x9F, 0xF1, 0xF3,
    0xFE, 0x3E, 0x7F, 0xC7, 0xCF, 0xFC, 0xF9, 0xEF, 0x9F, 0x3C, 0xFB, 0xEF, 0x9F, 0xFF, 0xF1, 0xFF,
    0xFC, 0x1F, 0xFF, 0x00, 0x7F, 0x00, 0x07, 0xC0, 0x00, 0xF8, 0x00, 0x1F, 0x00, 0x03, 0xE0, 0x00,
    0x00, 0x00, 0x1F, 0x07, 0x81, 0xE0, 0x7C, 0x3E, 0x03, 0xE7, 0xC0, 0x1E, 0x7C, 0x01, 0xF7, 0x8F,
    0x1F, 0x78, 0xF0, 0xF7, 0x8F, 0x0F, 0x78, 0xF0, 0xF7, 0x8F, 0x8F, 0x7C, 0xF9, 0xF7, 0xFF, 0xFE,
    0x3F, 0xDF, 0xE1, 0xF9, 0xFC, 0x06, 0x06, 0x00, 0x73, 0xFE, 0xF7, 0xBD, 0xC6, 0x00, 0x07, 0x81,
    0xF0, 0x7C, 0x1F, 0x07, 0xC1, 0xF0, 0x7C, 0x1F, 0x07, 0xC1, 0xF0, 0x7C, 0x1F, 0x83, 0xE0, 0xFC,
    0x00, 0x3C, 0xE1, 0xEF, 0x8F, 0x7C, 0x31, 0xC0, 0x00, 0x78, 0x3F, 0xE1, 0xFF, 0x0F, 0xF8, 0x7F,
    0xC3, 0xFE, 0x1F, 0xF0, 0xFF, 0x87, 0xFC, 0x3F, 0xE1, 0xFF, 0x1F, 0x7F, 0xFB, 0xFF, 0x87, 0xF8,
    0x0E, 0x00, 0x03, 0xC0, 0x07, 0x80, 0x0F, 0x00, 0x1C, 0x00, 0x00, 0x00, 0xF8, 0x07, 0xFC, 0x1F,
    0xFC, 0x7F, 0xFC, 0xF8, 0xF9, 0xE0, 0xF3, 0xC1, 0xF7, 0x83, 0xEF, 0x07, 0xDE, 0x0F, 0x3E, 0x3E,
    0x3F, 0xF8, 0x7F, 0xF0, 0x3F, 0xC0, 0x1C, 0x00, 0x03, 0x80, 0x3C, 0x01, 0xE0, 0x0E, 0x00, 0x00,
    0x78, 0x3F, 0xE1, 0xFF, 0x0F, 0xF8, 0x7F, 0xC3, 0xFE, 0x1F, 0xF0, 0xFF, 0x87, 0xFC, 0x3F, 0xE1,
    0xFF, 0x1F, 0x7F, 0xFB, 0xFF, 0x87, 0xF8, 0x0E, 0x00, 0x00, 0x78, 0x00, 0x07, 0x80, 0x00, 0x70,
    0x00, 0x07, 0x00, 0x00, 0x00, 0x01, 0xF0, 0x78, 0x1E, 0x07, 0xC3, 0xE0, 0x3E, 0x7C, 0x01, 0xE7,
    0xC0, 0x1F, 0x78, 0xF1, 0xF7, 0x8F, 0x0F, 0x78, 0xF0, 0xF7, 0x8F, 0x0F, 0x78, 0xF8, 0xF7, 0xCF,
    0x9F, 0x7F, 0xFF, 0xE3, 0xFD, 0xFE, 0x1F, 0x9F, 0xC0, 0x60, 0x60, 0x1E, 0x00, 0x70, 0x03, 0xC0,
    0x0E, 0x00, 0x00, 0x3F, 0xFF, 0xFF, 0xFF, 0xFF, 0xFF, 0xFF, 0xC0, 0x3E, 0x01, 0xF0, 0x0F, 0x80,
    0x7F, 0xFF, 0xFF, 0xFF, 0xFF, 0xFF, 0xF7, 0xC0, 0x3E, 0x01, 0xF0, 0x0F, 0xFF, 0x7F, 0xFF, 0xFF,
    0xFF, 0xFF, 0x3C, 0xE1, 0xEF, 0x8F, 0x7C, 0x39, 0xC0, 0x00, 0x3F, 0xFF, 0xFF, 0xFF, 0xFF, 0xFF,
    0xFF, 0xC0, 0x3E, 0x01, 0xF0, 0x0F, 0x80, 0x7F, 0xFF, 0xFF, 0xFF, 0xFF, 0xFF, 0xF7, 0xC0, 0x3E,
    0x01, 0xF0, 0x0F, 0xFF, 0x7F, 0xFF, 0xFF, 0xFF, 0xFF, 0x7F, 0xFF, 0x07, 0xFF, 0xF8, 0x3F, 0xFF,
    0xC1, 0xFF, 0xFE, 0x00, 0x3E, 0x00, 0x01, 0xF0, 0x00, 0x0F, 0x80, 0x00, 0x7C, 0xC0, 0x03, 0xFF,
    0xC0, 0x1F, 0xFF, 0x00, 0xFF, 0xFC, 0x07, 0xFF, 0xE0, 0x3E, 0x0F, 0x81, 0xF0, 0x7C, 0x0F, 0x83,
    0xE0, 0x7C, 0x1F, 0x03, 0xE1, 0xF0, 0x1F, 0x7F, 0x80, 0xFB, 0xF8, 0x00, 0x1F, 0x80, 0x00, 0xF0,
    0x00, 0x01, 0xE0, 0x1E, 0x00, 0xE0, 0x0F, 0x00, 0x00, 0x3F, 0xFB, 0xFF, 0xFF, 0xFF, 0xFF, 0xFF,
    0xC0, 0x3E, 0x01, 0xF0, 0x0F, 0x80, 0x7C, 0x03, 0xE0, 0x1F, 0x00, 0xF8, 0x07, 0xC0, 0x3E, 0x01,
    0xF0, 0x0F, 0x80, 0x7C, 0x03, 0xE0, 0x1F, 0x00, 0x03, 0xE0, 0x07, 0xFC, 0x07, 0xFF, 0x87, 0xFF,
    0xC7, 0xE3, 0xF7, 0xE0, 0x7B, 0xE0, 0x3F, 0xF0, 0x00, 0xFF, 0xE0, 0x7F, 0xF0, 0x3F, 0xF8, 0x1F,
    0xF8, 0x0F, 0x80, 0x77, 0xC0, 0x7D, 0xF0, 0x7C, 0xFE, 0xFE, 0x3F, 0xFE, 0x0F, 0xFE, 0x03, 0xFE,
    0x00, 0x38, 0x00, 0x07, 0xC0, 0x3F, 0xE1, 0xFF, 0xE3, 0xFF, 0xEF, 0x87, 0xDF, 0x07, 0xBE, 0x00,
    0x7E, 0x00, 0x7F, 0xC0, 0x7F, 0xE0, 0x7F, 0xF0, 0x1F, 0xE0, 0x07, 0xFE, 0x07, 0xFC, 0x0F, 0xFE,
    0x3E, 0xFF, 0xFC, 0xFF, 0xF0, 0x7F, 0xC0, 0x3C, 0x00, 0x77, 0xFF, 0xFF, 0xFF, 0xFF, 0xFF, 0xFF,
    0xFF, 0xFF, 0xFF, 0xFF, 0xFE, 0x73, 0xCF, 0x79, 0xEF, 0x38, 0xE0, 0x00, 0x1C, 0x07, 0xC0, 0xF8,
    0x1F, 0x03, 0xE0, 0x7C, 0x0F, 0x81, 0xF0, 0x3E, 0x07, 0xC0, 0xF8, 0x1F, 0x03, 0xE0, 0x7C, 0x0F,
    0x81, 0xF0, 0x3E, 0x07, 0xC0, 0xF8, 0x00, 0x78, 0x03, 0xC0, 0x1E, 0x00, 0xF0, 0x07, 0x80, 0x3C,
    0x01, 0xE0, 0x0F, 0x00, 0x78, 0x03, 0xC0, 0x1E, 0x00, 0xF7, 0x87, 0xFC, 0x3F, 0xE1, 0xEF, 0x9F,
    0x7F, 0xF9, 0xFF, 0x87, 0xF8, 0x0E, 0x00, 0x07, 0xFF, 0x80, 0x01, 0xFF, 0xF0, 0x00, 0x3F, 0xFE,
    0x00, 0x07, 0xFF, 0xC0, 0x00, 0xF0, 0x78, 0x00, 0x1E, 0x0F, 0x00, 0x03, 0xC1, 0xE0, 0x00, 0x78,
    0x3F, 0xF0, 0x0F, 0x07, 0xFF, 0x81, 0xE0, 0xFF, 0xF8, 0x3C, 0x1F, 0xFF, 0x8F, 0x83, 0xC1, 0xF1,
    0xF0, 0x78, 0x1E, 0x3E, 0x0F, 0x03, 0xC7, 0x81, 0xE0, 0xF9, 0xF0, 0x3C, 0x3F, 0xFE, 0x07, 0xFF,
    0xDF, 0x80, 0xFF, 0xF3, 0xE0, 0x1F, 0xFC, 0x00, 0x70, 0x0F, 0x00, 0x1F, 0x01, 0xE0, 0x03, 0xE0,
    0x3C, 0x00, 0x7C, 0x07, 0x80, 0x0F, 0x80, 0xF0, 0x01, 0xF0, 0x1E, 0x00, 0x3E, 0x03, 0xC0, 0x07,
    0xFF, 0xFF, 0xF0, 0xFF, 0xFF, 0xFF, 0x1F, 0xFF, 0xFF, 0xF3, 0xFF, 0xFF, 0xFF, 0x7C, 0x07, 0x81,
    0xEF, 0x80, 0xF0, 0x3D, 0xF0, 0x1E, 0x07, 0xBE, 0x03, 0xC0, 0xF7, 0xC0, 0x78, 0x7E, 0xF8, 0x0F,
    0xFF, 0x9F, 0x01, 0xFF, 0xF3, 0xE0, 0x3F, 0xF8, 0x00, 0x7F, 0xFF, 0x07, 0xFF, 0xFC, 0x3F, 0xFF,
    0xE1, 0xFF, 0xFF, 0x00, 0x3E, 0x00, 0x01, 0xF0, 0x00, 0x0F, 0x80, 0x00, 0x7C, 0xE0, 0x03, 0xFF,
    0xE0, 0x1F, 0xFF, 0x80, 0xFF, 0xFC, 0x07, 0xC3, 0xF0, 0x3E, 0x0F, 0x81, 0xF0, 0x3C, 0x0F, 0x81,
    0xE0, 0x7C, 0x0F, 0x03, 0xE0, 0x78, 0x1F, 0x03, 0xC0, 0xF8, 0x1E, 0x01, 0xE0, 0x00, 0xF0, 0x00,
    0xF0, 0x00, 0x70, 0x00, 0x00, 0x03, 0x80, 0x7B, 0xE0, 0x7D, 0xF0, 0x7C, 0xF8, 0x7C, 0x7C, 0x3E,
    0x3E, 0x3E, 0x1F, 0x3E, 0x0F, 0xBE, 0x07, 0xFF, 0x03, 0xFF, 0x01, 0xFF, 0x80, 0xFF, 0xE0, 0x7C,
    0xF8, 0x3E, 0x3E, 0x1F, 0x1F, 0x0F, 0x87, 0xC7, 0xC1, 0xF3, 0xE0, 0xFD, 0xF0, 0x3E, 0x0F, 0x00,
    0x03, 0xC0, 0x00, 0xE0, 0x00, 0x78, 0x00, 0x00, 0x03, 0x80, 0x7B, 0xE0, 0x7F, 0xF0, 0x3F, 0xF8,
    0x3F, 0xFC, 0x3F, 0xFE, 0x1F, 0xFF, 0x1F, 0xFF, 0x8F, 0xFF, 0xCF, 0xFF, 0xEF, 0xBF, 0xF7, 0x9F,
    0xFF, 0xCF, 0xFF, 0xC7, 0xFF, 0xE3, 0xFF, 0xE1, 0xFF, 0xE0, 0xFF, 0xF0, 0x7F, 0xF0, 0x3F, 0xF0,
    0x1F, 0x0E, 0x38, 0x07, 0xFC, 0x01, 0xFC, 0x00, 0x7C, 0x00, 0x00, 0x03, 0xC0, 0x3B, 0xF0, 0x3E,
    0xF8, 0x3E, 0x7C, 0x1F, 0x1F, 0x0F, 0x0F, 0x8F, 0x83, 0xE7, 0xC1, 0xF7, 0xC0, 0x7B, 0xE0, 0x3F,
    0xE0, 0x0F, 0xF0, 0x07, 0xF0, 0x01, 0xF8, 0x00, 0xF8, 0x00, 0x7C, 0x01, 0xFE, 0x00, 0xFE, 0x00,
    0x7E, 0x00, 0x3E, 0x00, 0x70, 0x0E, 0xF8, 0x1F, 0xF8, 0x1F, 0xF8, 0x1F, 0xF8, 0x1F, 0xF8, 0x1F,
    0xF8, 0x1F, 0xF8, 0x1F, 0xF8, 0x1F, 0xF8, 0x1F, 0xF8, 0x1F, 0xF8, 0x1F, 0xF8, 0x1F, 0xF8, 0x1F,
    0xF8, 0x1F, 0xF8, 0x1F, 0xFF, 0xFF, 0xFF, 0xFF, 0xFF, 0xFF, 0x03, 0xC0, 0x03, 0xC0, 0x03, 0xC0,
    0x03, 0xC0, 0x01, 0xE0, 0x00, 0xFC, 0x00, 0x3F, 0x80, 0x1F, 0xE0, 0x07, 0xF8, 0x01, 0xFF, 0x00,
    0xFF, 0xC0, 0x3E, 0xF0, 0x0F, 0x3E, 0x07, 0xCF, 0x81, 0xF1, 0xE0, 0x7C, 0x7C, 0x3F, 0xFF, 0x0F,
    0xFF, 0xC3, 0xFF, 0xF9, 0xF0, 0x3E, 0x7C, 0x07, 0xDE, 0x01, 0xFF, 0x80, 0x7C, 0x7F, 0xF1, 0xFF,
    0xF3, 0xFF, 0xE7, 0xFF, 0xCF, 0x80, 0x1F, 0x00, 0x3E, 0x00, 0x7C, 0x00, 0xFF, 0xE1, 0xFF, 0xF3,
    0xFF, 0xF7, 0xC3, 0xEF, 0x83, 0xDF, 0x07, 0xFE, 0x0F, 0x7C, 0x3E, 0xFF, 0xFD, 0xFF, 0xF3, 0xFF,
    0xC0, 0x7F, 0x81, 0xFF, 0xE3, 0xFF, 0xE7, 0xFF, 0xEF, 0x87, 0xDF, 0x07, 0xBE, 0x0F, 0x7C, 0x3E,
    0xFF, 0xF9, 0xFF, 0xE3, 0xFF, 0xF7, 0xC7, 0xEF, 0x83, 0xFF, 0x07, 0xFE, 0x0F, 0xFC, 0x7F, 0xFF,
    0xFD, 0xFF, 0xFB, 0xFF, 0xC0, 0x7F, 0xF7, 0xFF, 0xFF, 0xFF, 0xFF, 0xFF, 0x80, 0x7C, 0x03, 0xE0,
    0x1F, 0x00, 0xF8, 0x07, 0xC0, 0x3E, 0x01, 0xF0, 0x0F, 0x80, 0x7C, 0x03, 0xE0, 0x1F, 0x00, 0xF8,
    0x07, 0xC0, 0x3E, 0x00, 0x03, 0xFF, 0xC0, 0x3F, 0xFF, 0x01, 0xFF, 0xF8, 0x0F, 0xFF, 0xC0, 0x78,
    0x3E, 0x03, 0xC1, 0xF0, 0x1E, 0x0F, 0x80, 0xF0, 0x7C, 0x07, 0x83, 0xE0, 0x3C, 0x1F, 0x03, 0xE0,
    0xF8, 0x1F, 0x07, 0xC0, 0xF0, 0x3E, 0x07, 0x81, 0xF0, 0x7C, 0x0F, 0x87, 0xE0, 0x7C, 0xFF, 0xFF,
    0xFF, 0xFF, 0xFF, 0xFF, 0xFF, 0xFF, 0xF0, 0x00, 0xFF, 0x80, 0x07, 0xFC, 0x00, 0x3F, 0xE0, 0x01,
    0xE0, 0x7F, 0xFF, 0xFF, 0xFF, 0xFF, 0xFF, 0xFF, 0x80, 0x7C, 0x03, 0xE0, 0x1F, 0x00, 0xFF, 0xFF,
    0xFF, 0xFF, 0xFF, 0xFF, 0xEF, 0x80, 0x7C, 0x03, 0xE0, 0x1F, 0xFE, 0xFF, 0xFF, 0xFF, 0xFF, 0xFE,
    0x78, 0x1E, 0x07, 0x9F, 0x07, 0x83, 0xF7, 0xE1, 0xE0, 0xF8, 0xF8, 0x78, 0x7C, 0x1F, 0x1E, 0x1F,
    0x07, 0xC7, 0x8F, 0x80, 0xF9, 0xE3, 0xE0, 0x1E, 0x79, 0xF0, 0x07, 0xFF, 0xF8, 0x00, 0xFF, 0xFE,
    0x00, 0x7F, 0xFF, 0x80, 0x1F, 0xFF, 0xF0, 0x0F, 0x9E, 0x3C, 0x07, 0xC7, 0x8F, 0x81, 0xF1, 0xE1,
    0xF0, 0xF8, 0x78, 0x7C, 0x3E, 0x1E, 0x0F, 0x9F, 0x07, 0x83, 0xEF, 0xC1, 0xE0, 0x7C, 0x07, 0x80,
    0x7F, 0x87, 0xFF, 0x9F, 0xFE, 0xF8, 0x7F, 0xE1, 0xF0, 0x07, 0xC0, 0x3E, 0x07, 0xF8, 0x1F, 0x80,
    0x7F, 0x80, 0x7F, 0x00, 0x7F, 0xC0, 0xFF, 0x03, 0xFE, 0x1F, 0x7F, 0xFD, 0xFF, 0xE1, 0xFE, 0x01,
    0xE0, 0x70, 0x0F, 0x7C, 0x0F, 0xFE, 0x07, 0xFF, 0x07, 0xFF, 0x87, 0xFF, 0xC3, 0xFF, 0xE3, 0xFF,
    0xF1, 0xFF, 0xF9, 0xFF, 0xFD, 0xF7, 0xFE, 0xF3, 0xFF, 0xF9, 0xFF, 0xF8, 0xFF, 0xFC, 0x7F, 0xFC,
    0x3F, 0xFC, 0x1F, 0xFE, 0x0F, 0xFE, 0x07, 0xFE, 0x03, 0xE0, 0x0E, 0x38, 0x07, 0xF8, 0x03, 0xFC,
    0x00, 0x7C, 0x00, 0x00, 0x03, 0x80, 0x7B, 0xE0, 0x7F, 0xF0, 0x3F, 0xF8, 0x3F, 0xFC, 0x3F, 0xFE,
    0x1F, 0xFF, 0x1F, 0xFF, 0x8F, 0xFF, 0xCF, 0xFF, 0xEF, 0xBF, 0xF7, 0x9F, 0xFF, 0xCF, 0xFF, 0xC7,
    0xFF, 0xE3, 0xFF, 0xE1, 0xFF, 0xE0, 0xFF, 0xF0, 0x7F, 0xF0, 0x3F, 0xF0, 0x1F, 0x70, 0x0F, 0x7C,
    0x0F, 0xBE, 0x0F, 0x9F, 0x0F, 0x8F, 0x87, 0xC7, 0xC7, 0xC3, 0xE7, 0xC1, 0xF7, 0xC0, 0xFF, 0xE0,
    0x7F, 0xE0, 0x3F, 0xF0, 0x1F, 0xFC, 0x0F, 0x9F, 0x07, 0xC7, 0xC3, 0xE3, 0xE1, 0xF0, 0xF8, 0xF8,
    0x3E, 0x7C, 0x1F, 0xBE, 0x07, 0xC0, 0x07, 0xFF, 0x83, 0xFF, 0xE0, 0xFF, 0xF8, 0x3F, 0xFE, 0x0F,
    0x07, 0x83, 0xC1, 0xE0, 0xF0, 0x78, 0x3C, 0x1E, 0x0F, 0x07, 0x83, 0xC1, 0xE0, 0xF0, 0x78, 0x7C,
    0x1E, 0x1F, 0x07, 0x87, 0xC1, 0xE1, 0xE0, 0x79, 0xF8, 0x1E, 0xFE, 0x07, 0xBF, 0x01, 0xEF, 0x80,
    0x78, 0x7C, 0x01, 0xF7, 0xF0, 0x1F, 0xFF, 0x80, 0xFF, 0xFE, 0x07, 0xFF, 0xF0, 0x7F, 0xFF, 0x83,
    0xFF, 0xFE, 0x3F, 0xFF, 0xF1, 0xFF, 0xFF, 0x8F, 0xFF, 0xFE, 0xFF, 0xFE, 0xF7, 0xBF, 0xF7, 0xBD,
    0xFF, 0xBD, 0xEF, 0xFC, 0xFE, 0x7F, 0xE7, 0xF3, 0xFF, 0x3F, 0x9F, 0xF8, 0xF8, 0xFF, 0xC7, 0xC7,
    0xFE, 0x3E, 0x3E, 0x70, 0x0F, 0xF8, 0x0F, 0xF8, 0x0F, 0xF8, 0x0F, 0xF8, 0x0F, 0xF8, 0x0F, 0xF8,
    0x0F, 0xF8, 0x0F, 0xFF, 0xFF, 0xFF, 0xFF, 0xFF, 0xFF, 0xFF, 0xFF, 0xF8, 0x0F, 0xF8, 0x0F, 0xF8,
    0x0F, 0xF8, 0x0F, 0xF8, 0x0F, 0xF8, 0x0F, 0xF8, 0x0F, 0x03, 0xE0, 0x03, 0xFE, 0x01, 0xFF, 0xE0,
    0xFF, 0xF8, 0x7E, 0x3F, 0x3F, 0x03, 0xEF, 0x80, 0xFB, 0xE0, 0x1E, 0xF0, 0x07, 0xBC, 0x01, 0xEF,
    0x00, 0x7B, 0xC0, 0x1E, 0xF8, 0x07, 0xBE, 0x03, 0xE7, 0xC1, 0xF9, 0xFD, 0xFC, 0x3F, 0xFE, 0x07,
    0xFF, 0x00, 0xFF, 0x80, 0x07, 0x00, 0x7F, 0xFF, 0xFF, 0xFF, 0xFF, 0xFF, 0xFF, 0xFF, 0xF8, 0x0F,
    0xF8, 0x0F, 0xF8, 0x0F, 0xF8, 0x0F, 0xF8, 0x0F, 0xF8, 0x0F, 0xF8, 0x0F, 0xF8, 0x0F, 0xF8, 0x0F,
    0xF8, 0x0F, 0xF8, 0x0F, 0xF8, 0x0F, 0xF8, 0x0F, 0xF8, 0x0F, 0xF8, 0x0F, 0x7F, 0x81, 0xFF, 0xE3,
    0xFF, 0xE7, 0xFF, 0xEF, 0x87, 0xDF, 0x07, 0xBE, 0x0F, 0xFC, 0x1F, 0xF8, 0x3D, 0xF1, 0xFB, 0xFF,
    0xF7, 0xFF, 0xCF, 0xFE, 0x1F, 0x00, 0x3E, 0x00, 0x7C, 0x00, 0xF8, 0x01, 0xF0, 0x03, 0xE0, 0x00,
    0x03, 0xE0, 0x07, 0xFC, 0x07, 0xFF, 0x87, 0xFF, 0xC7, 0xE3, 0xF7, 0xE0, 0x7B, 0xE0, 0x3F, 0xF0,
    0x00, 0xF0, 0x00, 0x78, 0x00, 0x3C, 0x00, 0x1E, 0x00, 0x0F, 0x80, 0x77, 0xC0, 0x7D, 0xF0, 0x7C,
    0xFE, 0xFE, 0x3F, 0xFE, 0x0F, 0xFE, 0x03, 0xFE, 0x00, 0x38, 0x00, 0x7F, 0xFF, 0xFF, 0xFF, 0xFF,
    0xFF, 0xFF, 0xFF, 0x03, 0xE0, 0x03, 0xE0, 0x03, 0xE0, 0x03, 0xE0, 0x03, 0xE0, 0x03, 0xE0, 0x03,
    0xE0, 0x03, 0xE0, 0x03, 0xE0, 0x03, 0xE0, 0x03, 0xE0, 0x03, 0xE0, 0x03, 0xE0, 0x03, 0xE0, 0x03,
    0xE0, 0x78, 0x07, 0x7E, 0x07, 0xDF, 0x07, 0xCF, 0x83, 0xE3, 0xE1, 0xE1, 0xF1, 0xF0, 0x7C, 0xF8,
    0x3E, 0xF8, 0x0F, 0x7C, 0x07, 0xFC, 0x01, 0xFE, 0x00, 0xFE, 0x00, 0x3F, 0x00, 0x1F, 0x00, 0x0F,
    0x80, 0x3F, 0xC0, 0x1F, 0xC0, 0x0F, 0xC0, 0x07, 0xC0, 0x00, 0x00, 0xE0, 0x00, 0x3E, 0x00, 0x07,
    0xC0, 0x07, 0xFF, 0x01, 0xFF, 0xF0, 0x7F, 0xFF, 0x1F, 0xFF, 0xF7, 0xCF, 0x9F, 0xF9, 0xF3, 0xFE,
    0x3E, 0x3F, 0xC7, 0xC7, 0xF8, 0xF8, 0xFF, 0x1F, 0x1F, 0xF3, 0xE7, 0xFF, 0x7D, 0xF3, 0xFF, 0xFE,
    0x3F, 0xFF, 0x83, 0xFF, 0xE0, 0x1F, 0xF0, 0x00, 0xF8, 0x00, 0x1F, 0x00, 0x00, 0x00, 0x00, 0x78,
    0x07, 0x9F, 0x03, 0xE3, 0xE1, 0xF0, 0xFC, 0x7C, 0x1F, 0x3E, 0x03, 0xEF, 0x00, 0xFF, 0xC0, 0x1F,
    0xE0, 0x03, 0xF0, 0x00, 0xFC, 0x00, 0x3F, 0x00, 0x1F, 0xE0, 0x07, 0xFC, 0x03, 0xFF, 0x01, 0xF3,
    0xE0, 0x7C, 0x7C, 0x3E, 0x1F, 0x1F, 0x03, 0xEF, 0xC0, 0x7C, 0x70, 0x0E, 0x3E, 0x07, 0xCF, 0x81,
    0xF3, 0xE0, 0x7C, 0xF8, 0x1F, 0x3E, 0x07, 0xCF, 0x81, 0xF3, 0xE0, 0x7C, 0xF8, 0x1F, 0x3E, 0x07,
    0xCF, 0x81, 0xF3, 0xE0, 0x7C, 0xF8, 0x1F, 0x3E, 0x07, 0xCF, 0x81, 0xF3, 0xE0, 0x7C, 0xFF, 0xFF,
    0xFF, 0xFF, 0xFF, 0xFF, 0xFC, 0x00, 0x1F, 0x00, 0x07, 0xC0, 0x01, 0xF0, 0x00, 0x7C, 0x70, 0x1F,
    0xF0, 0x3F, 0xE0, 0x7F, 0xC0, 0xFF, 0x81, 0xFF, 0x03, 0xFE, 0x07, 0xFC, 0x0F, 0xF8, 0x1E, 0xFF,
    0xFD, 0xFF, 0xF9, 0xFF, 0xF0, 0xFD, 0xE0, 0x03, 0xC0, 0x07, 0x80, 0x0F, 0x00, 0x1E, 0x00, 0x3C,
    0x00, 0x78, 0x70, 0x38, 0x3F, 0xE1, 0xF0, 0xFF, 0x87, 0xC3, 0xFE, 0x1F, 0x0F, 0xF8, 0x7C, 0x3F,
    0xE1, 0xF0, 0xFF, 0x87, 0xC3, 0xFE, 0x1F, 0x0F, 0xF8, 0x7C, 0x3F, 0xE1, 0xF0, 0xFF, 0x87, 0xC3,
    0xFE, 0x1F, 0x0F, 0xF8, 0x7C, 0x3F, 0xE1, 0xF0, 0xFF, 0x87, 0xC3, 0xFE, 0x1F, 0x0F, 0xFF, 0xFF,
    0xFF, 0xFF, 0xFF, 0xFF, 0xFF, 0xFF, 0xC0, 0x70, 0x38, 0x3C, 0xF8, 0x7C, 0x3C, 0xF8, 0x7C, 0x3C,
    0xF8, 0x7C, 0x3C, 0xF8, 0x7C, 0x3C, 0xF8, 0x7C, 0x3C, 0xF8, 0x7C, 0x3C, 0xF8, 0x7C, 0x3C, 0xF8,
    0x7C, 0x3C, 0xF8, 0x7C, 0x3C, 0xF8, 0x7C, 0x3C, 0xF8, 0x7C, 0x3C, 0xF8, 0x7C, 0x3C, 0xF8, 0x7C,
    0x3C, 0xF8, 0x7C, 0x3C, 0xF8, 0x7C, 0x3C, 0xFF, 0xFF, 0xFF, 0xFF, 0xFF, 0xFF, 0xFF, 0xFF, 0xFF,
    0x00, 0x00, 0x0F, 0x00, 0x00, 0x0F, 0x00, 0x00, 0x0F, 0x00, 0x00, 0x0F, 0x7F, 0x80, 0x0F, 0xFC,
    0x00, 0xFF, 0xC0, 0x0F, 0xFC, 0x00, 0x07, 0xC0, 0x00, 0x7C, 0x00, 0x07, 0xC0, 0x00, 0x7F, 0xF0,
    0x07, 0xFF, 0xC0, 0x7F, 0xFE, 0x07, 0xFF, 0xF0, 0x7C, 0x1F, 0x07, 0xC0, 0xF0, 0x7C, 0x0F, 0x07,
    0xC1, 0xF0, 0x7C, 0x3F, 0x07, 0xFF, 0xE0, 0x7F, 0xFC, 0x07, 0xFF, 0x80, 0x70, 0x00, 0x77, 0xC0,
    0x07, 0xFE, 0x00, 0x3F, 0xF0, 0x01, 0xFF, 0x80, 0x0F, 0xFC, 0x00, 0x7F, 0xE0, 0x03, 0xFF, 0xFC,
    0x1F, 0xFF, 0xF8, 0xFF, 0xFF, 0xE7, 0xFF, 0xFF, 0x3F, 0xF0, 0x7D, 0xFF, 0x83, 0xEF, 0xFC, 0x1F,
    0x7F, 0xE0, 0xFB, 0xFF, 0x1F, 0x9F, 0xFF, 0xFC, 0xFF, 0xFF, 0xC7, 0xFF, 0xFC, 0x3E, 0x70, 0x01,
    0xF0, 0x03, 0xE0, 0x07, 0xC0, 0x0F, 0x80, 0x1F, 0x00, 0x3E, 0x00, 0x7F, 0xF0, 0xFF, 0xF9, 0xFF,
    0xFB, 0xFF, 0xF7, 0xC1, 0xFF, 0x83, 0xFF, 0x07, 0xFE, 0x0F, 0xFC, 0x7E, 0xFF, 0xFD, 0xFF, 0xF3,
    0xFF, 0xC0, 0x03, 0xE0, 0x03, 0xFF, 0x01, 0xFF, 0xE0, 0xFF, 0xFC, 0x7E, 0x1F, 0x1F, 0x03, 0xE7,
    0x80, 0x78, 0x00, 0x1F, 0x01, 0xFF, 0xC0, 0x7F, 0xF0, 0x1F, 0xFC, 0x07, 0xFF, 0x78, 0x07, 0x9E,
    0x03, 0xE7, 0xC0, 0xF8, 0xFC, 0xFC, 0x3F, 0xFF, 0x07, 0xFF, 0x80, 0xFF, 0x80, 0x07, 0x00, 0x70,
    0x07, 0xC0, 0xF8, 0x1F, 0xF0, 0xF8, 0x7F, 0xF8, 0xF8, 0xFF, 0xFC, 0xF8, 0xFC, 0x7E, 0xF9, 0xF0,
    0x3E, 0xF9, 0xF0, 0x1F, 0xF9, 0xE0, 0x1F, 0xFF, 0xE0, 0x0F, 0xFF, 0xE0, 0x0F, 0xFF, 0xE0, 0x0F,
    0xFF, 0xE0, 0x0F, 0xF9, 0xE0, 0x1F, 0xF9, 0xF0, 0x1F, 0xF9, 0xF8, 0x3E, 0xF8, 0xFE, 0xFE, 0xF8,
    0x7F, 0xFC, 0xF8, 0x3F, 0xF8, 0xF8, 0x1F, 0xF0, 0x00, 0x03, 0x80, 0x01, 0xFE, 0x1F, 0xFC, 0xFF,
    0xF9, 0xFF, 0xF7, 0xE1, 0xEF, 0x83, 0xDE, 0x07, 0xBC, 0x0F, 0x7C, 0x1E, 0xFF, 0xFC, 0xFF, 0xF8,
    0xFF, 0xF0, 0xFF, 0xE3, 0xE3, 0xC7, 0x87, 0x9F, 0x0F, 0x7C, 0x1E, 0xF8, 0x3F, 0xE0, 0x78, 0x0F,
    0xC1, 0xFF, 0x8F, 0xFE, 0xF9, 0xF7, 0x87, 0x80, 0x7C, 0x7F, 0xEF, 0xFF, 0x7F, 0x7F, 0xC3, 0xFE,
    0x3E, 0xFF, 0xF7, 0xFF, 0x9F, 0xFC, 0x38, 0x00, 0x00, 0x18, 0x00, 0x78, 0x1F, 0xF0, 0x7F, 0xC3,
    0xFF, 0x07, 0xC0, 0x1E, 0x78, 0x3F, 0xF8, 0x7F, 0xF8, 0xFC, 0xF9, 0xE0, 0xF3, 0xC1, 0xE7, 0x83,
    0xEF, 0x07, 0x9E, 0x0F, 0x3E, 0x3E, 0x3F, 0xF8, 0x7F, 0xF0, 0x3F, 0xC0, 0x1C, 0x00, 0xFF, 0x87,
    0xFF, 0x3F, 0xFD, 0xFF, 0xEF, 0x0F, 0x78, 0xFB, 0xFF, 0x9F, 0xFC, 0xFF, 0xF7, 0x87, 0xFC, 0x3F,
    0xFF, 0xFF, 0xFF, 0x7F, 0xF0, 0xFF, 0xFF, 0xFF, 0xFF, 0xFF, 0xF8, 0x3E, 0x0F, 0x83, 0xE0, 0xF8,
    0x3E, 0x0F, 0x83, 0xE0, 0xF8, 0x3E, 0x00, 0x1F, 0xFC, 0x1F, 0xFC, 0x1F, 0xFC, 0x1F, 0xFC, 0x1E,
    0x3C, 0x1E, 0x3C, 0x1E, 0x3C, 0x1E, 0x3C, 0x3C, 0x3C, 0x3C, 0x3C, 0x3C, 0x3C, 0xFF, 0xFF, 0xFF,
    0xFF, 0xFF, 0xFF, 0xF0, 0x0F, 0xF0, 0x0F, 0xF0, 0x0F, 0xF0, 0x0F, 0x07, 0xC0, 0x7F, 0xC3, 0xFF,
    0x9F, 0xBE, 0x78, 0x3D, 0xE0, 0xF7, 0xFF, 0xDF, 0xFF, 0x7F, 0xFD, 0xE0, 0x07, 0xC3, 0xCF, 0xFF,
    0x3F, 0xF8, 0x3F, 0xC0, 0x38, 0x00, 0xF8, 0x78, 0xFB, 0xE3, 0xC7, 0xDF, 0x1E, 0x7C, 0x7C, 0xF7,
    0xC1, 0xF7, 0xBC, 0x07, 0xFF, 0xE0, 0x3F, 0xFE, 0x00, 0xFF, 0xF0, 0x0F, 0xFF, 0xC0, 0xFB, 0xFE,
    0x0F, 0xDE, 0xF8, 0x7C, 0xF3, 0xE7, 0xC7, 0x9F, 0x7C, 0x3C, 0x7C, 0x0F, 0x81, 0xFF, 0x1F, 0xF8,
    0xFB, 0xE7, 0x8F, 0x00, 0xF8, 0x1F, 0x80, 0xFC, 0x07, 0xF3, 0x87, 0x9E, 0x3C, 0xFF, 0xE7, 0xFF,
    0x0F, 0xE0, 0x18, 0x00, 0xF0, 0x7F, 0xC3, 0xFE, 0x3F, 0xF3, 0xFF, 0x9F, 0xFD, 0xFF, 0xFF, 0xFF,
    0xFF, 0xFF, 0x7F, 0xF3, 0xFF, 0x9F, 0xF8, 0xFF, 0x87, 0xF8, 0x3C, 0x38, 0xE1, 0xFF, 0x07, 0xF0,
    0x1F, 0x00, 0x00, 0x78, 0x3F, 0xE1, 0xFF, 0x1F, 0xF9, 0xFF, 0xCF, 0xFE, 0xFF, 0xFF, 0xFF, 0xFF,
    0xFF, 0xBF, 0xF9, 0xFF, 0xCF, 0xFC, 0x7F, 0xC3, 0xFC, 0x1E, 0xF0, 0x7B, 0xE3, 0xEF, 0x9F, 0x3E,
    0xFC, 0xFB, 0xE3, 0xFF, 0x0F, 0xF8, 0x3F, 0xE0, 0xFF, 0xC3, 0xEF, 0x8F, 0xBE, 0x3E, 0x7C, 0xF8,
    0xFB, 0xE3, 0xE0, 0x1F, 0xFC, 0xFF, 0xF3, 0xFF, 0xCF, 0xFF, 0x3E, 0x7C, 0xF9, 0xF3, 0xE7, 0xCF,
    0x9F, 0x3C, 0x7C, 0xF1, 0xF7, 0xC7, 0xFF, 0x1F, 0xF8, 0x7F, 0xC1, 0xF0, 0xFC, 0x0F, 0xFF, 0x87,
    0xFF, 0xE1, 0xFF, 0xF8, 0x7F, 0xFF, 0x3F, 0xFF, 0xCF, 0xFF, 0xFB, 0xFF, 0xDF, 0xEF, 0xF7, 0xFB,
    0xFD, 0xFE, 0xFF, 0x3F, 0x3F, 0xCF, 0xCF, 0xF1, 0xF3, 0xFC, 0x78, 0xF0, 0xF0, 0x7F, 0xC3, 0xFE,
    0x1F, 0xF0, 0xFF, 0x87, 0xFF, 0xFF, 0xFF, 0xFF, 0xFF, 0xFF, 0xFF, 0xC3, 0xFE, 0x1F, 0xF0, 0xFF,
    0x87, 0xFC, 0x3C, 0x07, 0xC0, 0x3F, 0xE0, 0xFF, 0xE3, 0xFF, 0xE7, 0xC7, 0xCF, 0x07, 0x9E, 0x0F,
    0xBC, 0x1F, 0x78, 0x3E, 0xF0, 0x79, 0xF1, 0xF1, 0xFF, 0xC3, 0xFF, 0x81, 0xFE, 0x00, 0xE0, 0x00,
    0xFF, 0xFF, 0xFF, 0xFF, 0xFF, 0xFF, 0xFF, 0x87, 0xFC, 0x3F, 0xE1, 0xFF, 0x0F, 0xF8, 0x7F, 0xC3,
    0xFE, 0x1F, 0xF0, 0xFF, 0x87, 0xFC, 0x3C, 0xF3, 0xC3, 0xFF, 0xCF, 0xFF, 0xBF, 0xFE, 0xF8, 0x7F,
    0xE1, 0xFF, 0x07, 0xFC, 0x0F, 0xF8, 0x7F, 0xE1, 0xFF, 0xCF, 0xFF, 0xFE, 0xFF, 0xF3, 0xFF, 0x8F,
    0x98, 0x3E, 0x00, 0xF8, 0x03, 0xE0, 0x0F, 0x80, 0x00, 0x00, 0x07, 0xC0, 0x7F, 0xC3, 0xFF, 0x9F,
    0xFF, 0x7C, 0x7D, 0xE0, 0xE7, 0x80, 0x1E, 0x00, 0x78, 0x01, 0xE0, 0xF7, 0xC7, 0xCF, 0xFE, 0x3F,
    0xF8, 0x3F, 0xC0, 0x38, 0x00, 0xFF, 0xFF, 0xFF, 0xFF, 0xFF, 0xFF, 0xF0, 0xF8, 0x07, 0xC0, 0x3E,
    0x01, 0xF0, 0x0F, 0x80, 0x7C, 0x03, 0xE0, 0x1F, 0x00, 0xF8, 0x07, 0xC0, 0xF8, 0x3F, 0xF0, 0x79,
    0xE0, 0xF3, 0xE3, 0xE7, 0xC7, 0x87, 0x8F, 0x0F, 0xBE, 0x0F, 0x78, 0x1E, 0xF0, 0x3F, 0xC0, 0x3F,
    0x80, 0x7F, 0x00, 0xFC, 0x00, 0xF8, 0x01, 0xF0, 0x03, 0xC0, 0x3F, 0x80, 0xFE, 0x01, 0xF8, 0x00,
    0xC0, 0x00, 0x00, 0xE0, 0x00, 0x3E, 0x00, 0x07, 0xC0, 0x00, 0xF8, 0x00, 0x1F, 0x00, 0x0F, 0xF8,
    0x07, 0xFF, 0xC1, 0xFF, 0xFC, 0x7F, 0xFF, 0xCF, 0xBE, 0x79, 0xE7, 0xCF, 0x3C, 0xF9, 0xF7, 0x9F,
    0x3E, 0xF3, 0xE7, 0xDE, 0x7C, 0xF3, 0xEF, 0xBE, 0x3F, 0xFF, 0xC3, 0xFF, 0xF0, 0x3F, 0xFC, 0x01,
    0xFC, 0x00, 0x1F, 0x00, 0x03, 0xE0, 0x00, 0x7C, 0x00, 0x0F, 0x80, 0x00, 0x00, 0x00, 0x78, 0x7D,
    0xF1, 0xE3, 0xCF, 0x8F, 0xBC, 0x1F, 0xE0, 0x7F, 0x80, 0xFC, 0x03, 0xF0, 0x0F, 0xE0, 0x7F, 0x83,
    0xFF, 0x0F, 0x3E, 0x7C, 0x7B, 0xE1, 0xF0, 0xF0, 0x79, 0xF0, 0xF3, 0xE1, 0xE7, 0xC3, 0xCF, 0x87,
    0x9F, 0x0F, 0x3E, 0x1E, 0x7C, 0x3C, 0xF8, 0x79, 0xF0, 0xF3, 0xE1, 0xE7, 0xFF, 0xFF, 0xFF, 0xFF,
    0xFF, 0xC0, 0x07, 0x80, 0x0F, 0x00, 0x1E, 0x00, 0x3C, 0xF0, 0xFF, 0xC7, 0xFE, 0x3F, 0xF1, 0xFF,
    0x8F, 0xFC, 0x7F, 0xE3, 0xEF, 0xFF, 0x7F, 0xF9, 0xFF, 0xC0, 0x3E, 0x01, 0xF0, 0x0F, 0x80, 0x7C,
    0xF0, 0xF1, 0xFF, 0x1E, 0x3F, 0xE3, 0xC7, 0xFC, 0x78, 0xFF, 0x8F, 0x1F, 0xF1, 0xE3, 0xFE, 0x3C,
    0x7F, 0xC7, 0x8F, 0xF8, 0xF1, 0xFF, 0x1E, 0x3F, 0xE3, 0xC7, 0xFF, 0xFF, 0xFF, 0xFF, 0xFF, 0xFF,
    0xFF, 0xC0, 0xF0, 0xF1, 0xE7, 0xC7, 0x8F, 0x3E, 0x3C, 0x79, 0xF1, 0xE3, 0xCF, 0x8F, 0x1E, 0x7C,
    0x78, 0xF3, 0xE3, 0xC7, 0x9F, 0x1E, 0x3C, 0xF8, 0xF1, 0xE7, 0xC7, 0x8F, 0x3E, 0x3C, 0x79, 0xFF,
    0xFF, 0xFF, 0xFF, 0xFF, 0xFF, 0xFF, 0xFC, 0x00, 0x01, 0xE0, 0x00, 0x0F, 0x00, 0x00, 0x78, 0x00,
    0x03, 0xC0, 0xFF, 0x00, 0xFF, 0x00, 0xFF, 0x00, 0xFF, 0x00, 0x1F, 0xF0, 0x1F, 0xFC, 0x1F, 0xFE,
    0x1F, 0xFF, 0x1F, 0x0F, 0x1F, 0x0F, 0x1F, 0x1F, 0x1F, 0xFF, 0x1F, 0xFE, 0x1F, 0xFC, 0xF0, 0x07,
    0xFE, 0x01, 0xFF, 0x80, 0x7F, 0xE0, 0x1F, 0xFF, 0x07, 0xFF, 0xF9, 0xFF, 0xFF, 0x7F, 0xFF, 0xFF,
    0xF8, 0xFF, 0xFE, 0x1F, 0xFF, 0x8F, 0xFF, 0xFF, 0xDF, 0xFF, 0xF7, 0xFF, 0xF9, 0xF0, 0xF0, 0x07,
    0xC0, 0x3E, 0x01, 0xF0, 0x0F, 0xF0, 0x7F, 0xF3, 0xFF, 0xDF, 0xFF, 0xF8, 0xFF, 0xC3, 0xFE, 0x3F,
    0xFF, 0xEF, 0xFF, 0x7F, 0xF0, 0x0F, 0xC0, 0xFF, 0xC3, 0xFF, 0x1F, 0xFE, 0x78, 0x7C, 0xC1, 0xF0,
    0x7F, 0xC1, 0xFF, 0x03, 0xFD, 0xE1, 0xF7, 0x87, 0x9F, 0xFE, 0x3F, 0xF0, 0x7F, 0x80, 0x70, 0x00,
    0xF0, 0x3F, 0x0F, 0x0F, 0xF8, 0xF1, 0xFF, 0xCF, 0x1F, 0xFE, 0xF3, 0xE1, 0xEF, 0xFE, 0x1F, 0xFF,
    0xC1, 0xFF, 0xFC, 0x1F, 0xFF, 0xC1, 0xFF, 0x3E, 0x1F, 0xF3, 0xE3, 0xEF, 0x1F, 0xFE, 0xF0, 0xFF,
    0xCF, 0x07, 0xF8, 0x00, 0x1C, 0x00, 0x0F, 0xF9, 0xFF, 0xDF, 0xFE, 0xFF, 0xF7, 0x87, 0xBC, 0x3D,
    0xFF, 0xEF, 0xFF, 0x3F, 0xF8, 0xFF, 0xCF, 0x9E, 0x78, 0xF7, 0xC7, 0xFC, 0x3C, 0x1F, 0x00, 0x3C,
    0x00, 0x78, 0x00, 0xE0, 0x00, 0x00, 0x1F, 0x01, 0xFF, 0x0F, 0xFE, 0x7E, 0xF9, 0xE0, 0xF7, 0x83,
    0xDF, 0xFF, 0x7F, 0xFD, 0xFF, 0xF7, 0x80, 0x1F, 0x0F, 0x3F, 0xFC, 0xFF, 0xE0, 0xFF, 0x00, 0xE0,
    0x1C, 0xF0, 0x7B, 0xC1, 0xEF, 0x07, 0x1C, 0x00, 0x00, 0x1F, 0x01, 0xFF, 0x0F, 0xFE, 0x7E, 0xF9,
    0xE0, 0xF7, 0x83, 0xDF, 0xFF, 0x7F, 0xFD, 0xFF, 0xF7, 0x80, 0x1F, 0x0F, 0x3F, 0xFC, 0xFF, 0xE0,
    0xFF, 0x00, 0xE0, 0x1C, 0x00, 0x78, 0x03, 0xFF, 0x07, 0xFE, 0x07, 0xFC, 0x07, 0x9F, 0x0F, 0xFF,
    0x1F, 0xFF, 0x3F, 0xFE, 0x7C, 0x7C, 0xF8, 0x79, 0xF0, 0xF3, 0xE1, 0xE7, 0xC3, 0xCF, 0x87, 0x9F,
    0x0F, 0x3E, 0x1E, 0x7C, 0x3C, 0xF8, 0x78, 0x00, 0xF0, 0x01, 0xE0, 0x1F, 0xC0, 0x3F, 0x80, 0x7E,
    0x00, 0x70, 0x07, 0x81, 0xC0, 0xF0, 0x38, 0x00, 0x3F, 0xFF, 0xFF, 0xFF, 0xFF, 0xFE, 0x0F, 0x83,
    0xE0, 0xF8, 0x3E, 0x0F, 0x83, 0xE0, 0xF8, 0x3E, 0x0F, 0x80, 0x07, 0xC0, 0x7F, 0xC3, 0xFF, 0x9F,
    0xFF, 0x7C, 0x3D, 0xE0, 0xE7, 0xF8, 0x1F, 0xE0, 0x7F, 0x81, 0xE0, 0xF7, 0xC7, 0xCF, 0xFE, 0x3F,
    0xF8, 0x3F, 0xC0, 0x38, 0x00, 0x0F, 0xC1, 0xFF, 0x9F, 0xFC, 0xF9, 0xF7, 0x87, 0x3F, 0x01, 0xFF,
    0x87, 0xFE, 0x0F, 0xF8, 0x87, 0xDE, 0x1E, 0xFF, 0xF3, 0xFF, 0x0F, 0xF0, 0x1E, 0x00, 0xF7, 0xFE,
    0xE0, 0x7B, 0xFF, 0xFF, 0xFF, 0xFF, 0xFF, 0xFF, 0xFF, 0xFE, 0x73, 0xFE, 0xF7, 0xBD, 0xC6, 0x00,
    0x07, 0x81, 0xF0, 0x7C, 0x1F, 0x07, 0xC1, 0xF0, 0x7C, 0x1F, 0x07, 0xC1, 0xF0, 0x7C, 0x1F, 0x07,
    0xC1, 0xF0, 0x3C, 0x7C, 0xF8, 0xE0, 0x07, 0x8F, 0x9F, 0x3E, 0x7C, 0xF9, 0xF3, 0xE7, 0xCF, 0x9F,
    0x3E, 0x7C, 0xF9, 0xF3, 0xDF, 0xBF, 0x7C, 0x00, 0x1F, 0xFC, 0x00, 0x3F, 0xF8, 0x00, 0x7F, 0xF0,
    0x00, 0xFF, 0xE0, 0x01, 0xE3, 0xFC, 0x03, 0xC7, 0xFF, 0x07, 0x8F, 0xFF, 0x1F, 0x1F, 0xFE, 0x3E,
    0x3C, 0x3E, 0x7C, 0x78, 0x7C, 0xF0, 0xF0, 0xFF, 0xE1, 0xFF, 0xEF, 0x83, 0xFF, 0xDF, 0x07, 0xFE,
    0x00, 0xF0, 0x78, 0x07, 0xC3, 0xC0, 0x3E, 0x1E, 0x01, 0xF0, 0xF0, 0x0F, 0x87, 0x80, 0x7F, 0xFF,
    0xE3, 0xFF, 0xFF, 0xDF, 0xFF, 0xFF, 0xFF, 0xFF, 0xFF, 0xC3, 0xC3, 0xFE, 0x1E, 0x1F, 0xF0, 0xFF,
    0xFF, 0x87, 0xFF, 0x7C, 0x3F, 0xF0, 0x1C, 0x00, 0xFF, 0x83, 0xFF, 0x07, 0xFE, 0x03, 0xC0, 0x07,
    0x9F, 0x0F, 0xFF, 0x1F, 0xFF, 0x3F, 0xFE, 0x7C, 0x7C, 0xF8, 0x79, 0xF0, 0xF3, 0xE1, 0xE7, 0xC3,
    0xCF, 0x87, 0x9F, 0x0F, 0x3E, 0x1E, 0x7C, 0x3C, 0xF8, 0x78, 0x03, 0xC0, 0x0E, 0x00, 0x78, 0x01,
    0xC0, 0x00, 0x03, 0xC1, 0xEF, 0x8F, 0xBE, 0x7C, 0xFB, 0xF3, 0xEF, 0x8F, 0xFC, 0x3F, 0xE0, 0xFF,
    0x83, 0xFF, 0x0F, 0xBE, 0x3E, 0xF8, 0xF9, 0xF3, 0xE3, 0xEF, 0x8F, 0x80, 0x1E, 0x00, 0xF0, 0x03,
    0xC0, 0x0E, 0x00, 0x00, 0x78, 0x3F, 0xE1, 0xFF, 0x1F, 0xF9, 0xFF, 0xCF, 0xFE, 0xFF, 0xFF, 0xFF,
    0xFF, 0xFF, 0xBF, 0xF9, 0xFF, 0xCF, 0xFC, 0x7F, 0xC3, 0xFC, 0x1E, 0x1C, 0x70, 0x3F, 0xE0, 0x3F,
    0x80, 0x3E, 0x00, 0x00, 0x1F, 0x07, 0xFE, 0x0F, 0x3C, 0x1E, 0x7C, 0x7C, 0xF8, 0xF0, 0xF1, 0xE1,
    0xF7, 0xC1, 0xEF, 0x03, 0xDE, 0x07, 0xF8, 0x07, 0xF0, 0x0F, 0xE0, 0x1F, 0x80, 0x1F, 0x00, 0x3E,
    0x00, 0x78, 0x07, 0xF0, 0x1F, 0xC0, 0x3F, 0x00, 0x18, 0x00, 0xF0, 0x7F, 0xC3, 0xFE, 0x1F, 0xF0,
    0xFF, 0x87, 0xFC, 0x3F, 0xE1, 0xFF, 0x0F, 0xF8, 0x7F, 0xC3, 0xFE, 0x1F, 0xFF, 0xFF, 0xFF, 0xFF,
    0xFC, 0x3E, 0x01, 0xF0, 0x0F, 0x80, 0x7C, 0x00, 0x70, 0x78, 0x3F, 0xE1, 0xE0, 0xFF, 0x87, 0x83,
    0xFE, 0x1E, 0x0F, 0xF8, 0x78, 0x3F, 0xE1, 0xE0, 0xFF, 0x87, 0x83, 0xFE, 0x1E, 0x0F, 0xF8, 0x78,
    0x3F, 0xE1, 0xE0, 0xFF, 0x87, 0x83, 0xFE, 0x1E, 0x0F, 0xF8, 0x78, 0x3F, 0xE1, 0xE0, 0xFF, 0x87,
    0xC7, 0xDF, 0x3F, 0x1F, 0x7F, 0xFF, 0xF8, 0xFF, 0xFF, 0xE1, 0xFC, 0xFE, 0x01, 0xC0, 0xE0, 0xF0,
    0xF1, 0xFF, 0x8F, 0x1F, 0xF8, 0xF1, 0xFF, 0x8F, 0x1F, 0xF8, 0xF1, 0xFF, 0x8F, 0x1F, 0xF8, 0xF1,
    0xFF, 0x8F, 0x1F, 0xF8, 0xF1, 0xFF, 0x8F, 0x1F, 0xF9, 0xF9, 0xF7, 0xFF, 0xFE, 0x7F, 0xFF, 0xE3,
    0xF9, 0xFC, 0x0E, 0x07, 0x00, 0x1C, 0x00, 0x1F, 0x00, 0x3F, 0xF8, 0x1F, 0xFC, 0x0F, 0xFE, 0x03,
    0xFF, 0x00, 0xF8, 0x00, 0x7F, 0xF0, 0x3F, 0xFE, 0x1F, 0xFF, 0x8F, 0xFF, 0xE7, 0xC1, 0xF3, 0xE0,
    0x79, 0xF0, 0x3C, 0xF8, 0x3E, 0x7C, 0x3F, 0x3F, 0xFF, 0x1F, 0xFF, 0x0F, 0xFF, 0x00, 0x1C, 0x00,
    0x3C, 0x00, 0x78, 0x00, 0xF0, 0x01, 0xE0, 0x1F, 0xFC, 0x3F, 0xF8, 0x7F, 0xF0, 0x1E, 0x00, 0x3F,
    0xC0, 0x7F, 0xE0, 0xFF, 0xE1, 0xFF, 0xE3, 0xC3, 0xC7, 0x87, 0x8F, 0x1F, 0x1F, 0xFE, 0x3F, 0xF8,
    0x7F, 0xE0, 0x70, 0x07, 0xC1, 0xF0, 0x3F, 0xE3, 0xE1, 0xFF, 0xE7, 0xC7, 0xFF, 0xEF, 0x8F, 0xC7,
    0xFF, 0x3E, 0x07, 0xFE, 0x7C, 0x07, 0xFC, 0xF0, 0x00, 0xFF, 0xFF, 0x01, 0xFF, 0xFF, 0x03, 0xFF,
    0xFE, 0x07, 0xFF, 0xF8, 0x0F, 0x9E, 0x00, 0x1F, 0x3E, 0x03, 0xFE, 0x7C, 0x0F, 0xFC, 0x7F, 0x7E,
    0xF8, 0x7F, 0xFD, 0xF0, 0x7F, 0xF3, 0xE0, 0x7F, 0xC0, 0x00, 0x1C, 0x00, 0xF0, 0x3F, 0x1F, 0x1F,
    0xF3, 0xE7, 0xFF, 0x7C, 0xFF, 0xFF, 0xBE, 0x3F, 0xF7, 0x83, 0xFF, 0xFF, 0x07, 0xFF, 0xE0, 0xFF,
    0xFC, 0x1F, 0x78, 0x3F, 0xEF, 0x8F, 0xFC, 0xFF, 0xEF, 0x9F, 0xFD, 0xF0, 0xFF, 0x00, 0x07, 0x00,
    0x01, 0xE0, 0x00, 0xFC, 0x00, 0x3F, 0x80, 0x1F, 0xE0, 0x07, 0xF8, 0x01, 0xFF, 0x00, 0xFF, 0xC0,
    0x3E, 0xF0, 0x0F, 0x3E, 0x07, 0xCF, 0x81, 0xF1, 0xE0, 0x7F, 0xFC, 0x3F, 0xFF, 0x0F, 0xFF, 0xC3,
    0xDE, 0xF9, 0xF7, 0xBE, 0x7D, 0xE7, 0xDE, 0x79, 0xFF, 0x9E, 0x7C, 0x07, 0xC0, 0x0F, 0x80, 0x3F,
    0x00, 0x7F, 0x00, 0xFE, 0x03, 0xFC, 0x07, 0xBC, 0x1F, 0x78, 0x3F, 0xF8, 0x7F, 0xF1, 0xFF, 0xE3,
    0xDF, 0xE7, 0xBB, 0xDE, 0x77, 0xC0, 0x70, 0x0F, 0x80, 0xF8, 0x1F, 0x80, 0xF8, 0x1F, 0xC0, 0xF8,
    0x1F, 0xC0, 0xF8, 0x3F, 0xE0, 0xF8, 0x3F, 0xE0, 0xF8, 0x3D, 0xE0, 0xF8, 0x7D, 0xF0, 0xF8, 0x7D,
    0xF0, 0xF8, 0x78, 0xF0, 0xF8, 0xF8, 0xF8, 0xFF, 0xFF, 0xF8, 0xFF, 0xFF, 0xF8, 0xFF, 0xFF, 0xFC,
    0xF9, 0xF7, 0x7C, 0xF9, 0xE7, 0x3C, 0xFB, 0xE7, 0x3E, 0xFB, 0xE7, 0x3E, 0xFB, 0xC7, 0x1E, 0xF0,
    0x3E, 0x0F, 0x83, 0xE0, 0xF8, 0x7E, 0x0F, 0x87, 0xF0, 0xF8, 0x7F, 0x0F, 0x8F, 0xF8, 0xF8, 0xF7,
    0x8F, 0xFF, 0x78, 0xFF, 0xFF, 0xCF, 0xFF, 0xFC, 0xFB, 0xFF, 0xCF, 0xBD, 0xDE, 0xFB, 0xDD, 0xEF,
    0xFD, 0xDF, 0x3F, 0xFF, 0xC3, 0xFF, 0xFC, 0x3F, 0xFF, 0xC1, 0xFF, 0xF8, 0x0F, 0x0F, 0x00, 0xF0,
    0xF0, 0x07, 0x9E, 0x00, 0x7F, 0xE0, 0x03, 0xFC, 0x01, 0xFF, 0xF8, 0x3F, 0xFF, 0xC7, 0xFF, 0xFE,
    0x7C, 0xF3, 0xEF, 0x8F, 0x1F, 0xF8, 0xF1, 0xFF, 0x8F, 0x1F, 0xF8, 0xF1, 0xFF, 0x8F, 0x1F, 0xF8,
    0xF1, 0xF0, 0x7F, 0xFE, 0x1F, 0xFF, 0x0F, 0xFF, 0x83, 0xC7, 0x81, 0xF7, 0x80, 0x7B, 0xC0, 0x3F,
    0xE0, 0x7F, 0xFC, 0x7F, 0xFF, 0x7F, 0xFF, 0xBC, 0xF3, 0xFE, 0x79, 0xFF, 0x3C, 0xFF, 0x9E, 0x7C,
    0x70, 0x7F, 0xFF, 0x9F, 0x0F, 0xFF, 0xFB, 0xE0, 0xFF, 0xFE, 0x7C, 0x1F, 0xFF, 0x8F, 0x81, 0xE0,
    0xF1, 0xF0, 0x1E, 0x3C, 0x3E, 0x03, 0xEF, 0x87, 0xC0, 0x3D, 0xE0, 0xF8, 0x07, 0xF8, 0x1F, 0xFF,
    0xFF, 0xE3, 0xFF, 0xFF, 0xFF, 0x7F, 0xFF, 0xFF, 0xEF, 0x8F, 0x9F, 0x3F, 0xF1, 0xE3, 0xE3, 0xFE,
    0x3C, 0x7C, 0x7F, 0xC7, 0x8F, 0x8F, 0xF8, 0xF1, 0xF1, 0xFF, 0x1E, 0x3E, 0x3F, 0xE3, 0xC7, 0xC7,
    0x80, 0xF0, 0xFF, 0xFC, 0xF8, 0xFF, 0xFC, 0xF8, 0x7F, 0xF8, 0xF8, 0x3C, 0xF8, 0xF8, 0x3E, 0xF0,
    0xF8, 0x1F, 0xE0, 0xFF, 0xFF, 0xF0, 0xFF, 0xFF, 0xFC, 0xFF, 0xFF, 0xFE, 0xFF, 0xFF, 0xFE, 0xF9,
    0xE7, 0x9E, 0xF9, 0xE7, 0x9E, 0xF9, 0xE7, 0x9E, 0xF9, 0xE7, 0x9E, 0x38, 0x73, 0xFF, 0x1F, 0xC0,
    0x78, 0x03, 0x03, 0xC0, 0x7F, 0xC7, 0xFE, 0x7F, 0xE0, 0x1F, 0x01, 0xF0, 0x1F, 0x01, 0xE1, 0xFE,
    0x1F, 0xC1, 0xFE, 0x1F, 0xF0, 0x0F, 0x00, 0xF0, 0x0F, 0x01, 0xF3, 0xFF, 0x7F, 0xEF, 0xFC, 0xFE,
    0x0F, 0x00, 0xF8, 0x07, 0xC0, 0x78, 0x01, 0x80, 0x3D, 0xE1, 0xFE, 0x1F, 0xC0, 0xF8, 0x00, 0x07,
    0xF8, 0x7F, 0xE7, 0xFE, 0x3F, 0xF0, 0x0F, 0x01, 0xF1, 0xFE, 0x1F, 0xE1, 0xFF, 0x00, 0xF0, 0x0F,
    0x1F, 0xF3, 0xFF, 0x7F, 0xEF, 0xF0, 0xF8, 0x07, 0xE0, 0x7E, 0x03, 0xE0, 0x00, 0x00, 0x70, 0xF0,
    0xEF, 0x8F, 0x0F, 0xF8, 0xF0, 0xFF, 0x8F, 0x0F, 0xF8, 0xF0, 0xFF, 0x8F, 0x0F, 0xF8, 0xF0, 0xFF,
    0x8F, 0x0F, 0xF8, 0xF1, 0xF7, 0x8F, 0x1E, 0x7C, 0xF3, 0xE3, 0xFF, 0xFE, 0x1F, 0xFF, 0xC0, 0xFF,
    0xF0, 0x03, 0xFC, 0x00, 0x0F, 0x00, 0x00, 0xF0, 0x00, 0x0F, 0x00, 0x00, 0xF0, 0x00, 0x01, 0xE0,
    0x00, 0x3E, 0x00, 0x07, 0xC0, 0x78, 0xF9, 0xEF, 0x1F, 0x3F, 0xE3, 0xE7, 0xFC, 0x7C, 0xFF, 0x8F,
    0x9F, 0xF1, 0xF3, 0xFE, 0x3E, 0x7F, 0xC7, 0xCF, 0xFC, 0xF9, 0xEF, 0x9F, 0x3C, 0xFB, 0xEF, 0x9F,
    0xFF, 0xF1, 0xFF, 0xFC, 0x1F, 0xFF, 0x00, 0x7F, 0x00, 0x07, 0xC0, 0x00, 0xF8, 0x00, 0x1F, 0x00,
    0x03, 0xE0, 0x00, 0x00, 0x00, 0x03, 0xE0, 0x03, 0xFE, 0x01, 0xFF, 0xE0, 0xFF, 0xF8, 0x7E, 0x3F,
    0x3F, 0x03, 0xEF, 0x80, 0xFB, 0xE0, 0x1E, 0xFF, 0xFF, 0xBF, 0xFF, 0xEF, 0xFF, 0xFB, 0xFF, 0xFE,
    0xF8, 0x07, 0xBE, 0x03, 0xE7, 0xC1, 0xF9, 0xFD, 0xFC, 0x3F, 0xFE, 0x07, 0xFF, 0x00, 0xFF, 0x80,
    0x07, 0x00, 0x07, 0xC0, 0x3F, 0xE0, 0xFF, 0xE3, 0xFF, 0xE7, 0xC7, 0xCF, 0x07, 0x9F, 0xFF, 0xBF,
    0xFF, 0x79, 0xFE, 0xF0, 0x79, 0xF1, 0xF1, 0xFF, 0xC3, 0xFF, 0x81, 0xFE, 0x00, 0xE0, 0x00, 0x70,
    0x00, 0xDF, 0x00, 0x7D, 0xF0, 0x1F, 0xBE, 0x03, 0xF7, 0xC0, 0xF8, 0x7C, 0x1F, 0x0F, 0x83, 0xC1,
    0xF0, 0xF8, 0x1E, 0x1F, 0x03, 0xE3, 0xC0, 0x7C, 0xF8, 0x07, 0x9F, 0x00, 0xFB, 0xC0, 0x0F, 0xF8,
    0x01, 0xFF, 0x00, 0x3F, 0xC0, 0x03, 0xF8, 0x00, 0x7E, 0x00, 0x0F, 0xC0, 0x00, 0xF8, 0x1F, 0xF0,
    0x7D, 0xE1, 0xFB, 0xC3, 0xF7, 0xC7, 0x87, 0x9F, 0x0F, 0x3C, 0x1F, 0x78, 0x1F, 0xF0, 0x3F, 0xC0,
    0x7F, 0x80, 0x7E, 0x00, 0xFC, 0x00, 0xF8, 0x00, 0x1E, 0xF0, 0x01, 0xEE, 0x00, 0x1D, 0xE0, 0x03,
    0xDC, 0x00, 0x00, 0x00, 0xE0, 0x01, 0xBE, 0x00, 0xFB, 0xE0, 0x3F, 0x7C, 0x07, 0xEF, 0x81, 0xF0,
    0xF8, 0x3E, 0x1F, 0x07, 0x83, 0xE1, 0xF0, 0x3C, 0x3E, 0x07, 0xC7, 0x80, 0xF9, 0xF0, 0x0F, 0x3E,
    0x01, 0xF7, 0x80, 0x1F, 0xF0, 0x03, 0xFE, 0x00, 0x7F, 0x80, 0x07, 0xF0, 0x00, 0xFC, 0x00, 0x1F,
    0x80, 0x7B, 0xC0, 0x7F, 0x80, 0xF7, 0x80, 0xFF, 0x00, 0x00, 0x1F, 0x03, 0xFE, 0x0F, 0xBC, 0x3F,
    0x78, 0x7E, 0xF8, 0xF0, 0xF3, 0xE1, 0xE7, 0x83, 0xEF, 0x03, 0xFE, 0x07, 0xF8, 0x0F, 0xF0, 0x0F,
    0xC0, 0x1F, 0x80, 0x1F, 0x00, 0x03, 0xE0, 0x00, 0x00, 0x07, 0xFC, 0x00, 0x00, 0x07, 0xFF, 0x80,
    0x00, 0x07, 0xFF, 0xC0, 0x00, 0x07, 0xE3, 0xF0, 0x00, 0x07, 0xE0, 0x7D, 0xF0, 0x7F, 0xE0, 0x3E,
    0xF8, 0x3F, 0xF0, 0x0F, 0x3C, 0x1E, 0xF0, 0x07, 0x9F, 0x1F, 0x78, 0x03, 0xC7, 0x8F, 0x3C, 0x01,
    0xE3, 0xC7, 0x9E, 0x00, 0xF1, 0xF7, 0xCF, 0x80, 0x78, 0x7B, 0xC7, 0xC0, 0x7C, 0x3D, 0xE1, 0xF0,
    0x7E, 0x1F, 0xF0, 0xFE, 0xFE, 0x07, 0xF0, 0x3F, 0xFE, 0x03, 0xF8, 0x0F, 0xFE, 0x00, 0xF8, 0x03,
    0xFE, 0x00, 0x7C, 0x00, 0x38, 0x00, 0x3E, 0x00, 0x00, 0x00, 0x1E, 0x00, 0x00, 0x00, 0x7F, 0x00,
    0x00, 0x00, 0x3F, 0x00, 0x00, 0x00, 0x3F, 0x00, 0x00, 0x00, 0x06, 0x00, 0x00, 0x07, 0xC1, 0xE0,
    0x78, 0x7F, 0xC7, 0xC1, 0xE3, 0xFF, 0x9F, 0x0F, 0x9F, 0xFF, 0x3C, 0x3C, 0x7C, 0x7C, 0xF8, 0xF1,
    0xE0, 0xF1, 0xE7, 0xC7, 0x83, 0xE7, 0x9E, 0x1E, 0x0F, 0x9F, 0x78, 0x78, 0x3E, 0x3F, 0xE1, 0xE0,
    0xF0, 0xFF, 0x07, 0xC7, 0xC3, 0xFC, 0x0F, 0xFE, 0x07, 0xE0, 0x3F, 0xF8, 0x1F, 0x80, 0x3F, 0xC0,
    0x3E, 0x00, 0x38, 0x00, 0xF0, 0x00, 0x00, 0x07, 0xC0, 0x00, 0x00, 0xFE, 0x00, 0x00, 0x03, 0xF8,
    0x00, 0x00, 0x0F, 0xC0, 0x00, 0x00, 0x08, 0x00, 0x03, 0xE0, 0x1F, 0xF8, 0x3F, 0xFC, 0x7F, 0xFE,
    0x7E, 0x3F, 0xF8, 0x1F, 0xF8, 0x0F, 0xF0, 0x00, 0xF0, 0x00, 0xF0, 0x00, 0xF0, 0x00, 0xF8, 0x0F,
    0xF8, 0x1F, 0x7E, 0x3F, 0x7F, 0xFF, 0x3F, 0xFF, 0x1F, 0xEF, 0x03, 0x8F, 0x00, 0x0F, 0x07, 0xC0,
    0x7F, 0xC3, 0xFF, 0x9F, 0xFF, 0x7C, 0x7D, 0xE0, 0xF7, 0x80, 0x1E, 0x00, 0x78, 0x01, 0xE0, 0x07,
    0xC0, 0x0F, 0xF0, 0x3F, 0xC0, 0x3F, 0x00, 0x3C, 0x00, 0xF0, 0x03, 0xC0, 0x0F, 0x00, 0x38, 0x00,
    0x00, 0x18, 0x00, 0xE0, 0x47, 0x03, 0x9C, 0x0F, 0xE0, 0x0F, 0x80, 0x1F, 0x80, 0x7F, 0x43, 0x9D,
    0xDC, 0x07, 0xF0, 0x0F, 0x80, 0x0F, 0x80, 0x7F, 0x83, 0xCC, 0x0E, 0x00, 0x70, 0x00, 0x01, 0xDF,
    0xF7, 0xFD, 0xC0, 0x60, 0x00, 0x0F, 0xCF, 0xFD, 0xF3, 0x80, 0x00, 0x0F, 0xF7, 0x30, 0x03, 0x9C,
    0xE6, 0x00, 0x3F, 0x07, 0xFE, 0x63, 0xF0, 0x00, 0x00, 0x3C, 0x00, 0x00, 0x3F, 0x00, 0x00, 0x19,
    0x80, 0x01, 0x80, 0x07, 0x01, 0xF0, 0x07, 0xC1, 0x98, 0x03, 0x70, 0x00, 0x00, 0x00, 0x00, 0x00,
    0x00, 0x00, 0x00, 0x00, 0x18, 0x00, 0x03, 0x3E, 0x00, 0x03, 0xF9, 0x80, 0x03, 0x30, 0x00, 0x00,
    0x00, 0x00, 0x00, 0x00, 0x00, 0x00, 0x00, 0x00, 0x00, 0x00, 0x1E, 0x00, 0x7C, 0x1F, 0x80, 0x3E,
    0x0C, 0xC0, 0x19, 0x00, 0x03, 0x80, 0x00, 0x03, 0xE0, 0x00, 0x03, 0xB0, 0x00, 0x00, 0x00, 0x00,
    0x00, 0x18, 0x00, 0x00, 0x18, 0x00, 0x00, 0x18, 0x00, 0x18, 0x38, 0x00, 0x0C, 0x30, 0x38, 0x0E,
    0x00, 0xF0, 0x06, 0x00, 0xE0, 0x04, 0x00, 0x00, 0x00, 0x00, 0x00, 0x00, 0x00, 0x00, 0xF0, 0x00,
    0x18, 0xF8, 0x00, 0x1F, 0x38, 0x00, 0x0F, 0x00, 0x00, 0x00, 0x00, 0x00, 0x00, 0x00, 0x00, 0x00,
    0x02, 0x00, 0x60, 0x0F, 0x00, 0xE0, 0x1E, 0x18, 0x70, 0x18, 0x18, 0x30, 0x00, 0x18, 0x30, 0x00,
    0x38, 0x00, 0x00, 0x30, 0x00, 0x00, 0x00, 0x00, 0x0E, 0x38, 0x01, 0xFE, 0x00, 0x3F, 0xC0, 0x01,
    0xF0, 0x00, 0x00, 0x00, 0xE0, 0x1E, 0x3E, 0x07, 0xE7, 0xC0, 0xFC, 0xF8, 0x3F, 0x9F, 0x0F, 0xF3,
    0xE1, 0xFE, 0x7C, 0x7F, 0xCF, 0x8F, 0xF9, 0xF3, 0xFF, 0x3E, 0xFB, 0xE7, 0xDE, 0x7C, 0xFF, 0xCF,
    0x9F, 0xF1, 0xF3, 0xFE, 0x3E, 0x7F, 0x87, 0xCF, 0xE0, 0xF9, 0xFC, 0x1F, 0xBF, 0x03, 0xF7, 0xC0,
    0x7E, 0x00, 0x07, 0x80, 0x00, 0xF0, 0x00, 0x1E, 0x00, 0x07, 0x80, 0x38, 0xE0, 0x3F, 0xE0, 0x1F,
    0xC0, 0x0F, 0x80, 0x00, 0x00, 0xF0, 0x78, 0xF8, 0x78, 0xF8, 0xF8, 0xF9, 0xF8, 0xF9, 0xF8, 0xFB,
    0xF8, 0xFF, 0xF8, 0xFF, 0xF8, 0xFF, 0x78, 0xFE, 0x78, 0xFE, 0x78, 0xFC, 0x7E, 0xF8, 0x7E, 0xF0,
    0x7E, 0x00, 0x3E, 0x00, 0x3C, 0x00, 0x3C, 0x00, 0x3C, 0x1C, 0x00, 0x1F, 0x00, 0x3F, 0xF8, 0x1F,
    0xFC, 0x0F, 0xFE, 0x03, 0xFF, 0x00, 0xF8, 0x00, 0x7F, 0xF0, 0x3F, 0xFE, 0x1F, 0xFF, 0x8F, 0xFF,
    0xE7, 0xC1, 0xF3, 0xE0, 0x79, 0xF0, 0x3C, 0xF8, 0x3E, 0x7C, 0x3F, 0x3F, 0xFF, 0x1F, 0xFF, 0x0F,
    0xFF, 0x00, 0x1E, 0x00, 0x3C, 0x00, 0x78, 0x07, 0xFF, 0x0F, 0xFE, 0x1F, 0xFC, 0x07, 0x80, 0x0F,
    0xF0, 0x1F, 0xF8, 0x3F, 0xF8, 0x7F, 0xF8, 0xF0, 0xF1, 0xE1, 0xE3, 0xC7, 0xC7, 0xFF, 0x8F, 0xFE,
    0x1F, 0xF8, 0x7F, 0x81, 0xFF, 0xE3, 0xFF, 0xE7, 0xFF, 0xEF, 0x87, 0xDF, 0x07, 0xFE, 0x0F, 0xFC,
    0xDF, 0xF9, 0xFF, 0xF3, 0xFB, 0xFF, 0xF7, 0xFF, 0xCF, 0xFF, 0x1F, 0x07, 0x3E, 0x0C, 0x7C, 0x00,
    0xF8, 0x01, 0xF0, 0x03, 0xE0, 0x00, 0xF3, 0xE3, 0xFF, 0xCF, 0xFF, 0xBF, 0xFE, 0xF8, 0x7F, 0xE1,
    0xFF, 0x83, 0xFE, 0x0F, 0xF8, 0xBF, 0xE7, 0xFF, 0xDF, 0xFF, 0xFE, 0xFF, 0xFB, 0xFF, 0xEF, 0x9B,
    0xBE, 0x00, 0xF8, 0x03, 0xE0, 0x0F, 0x80, 0x00, 0x00, 0x00, 0x78, 0x03, 0xC0, 0x1E, 0xFF, 0xFF,
    0xFF, 0xFF, 0xFF, 0xFF, 0xFF, 0x00, 0xF8, 0x07, 0xC0, 0x3E, 0x01, 0xF0, 0x0F, 0x80, 0x7C, 0x03,
    0xE0, 0x1F, 0x00, 0xF8, 0x07, 0xC0, 0x3E, 0x01, 0xF0, 0x0F, 0x80, 0x7C, 0x00, 0x03, 0xC0, 0xF0,
    0x3F, 0xFF, 0xFF, 0xFF, 0xFF, 0xFF, 0xE0, 0xF8, 0x3E, 0x0F, 0x83, 0xE0, 0xF8, 0x3E, 0x0F, 0x83,
    0xE0, 0xF8, 0x00, 0x1F, 0xFC, 0x7F, 0xFC, 0xFF, 0xF9, 0xFF, 0xF3, 0xE0, 0x07, 0xC0, 0x0F, 0x80,
    0x1F, 0x00, 0xFF, 0xE1, 0xFF, 0xC3, 0xFF, 0x83, 0xFF, 0x03, 0xE0, 0x07, 0xC0, 0x0F, 0x80, 0x1F,
    0x00, 0x3E, 0x00, 0x7C, 0x00, 0xF8, 0x00, 0x3F, 0xF3, 0xFF, 0x3F, 0xF3, 0xFF, 0x3E, 0x07, 0xFC,
    0xFF, 0xCF, 0xFC, 0x3E, 0x03, 0xE0, 0x3E, 0x03, 0xE0, 0x3E, 0x03, 0xE0, 0x7F, 0xF1, 0xFF, 0xF3,
    0xFF, 0xE7, 0xFF, 0xCF, 0x80, 0x1F, 0x00, 0x3E, 0x00, 0x7C, 0xC0, 0xFF, 0xF1, 0xFF, 0xF3, 0xFF,
    0xF7, 0xFF, 0xEF, 0x83, 0xFF, 0x07, 0xFE, 0x0F, 0xFC, 0x1F, 0xF8, 0x7D, 0xF7, 0xFB, 0xEF, 0xE0,
    0x1F, 0x80, 0x3C, 0x00, 0xFF, 0xC7, 0xFE, 0x3F, 0xF1, 0xFF, 0x8F, 0x80, 0x7C, 0x03, 0xFE, 0x1F,
    0xFC, 0xFF, 0xF7, 0xFF, 0xBE, 0x3D, 0xF0, 0xFF, 0x87, 0xFC, 0x78, 0x03, 0xC0, 0xFE, 0x07, 0xE0,
    0x3E, 0x01, 0x80, 0x78, 0x1E, 0x07, 0x87, 0xC1, 0xE0, 0xFC, 0x7E, 0x1E, 0x0F, 0x83, 0xE1, 0xE1,
    0xF0, 0x1F, 0x1E, 0x1F, 0x01, 0xF1, 0xE3, 0xE0, 0x0F, 0x9E, 0x3E, 0x00, 0x79, 0xE7, 0xC0, 0x07,
    0xFF, 0xF8, 0x00, 0x3F, 0xFF, 0x80, 0x07, 0xFF, 0xF8, 0x00, 0x7F, 0xFF, 0xC0, 0x0F, 0x9E, 0x3C,
    0x01, 0xF1, 0xE3, 0xE0, 0x1F, 0x1E, 0x1F, 0x03, 0xE1, 0xE1, 0xF0, 0x3E, 0x1E, 0x0F, 0xE7, 0xC1,
    0xE0, 0xFE, 0xFC, 0x1E, 0x07, 0xE0, 0x00, 0x00, 0x1E, 0x00, 0x00, 0x01, 0xE0, 0x00, 0x00, 0x1E,
    0x00, 0x00, 0x01, 0xE0, 0xF8, 0x78, 0xF8, 0xF8, 0xF1, 0xF1, 0xF1, 0xE7, 0xC1, 0xF3, 0xDF, 0x01,
    0xF7, 0xBC, 0x01, 0xFF, 0xF8, 0x03, 0xFF, 0xE0, 0x03, 0xFF, 0xC0, 0x0F, 0xFF, 0xC0, 0x3E, 0xFF,
    0x80, 0xFD, 0xEF, 0x81, 0xF3, 0xCF, 0xF7, 0xC7, 0x9F, 0xDF, 0x0F, 0x1F, 0x80, 0x00, 0x0F, 0x00,
    0x00, 0x1E, 0x00, 0x00, 0x3C, 0x00, 0x00, 0x78, 0x07, 0x80, 0x7F, 0x87, 0xFF, 0x9F, 0xFE, 0xF8,
    0x7F, 0xE1, 0xF0, 0x07, 0xC0, 0x3E, 0x07, 0xF8, 0x1F, 0x80, 0x7F, 0x80, 0x7F, 0x00, 0x7F, 0xC0,
    0xFF, 0x03, 0xFE, 0x1F, 0x7F, 0xFD, 0xFF, 0xE1, 0xFE, 0x01, 0xE0, 0x03, 0xC0, 0x0F, 0x80, 0x3E,
    0x01, 0xF0, 0x00, 0x00, 0x0F, 0x81, 0xFF, 0x1F, 0xF8, 0xFB, 0xE7, 0x8F, 0x00, 0xF8, 0x1F, 0x80,
    0xFC, 0x07, 0xF3, 0x87, 0x9E, 0x3C, 0xFF, 0xE7, 0xFF, 0x0F, 0xE0, 0x1C, 0x00, 0xF0, 0x03, 0xC0,
    0x3E, 0x01, 0xE0, 0x00, 0x00, 0x70, 0x0F, 0x3E, 0x07, 0xCF, 0x83, 0xE3, 0xE1, 0xF0, 0xF8, 0x7C,
    0x3E, 0x3E, 0x0F, 0x9F, 0x03, 0xEF, 0x80, 0xFF, 0xE0, 0x3F, 0xF0, 0x0F, 0xFC, 0x03, 0xFF, 0x80,
    0xF9, 0xF0, 0x3E, 0x3E, 0x0F, 0x8F, 0x83, 0xE1, 0xF0, 0xF8, 0x3F, 0xFE, 0x0F, 0xFF, 0x81, 0xFC,
    0x00, 0x1F, 0x00, 0x07, 0xC0, 0x01, 0xF0, 0x00, 0x7C, 0xF0, 0x79, 0xF1, 0xF3, 0xE7, 0xC7, 0xDF,
    0x8F, 0xBE, 0x1F, 0xF8, 0x3F, 0xE0, 0x7F, 0xC0, 0xFF, 0xC1, 0xF7, 0xC3, 0xEF, 0x87, 0xCF, 0xFF,
    0x8F, 0xFF, 0x1F, 0xC0, 0x0F, 0x80, 0x1F, 0x00, 0x3E, 0x00, 0x7C, 0x70, 0x0F, 0x7C, 0x0F, 0xBE,
    0x0F, 0x9F, 0x07, 0xCF, 0x87, 0xC7, 0xFB, 0xE3, 0xFF, 0xE1, 0xFF, 0xF0, 0xFF, 0xF0, 0x7F, 0xF8,
    0x3F, 0xFC, 0x1F, 0xFF, 0x0F, 0xFF, 0x87, 0xFB, 0xE3, 0xFD, 0xF1, 0xF0, 0x7C, 0xF8, 0x3E, 0x7C,
    0x0F, 0xBE, 0x07, 0xC0, 0xF0, 0x3F, 0xF0, 0xFB, 0xE1, 0xF7, 0xF7, 0xCF, 0xEF, 0x9F, 0xFE, 0x3F,
    0xFC, 0x7F, 0xF0, 0xFF, 0xF1, 0xFD, 0xF3, 0xFB, 0xE7, 0xF3, 0xEF, 0x87, 0xDF, 0x07, 0xC0, 0x7F,
    0x80, 0x7B, 0xFF, 0x03, 0xEF, 0xFC, 0x1F, 0x3F, 0xF0, 0xFC, 0x07, 0xC3, 0xE0, 0x1F, 0x1F, 0x00,
    0x7C, 0xF8, 0x01, 0xF3, 0xE0, 0x07, 0xFF, 0x00, 0x1F, 0xF8, 0x00, 0x7F, 0xF0, 0x01, 0xFF, 0xC0,
    0x07, 0xCF, 0x80, 0x1F, 0x1F, 0x00, 0x7C, 0x7E, 0x01, 0xF0, 0xF8, 0x07, 0xC1, 0xF0, 0x1F, 0x03,
    0xE0, 0x7C, 0x0F, 0xC0, 0xFF, 0x0F, 0xFF, 0x8F, 0xBF, 0xCF, 0xDF, 0xE7, 0xC1, 0xF7, 0xC0, 0xFF,
    0xC0, 0x7F, 0xE0, 0x3F, 0xE0, 0x1F, 0xF8, 0x0F, 0xBE, 0x07, 0xDF, 0x83, 0xE7, 0xC1, 0xF1, 0xF0,
    0xF8, 0x7C, 0x70, 0x0F, 0x3E, 0x03, 0xCF, 0x80, 0xF3, 0xE0, 0x3C, 0xF8, 0x0F, 0x3E, 0x03, 0xCF,
    0x80, 0xF3, 0xE0, 0x3C, 0xFF, 0xFF, 0x3F, 0xFF, 0xCF, 0xFF, 0xF3, 0xFF, 0xFC, 0xF8, 0x0F, 0x3E,
    0x03, 0xCF, 0x80, 0xF3, 0xE0, 0x3C, 0xF8, 0x0F, 0xFE, 0x03, 0xFF, 0x80, 0xFC, 0x00, 0x0F, 0x00,
    0x03, 0xC0, 0x00, 0xF0, 0x00, 0x3C, 0xF0, 0x79, 0xF0, 0xF3, 0xE1, 0xE7, 0xC3, 0xCF, 0x87, 0x9F,
    0xFF, 0x3F, 0xFE, 0x7F, 0xFC, 0xFF, 0xF9, 0xF0, 0xF3, 0xE1, 0xE7, 0xC3, 0xFF, 0x87, 0xFF, 0x0F,
    0xC0, 0x07, 0x80, 0x0F, 0x00, 0x1E, 0x00, 0x3C, 0x70, 0x0F, 0xFE, 0xF8, 0x0F, 0xFF, 0xF8, 0x0F,
    0xFF, 0xF8, 0x0F, 0xFE, 0xF8, 0x0F, 0x00, 0xF8, 0x0F, 0x00, 0xF8, 0x0F, 0x00, 0xF8, 0x0F, 0x00,
    0xFF, 0xFF, 0x00, 0xFF, 0xFF, 0x00, 0xFF, 0xFF, 0x00, 0xFF, 0xFF, 0x00, 0xF8, 0x0F, 0x00, 0xF8,
    0x0F, 0x00, 0xF8, 0x0F, 0x00, 0xF8, 0x0F, 0x00, 0xF8, 0x0F, 0x00, 0xF8, 0x0F, 0x00, 0xF8, 0x0F,
    0x00, 0xF0, 0x7F, 0xFC, 0x3F, 0xFE, 0x1F, 0xFF, 0x0F, 0xEF, 0x87, 0x87, 0xFF, 0xC3, 0xFF, 0xE1,
    0xFF, 0xF0, 0xFF, 0xF8, 0x7C, 0x3C, 0x3E, 0x1E, 0x1F, 0x0F, 0x0F, 0x87, 0x87, 0xC3, 0xC0, 0x7F,
    0xFF, 0x00, 0x1F, 0xFF, 0xE0, 0x03, 0xFF, 0xFC, 0x00, 0x7F, 0xFF, 0x80, 0x0F, 0x80, 0xF0, 0x01,
    0xF0, 0x1E, 0x00, 0x3E, 0x03, 0xC0, 0x07, 0xC0, 0x79, 0xC0, 0xF8, 0x0F, 0xFE, 0x1F, 0x01, 0xFF,
    0xF3, 0xE0, 0x3F, 0xFE, 0x7C, 0x07, 0xFF, 0xEF, 0x80, 0xF8, 0x7D, 0xF0, 0x1E, 0x07, 0xBE, 0x03,
    0xC0, 0xF7, 0xC0, 0x78, 0x1E, 0xF8, 0x0F, 0x0F, 0xDF, 0x01, 0xEF, 0xF3, 0xE0, 0x3D, 0xFE, 0x00,
    0x00, 0x3F, 0x80, 0x00, 0x03, 0x80, 0xFF, 0xF8, 0x03, 0xFF, 0xE0, 0x0F, 0xFF, 0x80, 0x3F, 0xFE,
    0x00, 0xF8, 0x78, 0x03, 0xE1, 0xF8, 0x0F, 0x87, 0xFE, 0x3E, 0x1F, 0xFC, 0xF8, 0x7F, 0xFB, 0xE1,
    0xE3, 0xEF, 0x87, 0x87, 0xFE, 0x1E, 0x0F, 0xF8, 0x78, 0x3F, 0xE1, 0xE1, 0xF0, 0x00, 0x0F, 0x80,
    0x00, 0x7E, 0x00, 0x01, 0xE0, 0x00, 0x03, 0x00, 0x03, 0x80, 0x00, 0x07, 0xC0, 0x00, 0x07, 0xE1,
    0xF0, 0x07, 0xF3, 0xFE, 0x07, 0xE3, 0xFF, 0x87, 0xE1, 0xFF, 0xE3, 0xE1, 0xF9, 0xF9, 0xF0, 0xF8,
    0x7C, 0xF0, 0x78, 0x1E, 0x78, 0x3C, 0x0F, 0x3C, 0x1E, 0x0F, 0x9E, 0x0F, 0x87, 0xCF, 0x87, 0xC7,
    0xC7, 0xC1, 0xF7, 0xE1, 0xF0, 0xFF, 0xE0, 0xFF, 0x3F, 0xE4, 0x3F, 0xFF, 0xFF, 0x0F, 0xFF, 0xFF,
    0x83, 0xFF, 0xFF, 0xC0, 0x1E, 0x07, 0x80, 0x07, 0x00, 0x00, 0xF8, 0x00, 0x0F, 0xCF, 0xC0, 0xFE,
    0xFF, 0x87, 0xCF, 0xFC, 0x3C, 0x7F, 0xF1, 0xE3, 0xCF, 0x8F, 0x1E, 0x3C, 0x78, 0xF3, 0xE3, 0xE7,
    0xDE, 0x1F, 0xBF, 0xF0, 0x7F, 0xFF, 0xE1, 0xFF, 0xFF, 0x07, 0xFF, 0xFC, 0x07, 0x87, 0x00, 0x03,
    0xE0, 0x07, 0xFC, 0x07, 0xFF, 0x87, 0xFF, 0xC7, 0xE3, 0xF7, 0xE0, 0x7B, 0xE0, 0x3F, 0xF0, 0x00,
    0xF0, 0x00, 0x78, 0x00, 0x3C, 0x00, 0x1E, 0x00, 0x0F, 0x80, 0x77, 0xC0, 0x7D, 0xF0, 0x7C, 0xFE,
    0xFE, 0x3F, 0xFE, 0x0F, 0xFE, 0x03, 0xFE, 0x00, 0x38, 0x00, 0x1E, 0x00, 0x07, 0x80, 0x07, 0xC0,
    0x03, 0xC0, 0x00, 0x00, 0x00, 0x07, 0xC0, 0x7F, 0xC3, 0xFF, 0x9F, 0xFF, 0x7C, 0x7D, 0xE0, 0xE7,
    0x80, 0x1E, 0x00, 0x78, 0x01, 0xE0, 0xF7, 0xC7, 0xCF, 0xFE, 0x3F, 0xF8, 0x3F, 0xC0, 0x38, 0x00,
    0xF0, 0x01, 0xE0, 0x0F, 0x80, 0x3C, 0x00, 0x00, 0x7F, 0xFF, 0xFF, 0xFF, 0xFF, 0xFF, 0xFF, 0xFF,
    0x03, 0xE0, 0x03, 0xE0, 0x03, 0xE0, 0x03, 0xE0, 0x03, 0xE0, 0x03, 0xE0, 0x03, 0xE0, 0x03, 0xE0,
    0x03, 0xE0, 0x03, 0xE0, 0x03, 0xE0, 0x03, 0xE0, 0x03, 0xF0, 0x03, 0xF0, 0x03, 0xF0, 0x00, 0xF0,
    0x00, 0xF0, 0x00, 0xF0, 0x00, 0xF0, 0xFF, 0xFF, 0xFF, 0xFF, 0xFF, 0xFF, 0xF0, 0xF8, 0x07, 0xC0,
    0x3E, 0x01, 0xF0, 0x0F, 0x80, 0x7C, 0x03, 0xE0, 0x1F, 0xC0, 0xFC, 0x07, 0xE0, 0x0F, 0x00, 0x78,
    0x03, 0xC0, 0x1E, 0x00, 0x78, 0x07, 0xBF, 0x03, 0xF7, 0xC0, 0xF8, 0xF8, 0x7C, 0x3E, 0x1F, 0x07,
    0xCF, 0x81, 0xF3, 0xE0, 0x3F, 0xF0, 0x07, 0xF8, 0x01, 0xFE, 0x00, 0x3F, 0x00, 0x0F, 0xC0, 0x01,
    0xE0, 0x00, 0x78, 0x00, 0x1E, 0x00, 0x07, 0x80, 0x01, 0xE0, 0x00, 0x78, 0x00, 0x1E, 0x00, 0xF8,
    0x3F, 0xF0, 0x79, 0xE0, 0xF3, 0xE3, 0xE7, 0xC7, 0x87, 0x8F, 0x0F, 0xBE, 0x0F, 0x78, 0x1E, 0xF0,
    0x3F, 0xC0, 0x3F, 0x80, 0x7F, 0x00, 0xFC, 0x00, 0xF8, 0x01, 0xF0, 0x03, 0xE0, 0x07, 0xC0, 0x0F,
    0x80, 0x1F, 0x00, 0x00, 0x00, 0x78, 0x07, 0xBF, 0x03, 0xF7, 0xC0, 0xF8, 0xF8, 0x7C, 0x3E, 0x1F,
    0x07, 0xCF, 0x81, 0xF3, 0xE0, 0x3F, 0xF0, 0x07, 0xF8, 0x01, 0xFE, 0x00, 0x3F, 0x00, 0x0F, 0xC0,
    0x01, 0xE0, 0x03, 0xFF, 0x81, 0xFF, 0xE0, 0x7F, 0xF8, 0x0F, 0xFC, 0x00, 0x78, 0x00, 0x1E, 0x00,
    0xF8, 0x3F, 0xF0, 0x79, 0xE0, 0xF3, 0xE3, 0xE7, 0xC7, 0x87, 0x8F, 0x0F, 0xBE, 0x0F, 0x78, 0x1E,
    0xF0, 0x3F, 0xC0, 0x3F, 0x80, 0x7F, 0x00, 0xFC, 0x03, 0xFE, 0x07, 0xFC, 0x0F, 0xF8, 0x07, 0xC0,
    0x0F, 0x80, 0x1F, 0x00, 0x00, 0x00, 0x78, 0x07, 0x8F, 0x81, 0xF0, 0xF8, 0x7C, 0x1F, 0x8F, 0x81,
    0xF3, 0xE0, 0x1F, 0x78, 0x03, 0xFF, 0x00, 0x3F, 0xC0, 0x03, 0xF0, 0x00, 0x7E, 0x00, 0x0F, 0xC0,
    0x03, 0xFC, 0x00, 0x7F, 0xC0, 0x1F, 0xF8, 0x07, 0xCF, 0x80, 0xF8, 0xF8, 0x3E, 0x1F, 0xEF, 0x81,
    0xFF, 0xF0, 0x1F, 0x80, 0x00, 0xF0, 0x00, 0x1E, 0x00, 0x03, 0xC0, 0x00, 0x78, 0x78, 0x7C, 0x7C,
    0x78, 0x3C, 0xF8, 0x3E, 0xF0, 0x1F, 0xE0, 0x1F, 0xE0, 0x0F, 0xC0, 0x0F, 0xC0, 0x0F, 0xE0, 0x1F,
    0xE0, 0x3F, 0xF0, 0x3C, 0xFE, 0x7C, 0x7E, 0xF8, 0x7E, 0x00, 0x1E, 0x00, 0x1E, 0x00, 0x1E, 0x00,
    0x1E, 0x7F, 0xFE, 0x38, 0xFF, 0xFF, 0x7C, 0xFF, 0xFF, 0x7C, 0xFF, 0xFF, 0x7C, 0x03, 0xE0, 0x7C,
    0x03, 0xE0, 0x7C, 0x03, 0xE0, 0x7C, 0x03, 0xE0, 0x7C, 0x03, 0xE0, 0x7C, 0x03, 0xE0, 0x7C, 0x03,
    0xE0, 0x7C, 0x03, 0xE0, 0x7C, 0x03, 0xE0, 0x7C, 0x03, 0xE0, 0x7C, 0x03, 0xE0, 0x7C, 0x03, 0xE0,
    0x7C, 0x03, 0xFF, 0xFF, 0x03, 0xFF, 0xFF, 0x03, 0xFF, 0xFF, 0x00, 0x00, 0x1F, 0x00, 0x00, 0x1F,
    0x00, 0x00, 0x1E, 0x00, 0x00, 0x1E, 0xFF, 0x9E, 0x3F, 0xE7, 0x8F, 0xF9, 0xE3, 0xFE, 0x78, 0x1E,
    0x1E, 0x07, 0x87, 0x81, 0xE1, 0xE0, 0x78, 0x78, 0x1E, 0x1E, 0x07, 0x87, 0x81, 0xE1, 0xE0, 0x7F,
    0xFE, 0x1F, 0xFF, 0x87, 0xFF, 0xE0, 0x00, 0x78, 0x00, 0x1E, 0x00, 0x07, 0x80, 0x01, 0xE0, 0x70,
    0x1E, 0x7C, 0x0F, 0x3E, 0x07, 0x9F, 0x03, 0xCF, 0x81, 0xE7, 0xC0, 0xF3, 0xE0, 0x79, 0xF0, 0x3C,
    0xF8, 0x1E, 0x3F, 0xFF, 0x1F, 0xFF, 0x87, 0xFF, 0xC0, 0xFD, 0xE0, 0x00, 0xF0, 0x00, 0x78, 0x00,
    0x3C, 0x00, 0x1F, 0x80, 0x0F, 0xC0, 0x07, 0xE0, 0x00, 0xF0, 0x00, 0x78, 0x00, 0x3C, 0x00, 0x1E,
    0xF0, 0xF9, 0xF1, 0xF3, 0xE3, 0xE7, 0xC7, 0xCF, 0x8F, 0x9F, 0x1F, 0x3E, 0x3E, 0x3F, 0xFC, 0x7F,
    0xF8, 0x7F, 0xF0, 0x03, 0xE0, 0x07, 0xF0, 0x0F, 0xE0, 0x1F, 0xC0, 0x0F, 0x80, 0x1F, 0x00, 0x3E,
    0x00, 0x7C, 0x70, 0x1F, 0xF0, 0x3F, 0xE0, 0x7F, 0xC0, 0xFF, 0x81, 0xFF, 0x03, 0xFE, 0xE7, 0xFD,
    0xCF, 0xFB, 0x9E, 0xFF, 0xFD, 0xFF, 0xF9, 0xFF, 0xF0, 0xFD, 0xE0, 0x73, 0xC0, 0xE7, 0x80, 0xCF,
    0x00, 0x1E, 0x00, 0x3C, 0x00, 0x78, 0xF0, 0xFF, 0xC7, 0xFE, 0x3F, 0xF1, 0xFF, 0xFF, 0xFF, 0xFF,
    0xFF, 0xEF, 0xFF, 0x7F, 0xF9, 0xFF, 0xC1, 0xFE, 0x0F, 0xF0, 0x7F, 0x83, 0xFC, 0x70, 0x00, 0xF8,
    0x00, 0xF8, 0x00, 0xF8, 0x00, 0xF8, 0x00, 0xF8, 0x00, 0xF8, 0x00, 0xFF, 0xF0, 0xFF, 0xFC, 0xFF,
    0xFC, 0xFF, 0xFE, 0xF8, 0x3E, 0xF8, 0x1E, 0xF8, 0x1E, 0xF8, 0x1E, 0xF8, 0x1E, 0xF8, 0x1E, 0xF8,
    0x1E, 0xF8, 0x1E, 0x70, 0x07, 0x80, 0x3C, 0x01, 0xE0, 0x0F, 0x00, 0x79, 0xF3, 0xFF, 0xDF, 0xFF,
    0xFF, 0xFF, 0xC7, 0xFE, 0x1F, 0xF0, 0xFF, 0x87, 0xFC, 0x3F, 0xE1, 0xFF, 0x0F, 0xF8, 0x7F, 0xC3,
    0xFE, 0x1E, 0x00, 0x1F, 0x00, 0x03, 0xFF, 0x00, 0x1F, 0xFE, 0x00, 0xFF, 0xFC, 0x03, 0xF1, 0xF0,
    0x1F, 0x03, 0xEF, 0x78, 0x07, 0xBF, 0xE0, 0x1E, 0xFF, 0xFF, 0xFB, 0xFF, 0xFF, 0xE7, 0xFF, 0xFF,
    0x87, 0xFF, 0xFE, 0x0F, 0x80, 0x00, 0x1F, 0x01, 0xE0, 0x7C, 0x0F, 0x80, 0xFC, 0xFC, 0x03, 0xFF,
    0xF0, 0x07, 0xFF, 0x80, 0x07, 0xFC, 0x00, 0x03, 0x80, 0x00, 0x7C, 0x00, 0x7F, 0xC0, 0x3F, 0xFB,
    0x9F, 0xBE, 0xE7, 0x83, 0xFF, 0xE0, 0xF7, 0xFF, 0xFC, 0xFF, 0xFF, 0x0F, 0xFF, 0xC1, 0xE0, 0x00,
    0x7C, 0x3C, 0x0F, 0xFF, 0x03, 0xFF, 0x80, 0x3F, 0xC0, 0x03, 0x80, 0x00, 0x1F, 0x00, 0x03, 0xFF,
    0x00, 0x1F, 0xFE, 0x00, 0xFF, 0xFC, 0x03, 0xF1, 0xF0, 0x1F, 0x03, 0xEF, 0x78, 0x07, 0xBF, 0xE0,
    0x1E, 0xFF, 0xFF, 0xFB, 0xFF, 0xFF, 0xE7, 0xFF, 0xFF, 0x87, 0xFF, 0xFE, 0x0F, 0x80, 0x00, 0x1F,
    0x01, 0xE0, 0x7C, 0x0F, 0x80, 0xFC, 0xFC, 0x03, 0xFF, 0xF0, 0x07, 0xFF, 0x80, 0x07, 0xFC, 0x00,
    0x07, 0x80, 0x00, 0x1E, 0x00, 0x00, 0x78, 0x00, 0x01, 0xE0, 0x00, 0x00, 0x7C, 0x00, 0x7F, 0xC0,
    0x3F, 0xFB, 0x9F, 0xBE, 0xE7, 0x83, 0xFF, 0xE0, 0xF7, 0xFF, 0xFC, 0xFF, 0xFF, 0x0F, 0xFF, 0xC1,
    0xE0, 0x00, 0x7C, 0x3C, 0x0F, 0xFF, 0x03, 0xFF, 0x80, 0x3F, 0xC0, 0x03, 0x80, 0x00, 0xF0, 0x00,
    0x1E, 0x00, 0x0F, 0x80, 0x03, 0xC0, 0x00, 0x00, 0x77, 0xFF, 0xFF, 0xFF, 0xFF, 0xFF, 0xFF, 0xFF,
    0xFF, 0xFF, 0xFF, 0xFE, 0x00, 0x71, 0xC0, 0x00, 0x1F, 0xE0, 0x00, 0x07, 0xF8, 0x00, 0x00, 0x7C,
    0x00, 0x00, 0x00, 0x00, 0x1E, 0x07, 0x81, 0xE7, 0xC1, 0xE0, 0xFD, 0xF8, 0x78, 0x3E, 0x3E, 0x1E,
    0x1F, 0x07, 0xC7, 0x87, 0xC1, 0xF1, 0xE3, 0xE0, 0x3E, 0x78, 0xF8, 0x07, 0x9E, 0x7C, 0x01, 0xFF,
    0xFE, 0x00, 0x3F, 0xFF, 0x80, 0x1F, 0xFF, 0xE0, 0x07, 0xFF, 0xFC, 0x03, 0xE7, 0x8F, 0x01, 0xF1,
    0xE3, 0xE0, 0x7C, 0x78, 0x7C, 0x3E, 0x1E, 0x1F, 0x0F, 0x87, 0x83, 0xE7, 0xC1, 0xE0, 0xFB, 0xF0,
    0x78, 0x1F, 0x03, 0x8E, 0x00, 0x1F, 0xF0, 0x00, 0x7F, 0x00, 0x01, 0xF0, 0x00, 0x00, 0x00, 0x7C,
    0x3C, 0x7D, 0xF1, 0xE3, 0xEF, 0x8F, 0x3E, 0x3E, 0x7B, 0xE0, 0xFB, 0xDE, 0x03, 0xFF, 0xF0, 0x1F,
    0xFF, 0x00, 0x7F, 0xF8, 0x07, 0xFF, 0xE0, 0x7D, 0xFF, 0x07, 0xEF, 0x7C, 0x3E, 0x79, 0xF3, 0xE3,
    0xCF, 0xBE, 0x1E, 0x3E, 0x70, 0x1E, 0xF8, 0x3E, 0xF8, 0x7C, 0xF8, 0xFC, 0xF8, 0xF8, 0xF9, 0xF0,
    0xFB, 0xE0, 0xFB, 0xE0, 0xFF, 0xC0, 0xFF, 0xF0, 0xFF, 0xF8, 0xFF, 0xFC, 0xF8, 0x7E, 0xF8, 0x1E,
    0xF8, 0x1E, 0xF8, 0x1F, 0xF8, 0x1F, 0xF8, 0x1E, 0xF8, 0x1E, 0x00, 0x3E, 0x00, 0xFC, 0x00, 0xFC,
    0x00, 0xF8, 0x00, 0xC0, 0xF0, 0x7B, 0xE3, 0xEF, 0x9F, 0x3E, 0xFC, 0xFB, 0xE3, 0xFF, 0x0F, 0xFC,
    0x3F, 0xFC, 0xFF, 0xFB, 0xE3, 0xEF, 0x87, 0xFE, 0x0F, 0xF8, 0x3F, 0xE1, 0xF0, 0x0F, 0x80, 0x7E,
    0x00, 0xF0, 0x03, 0x00, 0x07, 0xFF, 0x80, 0xFF, 0xF8, 0x0F, 0xFF, 0x80, 0xFF, 0xF8, 0x0F, 0x07,
    0x80, 0xF0, 0x78, 0x0F, 0x07, 0x80, 0xF0, 0x78, 0x0F, 0x07, 0x80, 0xF0, 0x78, 0x0F, 0x07, 0x81,
    0xF0, 0x78, 0x1F, 0x07, 0x81, 0xF0, 0x78, 0x1E, 0x07, 0x87, 0xE0, 0x78, 0xFE, 0x07, 0xFF, 0xC0,
    0x7E, 0xF8, 0x07, 0xE0, 0x00, 0x3E, 0x00, 0x03, 0xC0, 0x00, 0x3C, 0x00, 0x03, 0xC0, 0x1F, 0xFC,
    0x3F, 0xFC, 0x3F, 0xFC, 0x3F, 0xFC, 0x3E, 0x7C, 0x3E, 0x7C, 0x3E, 0x7C, 0x3E, 0x7C, 0x3C, 0x7C,
    0x3C, 0x7C, 0x7C, 0x7C, 0xFC, 0x7F, 0xF8, 0x7F, 0xF0, 0x7E, 0x00, 0x1E, 0x00, 0x1E, 0x00, 0x3E,
    0x00, 0x3C, 0x70, 0x0F, 0xF8, 0x0F, 0xF8, 0x0F, 0xF8, 0x0F, 0xF8, 0x0F, 0xF8, 0x0F, 0xF8, 0x0F,
    0xF8, 0x0F, 0xFF, 0xFF, 0xFF, 0xFF, 0xFF, 0xFF, 0xFF, 0xFF, 0xF8, 0x0F, 0xF8, 0x0F, 0xF8, 0x0F,
    0xF8, 0x0F, 0xF8, 0x0F, 0xF8, 0x0F, 0xF8, 0x0F, 0x00, 0x0F, 0x00, 0x0F, 0x00, 0x7F, 0x00, 0x7F,
    0x00, 0x7E, 0x00, 0x38, 0xF0, 0x7F, 0xC3, 0xFE, 0x1F, 0xF0, 0xFF, 0x87, 0xFF, 0xFF, 0xFF, 0xFF,
    0xFF, 0xFF, 0xFF, 0xC3, 0xFE, 0x1F, 0xF0, 0xFF, 0x87, 0xFC, 0x3C, 0x01, 0xE0, 0x0F, 0x03, 0xF8,
    0x1F, 0xC0, 0xFC, 0x03, 0x80, 0x70, 0x0F, 0x1F, 0x01, 0xE3, 0xE0, 0x3C, 0x7C, 0x07, 0x8F, 0x80,
    0xF1, 0xF0, 0x1E, 0x3E, 0x03, 0xC7, 0xC0, 0x78, 0xFF, 0xFF, 0x1F, 0xFF, 0xE3, 0xFF, 0xFC, 0x7F,
    0xFF, 0x8F, 0x80, 0xF1, 0xF0, 0x1E, 0x3E, 0x03, 0xC7, 0xC0, 0x78, 0xF8, 0x0F, 0xDF, 0x01, 0xFB,
    0xE0, 0x3F, 0x00, 0x03, 0xE0, 0x00, 0x78, 0x00, 0x0F, 0x00, 0x01, 0xE0, 0xF0, 0x78, 0xF8, 0x78,
    0xF8, 0x78, 0xF8, 0x78, 0xF8, 0x78, 0xFF, 0xF8, 0xFF, 0xF8, 0xFF, 0xF8, 0xFF, 0xF8, 0xF8, 0x78,
    0xF8, 0x78, 0xF8, 0x7E, 0xF8, 0x7E, 0xF8, 0x7E, 0x00, 0x3E, 0x00, 0x3C, 0x00, 0x3C, 0x00, 0x7C,
    0x70, 0x1E, 0x7C, 0x0F, 0x3E, 0x07, 0x9F, 0x03, 0xCF, 0x81, 0xE7, 0xC0, 0xF3, 0xE0, 0x79, 0xF0,
    0x3C, 0xF8, 0x1E, 0x3F, 0xFF, 0x1F, 0xFF, 0x87, 0xFF, 0xC0, 0xFD, 0xE0, 0x00, 0xF0, 0x00, 0x78,
    0x00, 0x3C, 0x00, 0x1F, 0x80, 0x0F, 0xC0, 0x07, 0xE0, 0x00, 0xF0, 0x00, 0x78, 0x00, 0x3C, 0x00,
    0x1E, 0xF0, 0xF9, 0xF1, 0xF3, 0xE3, 0xE7, 0xC7, 0xCF, 0x8F, 0x9F, 0x1F, 0x3E, 0x3E, 0x3F, 0xFC,
    0x7F, 0xF8, 0x7F, 0xF0, 0x03, 0xE0, 0x07, 0xF0, 0x0F, 0xE0, 0x1F, 0xC0, 0x0F, 0x80, 0x1F, 0x00,
    0x3E, 0x00, 0x7C, 0x7C, 0x01, 0xF1, 0xFC, 0x07, 0xF3, 0xF8, 0x0F, 0xE7, 0xF8, 0x1F, 0xCF, 0xF0,
    0x7F, 0x9F, 0xE0, 0xFF, 0x3F, 0xE3, 0xFE, 0x7F, 0xC7, 0xFC, 0xFF, 0x8F, 0xF9, 0xFF, 0xBF, 0xF3,
    0xEF, 0x7B, 0xE7, 0xDE, 0xF7, 0xCF, 0xBD, 0xEF, 0x9F, 0x3F, 0x9F, 0x3E, 0x7F, 0x3E, 0x7C, 0xFE,
    0x7C, 0xF8, 0xF8, 0xFF, 0xF1, 0xF1, 0xFF, 0xE3, 0xE3, 0xF0, 0x00, 0x01, 0xE0, 0x00, 0x03, 0xC0,
    0x00, 0x0F, 0x00, 0x00, 0x1E, 0x00, 0xFC, 0x0F, 0xCF, 0xE1, 0xFC, 0xFE, 0x1F, 0xCF, 0xE1, 0xFC,
    0xFF, 0x3F, 0xCF, 0xF3, 0xFC, 0xFF, 0xBF, 0xCF, 0x7F, 0xBC, 0xF7, 0xFB, 0xCF, 0x7F, 0xBC, 0xF3,
    0xF3, 0xCF, 0x3F, 0x3F, 0xF1, 0xF3, 0xFF, 0x1E, 0x3F, 0x00, 0x01, 0xE0, 0x00, 0x1E, 0x00, 0x03,
    0xE0, 0x00, 0x3C, 0x77, 0xFF, 0xFF, 0xFF, 0xFF, 0xFF, 0xFF, 0xFF, 0xFF, 0xFF, 0xFF, 0xFE, 0x07,
    0x1C, 0x01, 0xFF, 0x00, 0x3F, 0x80, 0x07, 0xC0, 0x00, 0x00, 0x00, 0x78, 0x00, 0x3F, 0x00, 0x0F,
    0xE0, 0x07, 0xF8, 0x01, 0xFE, 0x00, 0x7F, 0xC0, 0x3F, 0xF0, 0x0F, 0xBC, 0x03, 0xCF, 0x81, 0xF3,
    0xE0, 0x7C, 0x78, 0x1F, 0x1F, 0x0F, 0xFF, 0xC3, 0xFF, 0xF0, 0xFF, 0xFE, 0x7C, 0x0F, 0x9F, 0x01,
    0xF7, 0x80, 0x7F, 0xE0, 0x1F, 0x1C, 0x70, 0xFF, 0x07, 0xF8, 0x0F, 0x80, 0x00, 0x07, 0xE0, 0xFF,
    0xC7, 0xFF, 0x7C, 0xFB, 0xC3, 0xC0, 0x3E, 0x3F, 0xF7, 0xFF, 0xBF, 0xBF, 0xE1, 0xFF, 0x1F, 0x7F,
    0xFB, 0xFF, 0xCF, 0xFE, 0x1C, 0x00, 0x07, 0x3C, 0x03, 0xEF, 0x00, 0xFB, 0xC0, 0x1C, 0xE0, 0x00,
    0x00, 0x00, 0x78, 0x00, 0x3F, 0x00, 0x0F, 0xE0, 0x07, 0xF8, 0x01, 0xFE, 0x00, 0x7F, 0xC0, 0x3F,
    0xF0, 0x0F, 0xBC, 0x03, 0xCF, 0x81, 0xF3, 0xE0, 0x7C, 0x78, 0x1F, 0x1F, 0x0F, 0xFF, 0xC3, 0xFF,
    0xF0, 0xFF, 0xFE, 0x7C, 0x0F, 0x9F, 0x01, 0xF7, 0x80, 0x7F, 0xE0, 0x1F, 0x1C, 0xF1, 0xF7, 0x8F,
    0xBC, 0x39, 0xC0, 0x00, 0x07, 0xE0, 0xFF, 0xC7, 0xFF, 0x7C, 0xFB, 0xC3, 0xC0, 0x3E, 0x3F, 0xF7,
    0xFF, 0xBF, 0xBF, 0xE1, 0xFF, 0x1F, 0x7F, 0xFB, 0xFF, 0xCF, 0xFE, 0x1C, 0x00, 0x00, 0xFF, 0xFF,
    0x00, 0x7F, 0xFF, 0xC0, 0x7F, 0xFF, 0xE0, 0x3F, 0xFF, 0xF0, 0x3E, 0xF0, 0x00, 0x1F, 0x78, 0x00,
    0x1F, 0x3C, 0x00, 0x0F, 0x9E, 0x00, 0x07, 0x8F, 0xFF, 0x07, 0xC7, 0xFF, 0x83, 0xC3, 0xFF, 0xC3,
    0xE1, 0xFF, 0xE1, 0xFF, 0xF0, 0x01, 0xFF, 0xF8, 0x00, 0xFF, 0xFC, 0x00, 0x78, 0x1F, 0xFE, 0x7C,
    0x0F, 0xFF, 0xBE, 0x07, 0xFF, 0xFE, 0x03, 0xFF, 0xE0, 0x0F, 0xC7, 0xC0, 0xFF, 0xFF, 0xC3, 0xFF,
    0xFF, 0x9F, 0x3F, 0xBE, 0x78, 0x78, 0x7C, 0x01, 0xE0, 0xF1, 0xFF, 0xFF, 0xDF, 0xFF, 0xFF, 0x7F,
    0xFF, 0xFD, 0xE1, 0xE0, 0x0F, 0x8F, 0xC7, 0xDF, 0xFF, 0xFE, 0x7F, 0xFF, 0xF8, 0xFF, 0x3F, 0xC0,
    0xE0, 0x38, 0x00, 0x38, 0xE1, 0xFF, 0x07, 0xF0, 0x1F, 0x00, 0x00, 0x3F, 0xFF, 0xFF, 0xFF, 0xFF,
    0xFF, 0xFF, 0xC0, 0x3E, 0x01, 0xF0, 0x0F, 0x80, 0x7F, 0xFF, 0xFF, 0xFF, 0xFF, 0xFF, 0xF7, 0xC0,
    0x3E, 0x01, 0xF0, 0x0F, 0xFF, 0x7F, 0xFF, 0xFF, 0xFF, 0xFF, 0x1C, 0x70, 0x7F, 0xC0, 0xFE, 0x01,
    0xF0, 0x00, 0x00, 0x1F, 0x01, 0xFF, 0x0F, 0xFE, 0x7E, 0xF9, 0xE0, 0xF7, 0x83, 0xDF, 0xFF, 0x7F,
    0xFD, 0xFF, 0xF7, 0x80, 0x1F, 0x0F, 0x3F, 0xFC, 0xFF, 0xE0, 0xFF, 0x00, 0xE0, 0x03, 0xC0, 0x0F,
    0xFC, 0x0F, 0xFF, 0x0F, 0xFF, 0xC7, 0xC3, 0xF7, 0xC0, 0xFB, 0xE0, 0x3C, 0x00, 0x1F, 0xFF, 0xFF,
    0xFF, 0xFF, 0xFF, 0xFF, 0xFF, 0xFF, 0xFF, 0x00, 0xFF, 0xC0, 0x7B, 0xE0, 0x7C, 0xFC, 0xFE, 0x3F,
    0xFE, 0x1F, 0xFE, 0x03, 0xFC, 0x00, 0x78, 0x00, 0x0F, 0xC0, 0xFF, 0xC7, 0xFF, 0x9F, 0x3E, 0x78,
    0x7C, 0x00, 0xF7, 0xFF, 0xDF, 0xFF, 0x7F, 0xFD, 0xE0, 0xF7, 0xC7, 0xCF, 0xFE, 0x3F, 0xF0, 0x7F,
    0x80, 0x30, 0x00, 0x0E, 0x70, 0x0F, 0xBC, 0x07, 0x9E, 0x01, 0xCE, 0x00, 0x00, 0x00, 0x1E, 0x00,
    0x7F, 0xE0, 0x7F, 0xF8, 0x7F, 0xFE, 0x3E, 0x1F, 0xBE, 0x07, 0xDF, 0x01, 0xE0, 0x00, 0xFF, 0xFF,
    0xFF, 0xFF, 0xFF, 0xFF, 0xFF, 0xFF, 0xFF, 0xF8, 0x07, 0xFE, 0x03, 0xDF, 0x03, 0xE7, 0xE7, 0xF1,
    0xFF, 0xF0, 0xFF, 0xF0, 0x1F, 0xE0, 0x03, 0xC0, 0x00, 0x1C, 0xF0, 0x7B, 0xC1, 0xEF, 0x07, 0x1C,
    0x00, 0x00, 0x3F, 0x03, 0xFF, 0x1F, 0xFE, 0x7C, 0xF9, 0xE1, 0xF0, 0x03, 0xDF, 0xFF, 0x7F, 0xFD,
    0xFF, 0xF7, 0x83, 0xDF, 0x1F, 0x3F, 0xF8, 0xFF, 0xC1, 0xFE, 0x00, 0xC0, 0x00, 0x73, 0xC0, 0x00,
    0x3E, 0xF0, 0x00, 0x0F, 0xBC, 0x00, 0x01, 0xCE, 0x00, 0x00, 0x00, 0x00, 0x1E, 0x07, 0x81, 0xE7,
    0xC1, 0xE0, 0xFD, 0xF8, 0x78, 0x3E, 0x3E, 0x1E, 0x1F, 0x07, 0xC7, 0x87, 0xC1, 0xF1, 0xE3, 0xE0,
    0x3E, 0x78, 0xF8, 0x07, 0x9E, 0x7C, 0x01, 0xFF, 0xFE, 0x00, 0x3F, 0xFF, 0x80, 0x1F, 0xFF, 0xE0,
    0x07, 0xFF, 0xFC, 0x03, 0xE7, 0x8F, 0x01, 0xF1, 0xE3, 0xE0, 0x7C, 0x78, 0x7C, 0x3E, 0x1E, 0x1F,
    0x0F, 0x87, 0x83, 0xE7, 0xC1, 0xE0, 0xFB, 0xF0, 0x78, 0x1F, 0x03, 0xCE, 0x00, 0x1E, 0xF8, 0x00,
    0xF7, 0xC0, 0x03, 0x1C, 0x00, 0x00, 0x00, 0x7C, 0x3C, 0x7D, 0xF1, 0xE3, 0xEF, 0x8F, 0x3E, 0x3E,
    0x7B, 0xE0, 0xFB, 0xDE, 0x03, 0xFF, 0xF0, 0x1F, 0xFF, 0x00, 0x7F, 0xF8, 0x07, 0xFF, 0xE0, 0x7D,
    0xFF, 0x07, 0xEF, 0x7C, 0x3E, 0x79, 0xF3, 0xE3, 0xCF, 0xBE, 0x1E, 0x3E, 0x1C, 0xE0, 0xF3, 0xC3,
    0xCF, 0x07, 0x38, 0x00, 0x00, 0x1E, 0x01, 0xFE, 0x1F, 0xFE, 0x7F, 0xFB, 0xE1, 0xFF, 0x87, 0xC0,
    0x1F, 0x00, 0xF8, 0x1F, 0xE0, 0x7E, 0x01, 0xFE, 0x01, 0xFC, 0x01, 0xFF, 0x03, 0xFC, 0x0F, 0xF8,
    0x7D, 0xFF, 0xF7, 0xFF, 0x87, 0xF8, 0x07, 0x80, 0x39, 0xE1, 0xEF, 0x0F, 0x78, 0x71, 0xC0, 0x00,
    0x07, 0xC0, 0xFF, 0x8F, 0xFC, 0x7D, 0xF3, 0xC7, 0x80, 0x7C, 0x0F, 0xC0, 0x7E, 0x03, 0xF9, 0xC3,
    0xCF, 0x1E, 0x7F, 0xF3, 0xFF, 0x87, 0xF0, 0x0C, 0x00, 0x7F, 0xF9, 0xFF, 0xF7, 0xFF, 0xDF, 0xFE,
    0x00, 0xF8, 0x07, 0xC0, 0x3E, 0x01, 0xF0, 0x0F, 0xE0, 0x3F, 0xC0, 0xFF, 0x80, 0x1F, 0x00, 0x3F,
    0xC0, 0xFF, 0x07, 0xFE, 0x3F, 0x7F, 0xF9, 0xFF, 0xE1, 0xFE, 0x01, 0xE0, 0x7F, 0xF9, 0xFF, 0xF7,
    0xFF, 0xDF, 0xFE, 0x00, 0xF8, 0x07, 0xC0, 0x3E, 0x01, 0xF0, 0x0F, 0xE0, 0x3F, 0xC0, 0xFF, 0x80,
    0x1F, 0x00, 0x3F, 0xC0, 0xFF, 0x07, 0xFE, 0x3F, 0x7F, 0xF9, 0xFF, 0xE1, 0xFE, 0x01, 0xE0, 0x07,
    0xF0, 0x07, 0xF8, 0x03, 0xFC, 0x00, 0x00, 0x00, 0x00, 0x03, 0x80, 0x7B, 0xE0, 0x7F, 0xF0, 0x3F,
    0xF8, 0x3F, 0xFC, 0x3F, 0xFE, 0x1F, 0xFF, 0x1F, 0xFF, 0x8F, 0xFF, 0xCF, 0xFF, 0xEF, 0xBF, 0xF7,
    0x9F, 0xFF, 0xCF, 0xFF, 0xC7, 0xFF, 0xE3, 0xFF, 0xE1, 0xFF, 0xE0, 0xFF, 0xF0, 0x7F, 0xF0, 0x3F,
    0xF0, 0x1F, 0x1F, 0xC0, 0xFF, 0x07, 0xF8, 0x00, 0x00, 0x00, 0x78, 0x3F, 0xE1, 0xFF, 0x1F, 0xF9,
    0xFF, 0xCF, 0xFE, 0xFF, 0xFF, 0xFF, 0xFF, 0xFF, 0xBF, 0xF9, 0xFF, 0xCF, 0xFC, 0x7F, 0xC3, 0xFC,
    0x1E, 0x0E, 0x78, 0x0F, 0xBC, 0x07, 0xDE, 0x01, 0xCE, 0x00, 0x00, 0x03, 0x80, 0x7B, 0xE0, 0x7F,
    0xF0, 0x3F, 0xF8, 0x3F, 0xFC, 0x3F, 0xFE, 0x1F, 0xFF, 0x1F, 0xFF, 0x8F, 0xFF, 0xCF, 0xFF, 0xEF,
    0xBF, 0xF7, 0x9F, 0xFF, 0xCF, 0xFF, 0xC7, 0xFF, 0xE3, 0xFF, 0xE1, 0xFF, 0xE0, 0xFF, 0xF0, 0x7F,
    0xF0, 0x3F, 0xF0, 0x1F, 0x3C, 0xE1, 0xEF, 0x8F, 0x7C, 0x31, 0xC0, 0x00, 0x78, 0x3F, 0xE1, 0xFF,
    0x1F, 0xF9, 0xFF, 0xCF, 0xFE, 0xFF, 0xFF, 0xFF, 0xFF, 0xFF, 0xBF, 0xF9, 0xFF, 0xCF, 0xFC, 0x7F,
    0xC3, 0xFC, 0x1E, 0x0F, 0x38, 0x03, 0xDE, 0x00, 0xF7, 0x80, 0x38, 0xE0, 0x00, 0x00, 0x00, 0xF8,
    0x00, 0xFF, 0x80, 0x7F, 0xF8, 0x3F, 0xFE, 0x1F, 0x8F, 0xCF, 0xC0, 0xFB, 0xE0, 0x3E, 0xF8, 0x07,
    0xBC, 0x01, 0xEF, 0x00, 0x7B, 0xC0, 0x1E, 0xF0, 0x07, 0xBE, 0x01, 0xEF, 0x80, 0xF9, 0xF0, 0x7E,
    0x7F, 0x7F, 0x0F, 0xFF, 0x81, 0xFF, 0xC0, 0x3F, 0xE0, 0x01, 0xC0, 0x00, 0x1E, 0x70, 0x3D, 0xE0,
    0x7B, 0xC0, 0xE3, 0x80, 0x00, 0x00, 0xF8, 0x07, 0xFC, 0x1F, 0xFC, 0x7F, 0xFC, 0xF8, 0xF9, 0xE0,
    0xF3, 0xC1, 0xF7, 0x83, 0xEF, 0x07, 0xDE, 0x0F, 0x3E, 0x3E, 0x3F, 0xF8, 0x7F, 0xF0, 0x3F, 0xC0,
    0x1C, 0x00, 0x03, 0xE0, 0x03, 0xFE, 0x01, 0xFF, 0xE0, 0xFF, 0xF8, 0x7E, 0x3F, 0x3F, 0x03, 0xEF,
    0x80, 0xFB, 0xE0, 0x1E, 0xFF, 0xFF, 0xBF, 0xFF, 0xEF, 0xFF, 0xFB, 0xFF, 0xFE, 0xF8, 0x07, 0xBE,
    0x03, 0xE7, 0xC1, 0xF9, 0xFD, 0xFC, 0x3F, 0xFE, 0x07, 0xFF, 0x00, 0xFF, 0x80, 0x07, 0x00, 0x07,
    0xC0, 0x3F, 0xE0, 0xFF, 0xE3, 0xFF, 0xE7, 0xC7, 0xCF, 0x07, 0x9F, 0xFF, 0xBF, 0xFF, 0x79, 0xFE,
    0xF0, 0x79, 0xF1, 0xF1, 0xFF, 0xC3, 0xFF, 0x81, 0xFE, 0x00, 0xE0, 0x00, 0x0F, 0x38, 0x03, 0xDE,
    0x00, 0xF7, 0x80, 0x38, 0xE0, 0x00, 0x00, 0x00, 0xF8, 0x00, 0xFF, 0x80, 0x7F, 0xF8, 0x3F, 0xFE,
    0x1F, 0x8F, 0xCF, 0xC0, 0xFB, 0xE0, 0x3E, 0xF8, 0x07, 0xBF, 0xFF, 0xEF, 0xFF, 0xFB, 0xFF, 0xFE,
    0xFF, 0xFF, 0xBE, 0x01, 0xEF, 0x80, 0xF9, 0xF0, 0x7E, 0x7F, 0x7F, 0x0F, 0xFF, 0x81, 0xFF, 0xC0,
    0x3F, 0xE0, 0x01, 0xC0, 0x00, 0x1E, 0x70, 0x3D, 0xE0, 0x7B, 0xC0, 0xE3, 0x80, 0x00, 0x00, 0xF8,
    0x07, 0xFC, 0x1F, 0xFC, 0x7F, 0xFC, 0xF8, 0xF9, 0xE0, 0xF3, 0xFF, 0xF7, 0xFF, 0xEF, 0x3F, 0xDE,
    0x0F, 0x3E, 0x3E, 0x3F, 0xF8, 0x7F, 0xF0, 0x3F, 0xC0, 0x1C, 0x00, 0x0F, 0x38, 0x03, 0xDF, 0x00,
    0xF7, 0xC0, 0x1C, 0xE0, 0x00, 0x00, 0x00, 0xF8, 0x00, 0xFF, 0xC0, 0x7F, 0xF8, 0x3F, 0xFF, 0x1F,
    0x87, 0xC7, 0xC0, 0xF9, 0xE0, 0x1E, 0x00, 0x07, 0xC0, 0x7F, 0xF0, 0x1F, 0xFC, 0x07, 0xFF, 0x01,
    0xFF, 0xDE, 0x01, 0xE7, 0x80, 0xF9, 0xF0, 0x3E, 0x3F, 0x3F, 0x0F, 0xFF, 0xC1, 0xFF, 0xE0, 0x3F,
    0xE0, 0x01, 0xC0, 0x00, 0x1C, 0xE0, 0xF3, 0xC3, 0xCF, 0x07, 0x38, 0x00, 0x00, 0x3F, 0x03, 0xFF,
    0x0F, 0xFC, 0x7F, 0xF9, 0xE1, 0xF3, 0x07, 0xC1, 0xFF, 0x07, 0xFC, 0x0F, 0xF7, 0x87, 0xDE, 0x1E,
    0x7F, 0xF8, 0xFF, 0xC1, 0xFE, 0x01, 0xC0, 0x07, 0xF0, 0x03, 0xF8, 0x01, 0xFC, 0x00, 0x00, 0x00,
    0x00, 0x03, 0xC0, 0x3B, 0xF0, 0x3E, 0xF8, 0x3E, 0x7C, 0x1F, 0x1F, 0x0F, 0x0F, 0x8F, 0x83, 0xE7,
    0xC1, 0xF7, 0xC0, 0x7B, 0xE0, 0x3F, 0xE0, 0x0F, 0xF0, 0x07, 0xF0, 0x01, 0xF8, 0x00, 0xF8, 0x00,
    0x7C, 0x01, 0xFE, 0x00, 0xFE, 0x00, 0x7E, 0x00, 0x3E, 0x00, 0x0F, 0xE0, 0x3F, 0xC0, 0x7F, 0x80,
    0x00, 0x00, 0x00, 0x1F, 0x07, 0xFE, 0x0F, 0x3C, 0x1E, 0x7C, 0x7C, 0xF8, 0xF0, 0xF1, 0xE1, 0xF7,
    0xC1, 0xEF, 0x03, 0xDE, 0x07, 0xF8, 0x07, 0xF0, 0x0F, 0xE0, 0x1F, 0x80, 0x1F, 0x00, 0x3E, 0x00,
    0x78, 0x07, 0xF0, 0x1F, 0xC0, 0x3F, 0x00, 0x18, 0x00, 0x0F, 0x38, 0x07, 0xBC, 0x03, 0xDE, 0x01,
    0xC7, 0x00, 0x00, 0x03, 0xC0, 0x3B, 0xF0, 0x3E, 0xF8, 0x3E, 0x7C, 0x1F, 0x1F, 0x0F, 0x0F, 0x8F,
    0x83, 0xE7, 0xC1, 0xF7, 0xC0, 0x7B, 0xE0, 0x3F, 0xE0, 0x0F, 0xF0, 0x07, 0xF0, 0x01, 0xF8, 0x00,
    0xF8, 0x00, 0x7C, 0x01, 0xFE, 0x00, 0xFE, 0x00, 0x7E, 0x00, 0x3E, 0x00, 0x1C, 0xF0, 0x7D, 0xE0,
    0x7B, 0xC0, 0xE3, 0x80, 0x00, 0x1F, 0x07, 0xFE, 0x0F, 0x3C, 0x1E, 0x7C, 0x7C, 0xF8, 0xF0, 0xF1,
    0xE1, 0xF7, 0xC1, 0xEF, 0x03, 0xDE, 0x07, 0xF8, 0x07, 0xF0, 0x0F, 0xE0, 0x1F, 0x80, 0x1F, 0x00,
    0x3E, 0x00, 0x78, 0x07, 0xF0, 0x1F, 0xC0, 0x3F, 0x00, 0x18, 0x00, 0x07, 0xBC, 0x03, 0xFC, 0x03,
    0xDE, 0x01, 0xDE, 0x00, 0x00, 0x03, 0xC0, 0x3B, 0xF0, 0x3E, 0xF8, 0x3E, 0x7C, 0x1F, 0x1F, 0x0F,
    0x0F, 0x8F, 0x83, 0xE7, 0xC1, 0xF7, 0xC0, 0x7B, 0xE0, 0x3F, 0xE0, 0x0F, 0xF0, 0x07, 0xF0, 0x01,
    0xF8, 0x00, 0xF8, 0x00, 0x7C, 0x01, 0xFE, 0x00, 0xFE, 0x00, 0x7E, 0x00, 0x3E, 0x00, 0x0F, 0x78,
    0x1D, 0xE0, 0x7B, 0x80, 0xEF, 0x00, 0x00, 0x1F, 0x07, 0xFE, 0x0F, 0x3C, 0x1E, 0x7C, 0x7C, 0xF8,
    0xF0, 0xF1, 0xE1, 0xF7, 0xC1, 0xEF, 0x03, 0xDE, 0x07, 0xF8, 0x07, 0xF0, 0x0F, 0xE0, 0x1F, 0x80,
    0x1F, 0x00, 0x3E, 0x00, 0x78, 0x07, 0xF0, 0x1F, 0xC0, 0x3F, 0x00, 0x18, 0x00, 0x1E, 0x70, 0x3D,
    0xF0, 0x7B, 0xE0, 0x63, 0x80, 0x00, 0x0E, 0x03, 0xFE, 0x07, 0xFC, 0x0F, 0xF8, 0x1F, 0xF0, 0x3F,
    0xE0, 0x7F, 0xC0, 0xFF, 0x81, 0xFF, 0x03, 0xDF, 0xFF, 0xBF, 0xFF, 0x3F, 0xFE, 0x1F, 0xBC, 0x00,
    0x78, 0x00, 0xF0, 0x01, 0xE0, 0x03, 0xC0, 0x07, 0x80, 0x0F, 0x39, 0xE1, 0xEF, 0x0F, 0x78, 0x71,
    0xC0, 0x00, 0x78, 0x7F, 0xE3, 0xFF, 0x1F, 0xF8, 0xFF, 0xC7, 0xFE, 0x3F, 0xF1, 0xF7, 0xFF, 0xBF,
    0xFC, 0xFF, 0xE0, 0x1F, 0x00, 0xF8, 0x07, 0xC0, 0x3E, 0x7F, 0xF7, 0xFF, 0xFF, 0xFF, 0xFF, 0xFF,
    0x80, 0x7C, 0x03, 0xE0, 0x1F, 0x00, 0xF8, 0x07, 0xC0, 0x3E, 0x01, 0xF0, 0x0F, 0x80, 0x7C, 0x03,
    0xE0, 0x1F, 0x00, 0xFE, 0x07, 0xF0, 0x3F, 0x80, 0x7C, 0x03, 0xE0, 0x1E, 0x00, 0xF0, 0x00, 0xFF,
    0xFF, 0xFF, 0xFF, 0xFF, 0xF8, 0x3E, 0x0F, 0x83, 0xE0, 0xF8, 0x3E, 0x0F, 0x83, 0xF0, 0xFC, 0x3F,
    0x03, 0xC0, 0xF0, 0x3C, 0x0F, 0x00, 0x07, 0x9C, 0x00, 0x3D, 0xF0, 0x01, 0xEF, 0x80, 0x07, 0x38,
    0x00, 0x00, 0x00, 0x38, 0x00, 0x3B, 0xE0, 0x03, 0xFF, 0x00, 0x1F, 0xF8, 0x00, 0xFF, 0xC0, 0x07,
    0xFE, 0x00, 0x3F, 0xF0, 0x01, 0xFF, 0xFE, 0x0F, 0xFF, 0xFC, 0x7F, 0xFF, 0xF3, 0xFF, 0xFF, 0x9F,
    0xF8, 0x3E, 0xFF, 0xC1, 0xF7, 0xFE, 0x0F, 0xBF, 0xF0, 0x7D, 0xFF, 0x8F, 0xCF, 0xFF, 0xFE, 0x7F,
    0xFF, 0xE3, 0xFF, 0xFE, 0x1F, 0x0F, 0x38, 0x03, 0xDF, 0x00, 0xF7, 0xC0, 0x1C, 0xE0, 0x00, 0x00,
    0x3C, 0x01, 0xFF, 0x80, 0x7F, 0xE0, 0x1F, 0xF8, 0x07, 0xFF, 0xC1, 0xFF, 0xFE, 0x7F, 0xFF, 0xDF,
    0xFF, 0xFF, 0xFE, 0x3F, 0xFF, 0x87, 0xFF, 0xE3, 0xFF, 0xFF, 0xF7, 0xFF, 0xFD, 0xFF, 0xFE, 0x7C,
    0x1F, 0xFC, 0x7F, 0xFC, 0xFF, 0xF9, 0xFF, 0xF3, 0xE0, 0x07, 0xC0, 0x0F, 0x80, 0x1F, 0x00, 0xFF,
    0xE1, 0xFF, 0xC3, 0xFF, 0x83, 0xFF, 0x03, 0xE0, 0x07, 0xC0, 0x0F, 0x80, 0x1F, 0x00, 0x3F, 0x80,
    0x7F, 0x00, 0xFE, 0x00, 0x3C, 0x00, 0xF8, 0x07, 0xE0, 0x0F, 0xC0, 0x1F, 0x00, 0x38, 0x00, 0x3F,
    0xF3, 0xFF, 0x3F, 0xF3, 0xFF, 0x3E, 0x07, 0xFC, 0xFF, 0xCF, 0xFC, 0x3E, 0x03, 0xE0, 0x3E, 0x03,
    0xF0, 0x3F, 0x83, 0xF8, 0x0F, 0x80, 0xF0, 0x3F, 0x07, 0xF0, 0x7E, 0x03, 0x80, 0x78, 0x07, 0x8F,
    0x81, 0xF0, 0xF8, 0x7C, 0x1F, 0x8F, 0x81, 0xF3, 0xE0, 0x1F, 0x78, 0x03, 0xFF, 0x00, 0x3F, 0xC0,
    0x03, 0xF0, 0x00, 0x7E, 0x00, 0x0F, 0xC0, 0x03, 0xFC, 0x00, 0x7F, 0xC0, 0x1F, 0xF8, 0x07, 0xCF,
    0x80, 0xF8, 0xF8, 0x3E, 0x1F, 0xEF, 0x81, 0xFF, 0xF0, 0x1F, 0x80, 0x00, 0xF0, 0x00, 0x1E, 0x00,
    0x1F, 0xC0, 0x03, 0xF8, 0x00, 0x7E, 0x00, 0x06, 0x00, 0xF8, 0x7B, 0xC7, 0xDF, 0x3C, 0x7B, 0xE3,
    0xFE, 0x0F, 0xF0, 0x3F, 0x01, 0xF8, 0x1F, 0xC0, 0xFF, 0x0F, 0xF8, 0x7B, 0xE7, 0xCF, 0xFC, 0x3C,
    0x01, 0xE0, 0x0F, 0x03, 0xF8, 0x1F, 0xC0, 0xFC, 0x03, 0x80, 0x78, 0x07, 0x9F, 0x03, 0xE3, 0xE1,
    0xF0, 0xFC, 0x7C, 0x1F, 0x3E, 0x03, 0xEF, 0x00, 0xFF, 0xC0, 0x1F, 0xE0, 0x3F, 0xFF, 0x0F, 0xFF,
    0xE3, 0xFF, 0xF8, 0x1F, 0xE0, 0x07, 0xFC, 0x03, 0xFF, 0x01, 0xF3, 0xE0, 0x7C, 0x7C, 0x3E, 0x1F,
    0x1F, 0x03, 0xEF, 0xC0, 0x7C, 0x78, 0x7D, 0xF1, 0xE3, 0xCF, 0x8F, 0xBC, 0x1F, 0xE0, 0x7F, 0x87,
    0xFF, 0x9F, 0xFE, 0x0F, 0xE0, 0x7F, 0x83, 0xFF, 0x0F, 0x3E, 0x7C, 0x7B, 0xE1, 0xF0, 0xFC, 0x3E,
    0xF8, 0x7C, 0xF8, 0xF9, 0xF1, 0xF1, 0xF3, 0xE3, 0xF7, 0xCF, 0xEF, 0x3F, 0xFE, 0x7B, 0xF9, 0xF7,
    0xE3, 0xE7, 0xC7, 0xC7, 0xCF, 0x8F, 0x9F, 0x0F, 0xBE, 0x1F, 0x80, 0xFF, 0xE3, 0xFF, 0x8F, 0xFF,
    0x00, 0x7C, 0x01, 0xF0, 0x07, 0xC0, 0x1F, 0x00, 0x7C, 0x01, 0xF0, 0x07, 0xC0, 0x1F, 0x00, 0x7C,
    0xFF, 0xFF, 0xFF, 0xFF, 0xFF, 0xC0, 0x7E, 0x1F, 0xC7, 0xF8, 0x1E, 0x07, 0x81, 0xE0, 0x78, 0x1E,
    0x07, 0xC1, 0xF0, 0x7C, 0x7F, 0xFF, 0xFE, 0xFF, 0x3C, 0xFF, 0xFF, 0xFF, 0xFF, 0xFF, 0xC0, 0x7C,
    0x01, 0xF0, 0x07, 0xC0, 0x1F, 0x00, 0x7C, 0x01, 0xF0, 0x07, 0xC0, 0x1F, 0x00, 0x7C, 0x01, 0xF0,
    0x07, 0xC0, 0x1F, 0x00, 0xFF, 0xF3, 0xFF, 0xEF, 0xFF, 0xC0, 0x1F, 0x00, 0x3C, 0x00, 0xF0, 0x03,
    0xFE, 0x0F, 0xF8, 0x3F, 0xE0, 0xFF, 0x83, 0xFE, 0x0F, 0xF8, 0x3F, 0xE0, 0xFF, 0x83, 0xC0, 0xFF,
    0xFF, 0xFF, 0xFF, 0xFF, 0xFF, 0xFF, 0xFF, 0xFF, 0xE0, 0xFF, 0xFF, 0xFF, 0xFC, 0x38, 0x1C, 0x07,
    0x03, 0xC0, 0xF0, 0x3C, 0x0F, 0x83, 0xE0, 0x78, 0x1E, 0x07, 0x81, 0xF0, 0xFF, 0xF9, 0xFF, 0xFB,
    0xFF, 0xF7, 0xC3, 0xFF, 0x83, 0xFF, 0x07, 0xFE, 0x0F, 0xFC, 0x1F, 0xF8, 0x3F, 0xF0, 0x7F, 0xE0,
    0xFF, 0xC1, 0xFF, 0x83, 0xFF, 0x07, 0xFE, 0x0F, 0x80, 0xF9, 0xF9, 0xF3, 0xFB, 0xE7, 0xF7, 0xC3,
    0xEF, 0x83, 0xFF, 0x07, 0xFE, 0x0F, 0xFC, 0x1F, 0xF8, 0x3D, 0xF0, 0x7B, 0xE0, 0xF3, 0xE7, 0xE7,
    0xFF, 0x87, 0xFF, 0x07, 0xF8, 0x00, 0xFF, 0xFF, 0xFF, 0xFF, 0xFF, 0xF8, 0xFF, 0x8F, 0xFE, 0xFF,
    0xE0, 0x3F, 0x01, 0xF0, 0x0F, 0x00, 0xF0, 0x0F, 0x00, 0xF0, 0x0F, 0x00, 0xF0, 0x0F, 0x00, 0xF0,
    0x0F, 0x00, 0xF0, 0x0F, 0x00, 0xF0, 0x0F, 0x00, 0xF0, 0x0F, 0xFF, 0x87, 0xFF, 0x3F, 0xFC, 0x07,
    0xE0, 0x0F, 0x00, 0x7C, 0x03, 0xE0, 0x1F, 0x00, 0xF8, 0x07, 0xC0, 0x3C, 0x07, 0xEF, 0xFF, 0x7F,
    0xF3, 0xFE, 0x00, 0xF8, 0x07, 0xC0, 0x3E, 0x01, 0xF0, 0x0F, 0xFF, 0xFF, 0xFF, 0xFF, 0xE0, 0x1F,
    0x00, 0xF0, 0x0F, 0x80, 0x7C, 0x07, 0xC0, 0x3E, 0x01, 0xE0, 0x1F, 0x00, 0xF8, 0x0F, 0x80, 0x7C,
    0x03, 0xC0, 0xFF, 0xF9, 0xFF, 0xFB, 0xFF, 0xF7, 0xC3, 0xFF, 0x83, 0xFF, 0x07, 0xFE, 0x0F, 0xFC,
    0x1F, 0xF8, 0x3F, 0xF0, 0x7F, 0xE0, 0xFF, 0xC1, 0xFF, 0xFF, 0xFF, 0xFF, 0xFF, 0xFF, 0x80, 0x79,
    0xF8, 0xF7, 0xF9, 0xFF, 0xF3, 0xFB, 0xF7, 0xC3, 0xEF, 0x87, 0xDF, 0x0F, 0xBE, 0x1F, 0x78, 0x3E,
    0xF0, 0x7D, 0xE0, 0xFF, 0xC1, 0xFF, 0x9F, 0xFF, 0x3F, 0xFC, 0x7F, 0x80, 0xFF, 0xFF, 0xFF, 0xFF,
    0xFF, 0xFF, 0xFF, 0xFF, 0xFF, 0xFF, 0xFF, 0xFF, 0xF0, 0x7E, 0x3F, 0x9F, 0xC1, 0xF0, 0xF8, 0x7C,
    0x3E, 0x1F, 0x0F, 0x87, 0xC3, 0xE1, 0xFF, 0xFF, 0xFF, 0xFE, 0xFF, 0xE1, 0xFF, 0xF3, 0xFF, 0xF1,
    0xC7, 0xE7, 0x83, 0xCF, 0x07, 0xFE, 0x0F, 0xFC, 0x1F, 0xF8, 0x3F, 0xF0, 0x7F, 0xE0, 0xF3, 0xF7,
    0xE7, 0xFF, 0x87, 0xFE, 0x03, 0xF8, 0x00, 0xF8, 0x3C, 0xF0, 0x79, 0xF0, 0xF3, 0xE1, 0xE3, 0xC3,
    0xC7, 0xC7, 0x8F, 0x8F, 0x0F, 0x1E, 0x1E, 0x3C, 0x3E, 0xF8, 0x3D, 0xF0, 0x7F, 0xC3, 0xFF, 0x1F,
    0xFE, 0x3F, 0xF0, 0x7F, 0x00, 0xFF, 0xE3, 0xFF, 0xCF, 0xFF, 0xBC, 0x3F, 0xF0, 0x7F, 0xC1, 0xFF,
    0x07, 0xFF, 0x9F, 0xFE, 0x7D, 0xF9, 0xF0, 0x07, 0xC0, 0x1F, 0x00, 0x7C, 0x01, 0xF0, 0x07, 0xC0,
    0x1F, 0x00, 0x7C, 0x01, 0xF0, 0x07, 0xC0, 0x1F, 0xFF, 0xE1, 0xFF, 0xF3, 0xFF, 0xE7, 0xC7, 0xEF,
    0x83, 0xDF, 0x07, 0x9F, 0x8F, 0xBF, 0x1F, 0x3E, 0x3E, 0x00, 0x78, 0x00, 0xF0, 0x07, 0xEF, 0xFF,
    0x9F, 0xFF, 0x3F, 0xF8, 0x00, 0xF8, 0x7F, 0xE1, 0xF7, 0x87, 0xDF, 0x1F, 0x7C, 0x7C, 0xF1, 0xF3,
    0xE7, 0xCF, 0xBE, 0x1F, 0xF8, 0x7F, 0xC1, 0xFE, 0x03, 0xE0, 0x0F, 0x80, 0x3E, 0x00, 0x78, 0x01,
    0xF0, 0x07, 0xC0, 0x0F, 0x00, 0x3E, 0x00, 0xF8, 0xFC, 0x3D, 0xF0, 0xF3, 0xE3, 0xCF, 0x8F, 0x1F,
    0x3C, 0x3F, 0xF0, 0xFF, 0xC1, 0xFE, 0x03, 0xE0, 0x0F, 0xC0, 0x1F, 0x00, 0x3E, 0x7F, 0xF9, 0xFF,
    0xE7, 0xFF, 0x80, 0xFF, 0xFF, 0xFF, 0xFF, 0xFF, 0xF8, 0x01, 0xF0, 0x03, 0xC0, 0x0F, 0x80, 0x1F,
    0x7C, 0x7C, 0xF8, 0xF9, 0xF1, 0xE3, 0xE7, 0xC7, 0xCF, 0x8F, 0x9E, 0x1F, 0x7C, 0x3E, 0xF8, 0x7C,
    0x00, 0xF8, 0x01, 0xF0, 0x03, 0xE0, 0x07, 0xC0, 0x00, 0xFF, 0xCF, 0xFE, 0xFF, 0xF0, 0x3F, 0x01,
    0xF0, 0x0F, 0x00, 0xF0, 0x0F, 0x00, 0xF0, 0x0F, 0x00, 0xF0, 0x0F, 0x00, 0xF0, 0x0F, 0x00, 0xF0,
    0xF9, 0xE3, 0xFE, 0x78, 0xFF, 0x9E, 0x3F, 0xE7, 0x8F, 0xF9, 0xE3, 0xFE, 0x78, 0xFF, 0xFE, 0x3F,
    0xFF, 0x9F, 0xFF, 0xC7, 0xFE, 0x01, 0xF7, 0xC0, 0xF9, 0xFC, 0xFE, 0x3F, 0xFF, 0x07, 0xFF, 0x80,
    0xFF, 0xC0, 0xFF, 0xF3, 0xFF, 0xEF, 0xFF, 0xC7, 0x1F, 0x3C, 0x3C, 0xF0, 0xF3, 0xC3, 0xDF, 0x0F,
    0x7C, 0x3C, 0xF0, 0xF3, 0xC3, 0xCF, 0x0F, 0xFC, 0x3F, 0xF0, 0xFF, 0xC3, 0xC0, 0xFF, 0xFF, 0xFF,
    0xE0, 0x00, 0xFF, 0xFF, 0xFF, 0xE0, 0x00, 0x7F, 0xFF, 0xFF, 0xFF, 0xFF, 0xFF, 0x7F, 0xFE, 0xFF,
    0xFF, 0xFF, 0xFF, 0xFE, 0x00, 0x00, 0xFF, 0xFF, 0xFF, 0xFF, 0xFF, 0xFF, 0xFF, 0xFF, 0xFF, 0xE0,
    0x00, 0x00, 0x00, 0xFF, 0xFF, 0xFF, 0xFF, 0xFF, 0xFF, 0xFF, 0xFF, 0xFF, 0xE0, 0x00, 0x00, 0x00,
    0x00, 0x3F, 0xEF, 0xFB, 0xFE, 0xFF, 0xBF, 0xEF, 0xFB, 0xFE, 0xFF, 0xBF, 0xEF, 0xFB, 0xFE, 0xFF,
    0xBF, 0xEF, 0xFB, 0xFE, 0xFF, 0xBF, 0xEF, 0xFB, 0xFE, 0xFF, 0xBF, 0xEF, 0xFB, 0xFE, 0xFF, 0xBF,
    0xEF, 0xFB, 0xFE, 0xFF, 0xBF, 0xEF, 0xF8, 0xFF, 0xFF, 0xFF, 0x00, 0x0F, 0xFF, 0xFF, 0xF0, 0x00,
    0x18, 0xF3, 0xCE, 0x79, 0xE7, 0x9E, 0x70, 0x39, 0xF7, 0x9E, 0x79, 0xC7, 0x3C, 0x60, 0x7B, 0xDE,
    0xEF, 0x7B, 0xDC, 0xE0, 0x71, 0xE7, 0x9E, 0x38, 0xF3, 0xCF, 0x18, 0x18, 0x63, 0xCE, 0x3C, 0xE3,
    0x9E, 0x79, 0xE7, 0x9E, 0x7B, 0xE7, 0xBC, 0x71, 0xC0, 0x39, 0xEF, 0xBD, 0xE7, 0xBD, 0xE7, 0xBC,
    0xE7, 0x9C, 0xF7, 0x9C, 0x63, 0x80, 0x79, 0xCF, 0x79, 0xEF, 0x39, 0xEF, 0x3D, 0xE7, 0x3C, 0xE7,
    0x3C, 0xE3, 0x00, 0x73, 0xCF, 0x79, 0xEF, 0xBC, 0xF3, 0x9E, 0x7B, 0xCF, 0x39, 0xE7, 0x18, 0x60,
    0x07, 0x00, 0xF0, 0x0F, 0x00, 0xF0, 0x7F, 0xF7, 0xFF, 0x7F, 0xF0, 0xF0, 0x0F, 0x00, 0xF0, 0x0F,
    0x00, 0xF0, 0x07, 0x00, 0x70, 0x06, 0x00, 0x07, 0x00, 0xF0, 0x0F, 0x00, 0xF0, 0x7F, 0xF7, 0xFF,
    0x7F, 0xF0, 0xF0, 0x0F, 0x07, 0xFE, 0x7F, 0xF7, 0xFF, 0x7F, 0xF0, 0xF0, 0x0F, 0x00, 0xF0, 0x0F,
    0x00, 0x70, 0x07, 0x00, 0x00, 0x1F, 0x9F, 0xCF, 0xF7, 0xFB, 0xFD, 0xFE, 0x7E, 0x1E, 0x00, 0x01,
    0x83, 0xC7, 0xCF, 0xFF, 0xBC, 0x70, 0x80, 0x79, 0xEF, 0x9E, 0x30, 0x78, 0x7B, 0xC7, 0xFE, 0x3E,
    0xF0, 0xF3, 0x02, 0x00, 0x78, 0x78, 0x73, 0xC7, 0xC7, 0xFE, 0x3E, 0x3E, 0xF0, 0xF0, 0xF3, 0x02,
    0x02, 0x00, 0x79, 0xEF, 0x9E, 0x30, 0x3C, 0x01, 0xC0, 0x00, 0xFC, 0x07, 0x80, 0x03, 0xFC, 0x0E,
    0x00, 0x07, 0x38, 0x3C, 0x00, 0x0E, 0x78, 0xF0, 0x00, 0x1C, 0xF1, 0xC0, 0x00, 0x39, 0xC7, 0x00,
    0x00, 0x7F, 0x9E, 0x00, 0x00, 0x7E, 0x38, 0x00, 0x00, 0x78, 0xE0, 0x00, 0x00, 0x03, 0xC7, 0x83,
    0xC0, 0x07, 0x3F, 0x8F, 0xE0, 0x1C, 0x7F, 0xBF, 0xC0, 0x78, 0xE7, 0x73, 0x80, 0xE3, 0xCE, 0xE7,
    0x83, 0x87, 0x9D, 0xCE, 0x0F, 0x07, 0x7B, 0x9C, 0x3C, 0x0F, 0xF7, 0xF8, 0x70, 0x0F, 0xC7, 0xE0,
    0x00, 0x06, 0x03, 0x00, 0x3C, 0x01, 0xC0, 0x00, 0x00, 0x7E, 0x03, 0xC0, 0x00, 0x00, 0xFF, 0x03,
    0x80, 0x00, 0x00, 0xE7, 0x07, 0x80, 0x00, 0x00, 0xE7, 0x8F, 0x00, 0x00, 0x00, 0xE7, 0x8E, 0x00,
    0x00, 0x00, 0xE7, 0x1C, 0x00, 0x00, 0x00, 0xFF, 0x3C, 0x00, 0x00, 0x00, 0x7E, 0x38, 0x00, 0x00,
    0x00, 0x3C, 0x70, 0x00, 0x00, 0x00, 0x00, 0xF1, 0xE0, 0xF0, 0x7C, 0x00, 0xE7, 0xF1, 0xFC, 0xFE,
    0x01, 0xC7, 0xFB, 0xFD, 0xFE, 0x03, 0xC7, 0x3B, 0x9D, 0xCF, 0x03, 0x8F, 0x3B, 0x9F, 0xC7, 0x07,
    0x0F, 0x3B, 0x9D, 0xCF, 0x0F, 0x07, 0x7B, 0x9D, 0xEF, 0x1E, 0x07, 0xFB, 0xFC, 0xFE, 0x1C, 0x03,
    0xF1, 0xF8, 0xFC, 0x00, 0x00, 0xC0, 0x60, 0x38, 0x73, 0xFD, 0xEF, 0x7B, 0xDC, 0x70, 0xE7, 0x9E,
    0xF1, 0xEF, 0x1E, 0xF1, 0xEF, 0x1C, 0xF1, 0xCE, 0x1C, 0x70, 0xE1, 0xDE, 0x78, 0xFF, 0x1E, 0x3F,
    0xC7, 0x8F, 0xF1, 0xE3, 0xBC, 0x70, 0xEF, 0x1C, 0x3B, 0x87, 0x1E, 0x77, 0xBC, 0xE7, 0x3D, 0xEF,
    0x71, 0xCF, 0x1E, 0xF1, 0xE7, 0x1E, 0x71, 0xE7, 0x8E, 0x78, 0xE7, 0x8E, 0x71, 0xC3, 0xBC, 0x78,
    0xFF, 0x1E, 0x3D, 0xC7, 0x8F, 0x71, 0xE3, 0xDE, 0x38, 0xF7, 0x8E, 0x1D, 0xE3, 0x87, 0x0F, 0x01,
    0xF0, 0x3F, 0x83, 0xBC, 0x79, 0xEF, 0x0E, 0x00, 0x07, 0xC7, 0xC7, 0xC7, 0xC7, 0xC3, 0xE1, 0xF0,
    0x7C, 0x1F, 0x07, 0xC1, 0xF0, 0x78, 0x00, 0x1F, 0x03, 0xE0, 0x78, 0x1F, 0x03, 0xE0, 0x7C, 0x3E,
    0x1F, 0x07, 0xC3, 0xE1, 0xF0, 0x78, 0x00, 0x03, 0xC0, 0x01, 0xE0, 0x07, 0xF6, 0x07, 0xFF, 0x83,
    0xF7, 0xC0, 0xFF, 0xC3, 0xFF, 0xFD, 0xEF, 0xDE, 0xF7, 0xFF, 0x3F, 0xFF, 0x07, 0xFF, 0x07, 0xFF,
    0x81, 0xFF, 0x80, 0x5E, 0x80, 0x0F, 0x00, 0x03, 0x00, 0x78, 0x79, 0xE1, 0xE7, 0x87, 0x9E, 0x1E,
    0x78, 0x79, 0xE1, 0xE7, 0x87, 0x9E, 0x1E, 0x78, 0x79, 0xE1, 0xE7, 0x87, 0x9E, 0x1E, 0x78, 0x79,
    0xE1, 0xE0, 0x00, 0x1E, 0x1E, 0x78, 0x7B, 0xE3, 0xE7, 0x87, 0x8C, 0x0C, 0x07, 0x80, 0xFF, 0x0F,
    0xFC, 0xFF, 0xF7, 0x8F, 0xBC, 0x3C, 0x39, 0xE1, 0xDF, 0x0F, 0xF0, 0x7F, 0x03, 0xF0, 0x0F, 0x00,
    0x70, 0x03, 0x80, 0x00, 0x00, 0xE0, 0x0F, 0x80, 0x7C, 0x03, 0xC0, 0x04, 0x00, 0xFF, 0xFF, 0xFF,
    0xFF, 0xFE, 0x60, 0x00, 0x37, 0xE0, 0x0F, 0xDF, 0xFF, 0xFC, 0x7F, 0xFF, 0xC0, 0x7F, 0xF0, 0x00,
    0x07, 0xFF, 0x00, 0xFF, 0xFF, 0x1F, 0xFF, 0xFD, 0xF8, 0x03, 0xF6, 0x00, 0x03, 0x00, 0x00, 0x80,
    0x3C, 0x07, 0x81, 0xE0, 0x7C, 0x0F, 0x03, 0xC0, 0x78, 0x1F, 0x07, 0xE0, 0xFE, 0x3D, 0xE7, 0xBC,
    0x63, 0x00, 0x00, 0x00, 0x01, 0xF0, 0x01, 0xFC, 0x00, 0xFE, 0x00, 0x7F, 0x00, 0x3F, 0x80, 0x1F,
    0xC0, 0x07, 0xC0, 0x1C, 0x1C, 0x3F, 0x9F, 0x9F, 0xDF, 0xCF, 0xEF, 0xE7, 0xF7, 0xF3, 0xFB, 0xF8,
    0xF8, 0xF8, 0x38, 0x38, 0xFF, 0xFF, 0xFF, 0xFE, 0x00, 0x06, 0x00, 0x0E, 0x00, 0x1C, 0x00, 0x3C,
    0x00, 0x38, 0x00, 0x70, 0x00, 0xF0, 0x01, 0xE0, 0x01, 0xC0, 0x03, 0xC0, 0x07, 0x80, 0x07, 0x00,
    0x0E, 0x00, 0x1E, 0x00, 0x1C, 0x00, 0x38, 0x00, 0x78, 0x00, 0x70, 0x00, 0xE0, 0x00, 0xFD, 0xFB,
    0xF7, 0xEF, 0x1E, 0x3C, 0x78, 0xF1, 0xE3, 0xF7, 0xEF, 0xDF, 0xBC, 0x78, 0xF1, 0xE3, 0xC7, 0x8F,
    0xDF, 0xBF, 0x7E, 0xFD, 0xFB, 0xF7, 0xE3, 0xC7, 0x8F, 0x1E, 0x3C, 0x7B, 0xF7, 0xEF, 0xDF, 0x8F,
    0x1E, 0x3C, 0x78, 0xF1, 0xEF, 0xDF, 0xBF, 0x7E, 0x07, 0x80, 0x1E, 0x03, 0xFC, 0x0F, 0xF0, 0xFF,
    0xC3, 0xFF, 0x3F, 0xFC, 0xFF, 0xF7, 0x8F, 0x9E, 0x3E, 0xF0, 0xF3, 0xC3, 0xC0, 0x1E, 0x00, 0x78,
    0x07, 0xC0, 0x1F, 0x03, 0xF0, 0x0F, 0xC0, 0xFC, 0x03, 0xF0, 0x1F, 0x00, 0x7C, 0x03, 0xC0, 0x0F,
    0x00, 0xF8, 0x03, 0xE0, 0x0E, 0x00, 0x38, 0x00, 0x00, 0x00, 0x00, 0x38, 0x00, 0xE0, 0x0F, 0x80,
    0x3E, 0x01, 0xF0, 0x07, 0xC0, 0x3E, 0x00, 0xF8, 0x01, 0x00, 0x04, 0x00, 0x07, 0x80, 0xF0, 0xFF,
    0x07, 0x8F, 0xFC, 0x3C, 0xFF, 0xF1, 0xE7, 0x8F, 0x8F, 0x3C, 0x3C, 0x78, 0x01, 0xE3, 0xC0, 0x1F,
    0x1E, 0x03, 0xF0, 0xF0, 0x3F, 0x07, 0x81, 0xF0, 0x3C, 0x0F, 0x01, 0xE0, 0xF8, 0x0F, 0x03, 0x80,
    0x78, 0x00, 0x00, 0x00, 0xE0, 0x1E, 0x0F, 0x80, 0xF0, 0x7C, 0x07, 0x83, 0xE0, 0x3C, 0x04, 0x00,
    0xC0, 0x78, 0x0F, 0x07, 0x83, 0xFC, 0x78, 0x7F, 0xE7, 0x8F, 0xFF, 0x78, 0xF1, 0xF7, 0x8F, 0x0F,
    0x78, 0x00, 0xF7, 0x80, 0x1F, 0x78, 0x07, 0xE7, 0x80, 0xFC, 0x78, 0x0F, 0x87, 0x80, 0xF0, 0x78,
    0x1E, 0x07, 0x80, 0xE0, 0x00, 0x00, 0x07, 0x80, 0xE0, 0x78, 0x1F, 0x0F, 0x81, 0xF0, 0x78, 0x1F,
    0x03, 0x00, 0x40, 0x7F, 0xFF, 0xFF, 0xFF, 0xBF, 0xF0, 0x1E, 0x03, 0xC0, 0x70, 0x0E, 0x03, 0xC0,
    0x78, 0x0F, 0x01, 0xE0, 0x3C, 0x07, 0x80, 0xF0, 0x1C, 0x03, 0x80, 0xF0, 0x1E, 0x00, 0x00, 0x7F,
    0x07, 0xFF, 0x3F, 0xFD, 0xFF, 0xFF, 0x7F, 0xFB, 0xFF, 0xDF, 0xFE, 0xFF, 0xF7, 0xFF, 0xBF, 0xFD,
    0xFD, 0xEF, 0xCF, 0x30, 0x78, 0x03, 0xC0, 0x1E, 0x00, 0xF0, 0x07, 0x80, 0x3C, 0x00, 0x0F, 0xF1,
    0xFF, 0xDF, 0xFE, 0xFC, 0xFF, 0xE7, 0xFF, 0x3F, 0xF9, 0xEF, 0xCF, 0x7E, 0x79, 0xFF, 0xC7, 0xFE,
    0x7F, 0x83, 0xFF, 0x1F, 0xFC, 0xE7, 0xE7, 0x3F, 0xB9, 0xFD, 0xCF, 0xEE, 0x7E, 0x73, 0xF3, 0xFF,
    0x1F, 0xF0, 0x06, 0x01, 0xC0, 0xB9, 0x3F, 0xF7, 0xFE, 0x7F, 0x8F, 0xF3, 0xFF, 0x76, 0xE5, 0xC8,
    0x38, 0x00, 0x00, 0x79, 0xEF, 0x9E, 0x30, 0x00, 0x00, 0x00, 0x07, 0x9E, 0x78, 0xF3, 0xCF, 0x1C,
    0x70, 0x07, 0xFF, 0x01, 0xFF, 0xFF, 0x1F, 0xFF, 0xFD, 0xF8, 0x03, 0xF6, 0x00, 0x03, 0x00, 0x00,
    0x00, 0x00, 0x00, 0x00, 0x00, 0x00, 0x00, 0x00, 0x00, 0x00, 0x00, 0x00, 0x00, 0x00, 0x00, 0x00,
    0x00, 0x00, 0x00, 0x00, 0x00, 0x00, 0x00, 0x00, 0x00, 0x00, 0x00, 0x00, 0x00, 0x00, 0x00, 0x00,
    0x00, 0x00, 0x00, 0x00, 0x00, 0x06, 0x00, 0x03, 0x7E, 0x00, 0xFD, 0xFF, 0xFF, 0xC7, 0xFF, 0xFC,
    0x07, 0xFF, 0x00, 0x0C, 0x01, 0xC1, 0x3A, 0x7F, 0xEF, 0xFC, 0x7F, 0x1F, 0xE7, 0xFE, 0xEF, 0xC9,
    0xD0, 0x38, 0x00, 0x00, 0xC0, 0x1C, 0x13, 0xB7, 0xFE, 0xFF, 0xC7, 0xF1, 0xFE, 0x7F, 0xEE, 0xFC,
    0x9D, 0x03, 0x80, 0x00, 0x00, 0x03, 0x00, 0x01, 0xC3, 0x00, 0xF1, 0xE0, 0x38, 0xF8, 0x1C, 0x3F,
    0x0F, 0x0F, 0x83, 0x81, 0xC1, 0xC0, 0x00, 0xF0, 0x00, 0x78, 0x00, 0x1C, 0x00, 0x0F, 0x00, 0x07,
    0x87, 0x81, 0xC3, 0xF0, 0xE0, 0xFC, 0x78, 0x3F, 0x1C, 0x07, 0x8E, 0x00, 0x07, 0x80, 0x00, 0x00,
    0x00, 0x1F, 0x80, 0x3F, 0xF0, 0xDF, 0xFF, 0xE7, 0x3F, 0xF8, 0x07, 0xF8, 0x00, 0xF0, 0x03, 0xFE,
    0x00, 0xFF, 0xFE, 0x0F, 0xFF, 0xFD, 0xFF, 0xFF, 0xF7, 0x00, 0x07, 0x00, 0x07, 0x80, 0xDF, 0xC7,
    0xFF, 0x9F, 0xFC, 0x3F, 0xE3, 0xFF, 0xFF, 0xFF, 0xFF, 0xFF, 0x3F, 0xE1, 0xFF, 0xC7, 0xFF, 0x8D,
    0xFC, 0x07, 0x80, 0x70, 0xE1, 0xC7, 0x3C, 0xF1, 0xE3, 0xFC, 0x78, 0xF1, 0xDE, 0x3C, 0x79, 0xEF,
    0x1E, 0x38, 0xF7, 0x8E, 0x1C, 0x7B, 0xC7, 0x0E, 0x3D, 0xC3, 0x8F, 0x1C, 0x00, 0x0F, 0xC7, 0xFB,
    0xFF, 0xF3, 0xF8, 0x7E, 0x1F, 0xCF, 0xF3, 0xDF, 0xE7, 0xF8, 0x78, 0xEE, 0xEE, 0xEE, 0xEE, 0xEE,
    0xEE, 0x0F, 0x87, 0xE1, 0xF8, 0xFE, 0x7F, 0xBD, 0xEF, 0xFF, 0xFF, 0xFF, 0xC1, 0xE0, 0x30, 0x7F,
    0x9F, 0xE7, 0xFB, 0xFC, 0xFF, 0xBF, 0xF0, 0x3F, 0xCF, 0xFF, 0x9F, 0xC1, 0xC0, 0x00, 0x0F, 0xC7,
    0xFB, 0xFF, 0xFF, 0xBF, 0xEF, 0xFF, 0xCF, 0xF3, 0xDF, 0xE7, 0xF8, 0x78, 0x7F, 0xDF, 0xF7, 0xFC,
    0x1E, 0x07, 0x03, 0xC0, 0xE0, 0x78, 0x3C, 0x0E, 0x03, 0x80, 0x00, 0x1F, 0xCF, 0xFB, 0xCE, 0xF3,
    0x9F, 0xE7, 0xFB, 0xDF, 0xF3, 0xFF, 0xF7, 0xF8, 0x78, 0x00, 0x1F, 0xCF, 0xFB, 0xDE, 0xE3, 0xFF,
    0xFF, 0xFD, 0xFF, 0xF7, 0xBF, 0xE7, 0xF0, 0x70, 0x0C, 0x0E, 0x07, 0x1F, 0xFF, 0xFF, 0xFC, 0x70,
    0x38, 0x00, 0x00, 0xFF, 0xFF, 0xFF, 0xE0, 0x7F, 0xFF, 0xFF, 0xE0, 0x0F, 0xFF, 0xFD, 0xFE, 0x39,
    0xE7, 0x9C, 0xF3, 0xCF, 0x3C, 0xF1, 0xC7, 0x9E, 0x38, 0x71, 0xE7, 0x8E, 0x3C, 0xF3, 0xCF, 0x3C,
    0xE7, 0x9E, 0x70, 0xEE, 0x7F, 0xFF, 0xFE, 0x7E, 0x3F, 0x1F, 0x8F, 0xC7, 0xE3, 0x80, 0x00, 0x0F,
    0xC7, 0xFB, 0xFF, 0xF3, 0xF8, 0x7E, 0x1F, 0xCF, 0xF3, 0xDF, 0xE7, 0xF8, 0x78, 0x7F, 0xFF, 0xFF,
    0x3C, 0xF3, 0xCF, 0x3C, 0xF1, 0xC0, 0x00, 0x3F, 0xBF, 0xFF, 0xFE, 0x38, 0x3C, 0x7C, 0x7C, 0x78,
    0x7F, 0xFF, 0xFF, 0xF0, 0x00, 0x1F, 0xCF, 0xFB, 0xFE, 0x03, 0x87, 0xE1, 0xF8, 0x0F, 0xF3, 0xFF,
    0xE7, 0xF8, 0x70, 0x0F, 0x87, 0xE1, 0xF8, 0xFE, 0x7F, 0xBD, 0xEF, 0xFF, 0xFF, 0xFF, 0xC1, 0xE0,
    0x30, 0x7F, 0x9F, 0xE7, 0xFB, 0xFC, 0xFF, 0xBF, 0xF0, 0x3F, 0xCF, 0xFF, 0x9F, 0xC1, 0xC0, 0x00,
    0x0F, 0xC7, 0xFB, 0xFF, 0xFF, 0xBF, 0xEF, 0xFF, 0xCF, 0xF3, 0xDF, 0xE7, 0xF8, 0x78, 0x7F, 0xDF,
    0xF7, 0xFC, 0x1E, 0x07, 0x03, 0xC0, 0xE0, 0x78, 0x3C, 0x0E, 0x03, 0x80, 0x00, 0x1F, 0xCF, 0xFB,
    0xCE, 0xF3, 0x9F, 0xE7, 0xFB, 0xDF, 0xF3, 0xFF, 0xF7, 0xF8, 0x78, 0x00, 0x1F, 0xCF, 0xFB, 0xDE,
    0xE3, 0xFF, 0xFF, 0xFD, 0xFF, 0xF7, 0xBF, 0xE7, 0xF0, 0x70, 0x0C, 0x0E, 0x07, 0x1F, 0xFF, 0xFF,
    0xFC, 0x70, 0x38, 0x00, 0x00, 0xFF, 0xFF, 0xFF, 0xE0, 0x7F, 0xFF, 0xFF, 0xE0, 0x0F, 0xFF, 0xFD,
    0xFE, 0x39, 0xE7, 0x9C, 0xF3, 0xCF, 0x3C, 0xF1, 0xC7, 0x9E, 0x38, 0x71, 0xE7, 0x8E, 0x3C, 0xF3,
    0xCF, 0x3C, 0xE7, 0x9E, 0x70, 0x1E, 0x3F, 0xDF, 0xE3, 0xF7, 0xFB, 0xDF, 0xFE, 0xFF, 0x3B, 0x80,
    0x1E, 0x0F, 0xE7, 0xFD, 0xFF, 0x7F, 0xDC, 0x47, 0xFC, 0xFE, 0x0E, 0x00, 0x1F, 0x0F, 0xE7, 0xFD,
    0xCF, 0x71, 0xDE, 0xF7, 0xFC, 0xFE, 0x0E, 0x00, 0x73, 0xDE, 0xF3, 0xF8, 0xFC, 0x1F, 0x0F, 0xC7,
    0xF9, 0xCF, 0x61, 0xC0, 0x3E, 0x1F, 0xE7, 0xF8, 0x8F, 0xFF, 0xFF, 0xFF, 0xFF, 0xCF, 0x7F, 0x8F,
    0xC1, 0xC0, 0xE0, 0x70, 0x3B, 0x9F, 0xFF, 0xFF, 0x9F, 0x8F, 0xC7, 0xE3, 0xF1, 0xF8, 0xE0, 0xE0,
    0x70, 0x39, 0xFD, 0xEF, 0xF7, 0xF3, 0xF9, 0xFC, 0xEF, 0x73, 0xF8, 0xE0, 0xEE, 0xEE, 0xEE, 0xEE,
    0xEE, 0xE0, 0xEE, 0x73, 0xFF, 0xEF, 0xFF, 0xFD, 0xEF, 0xE7, 0xBF, 0x9E, 0xFE, 0x7B, 0xF9, 0xEF,
    0xE3, 0x18, 0xEE, 0x7F, 0xFF, 0xFE, 0x7E, 0x3F, 0x1F, 0x8F, 0xC7, 0xE3, 0x80, 0xEE, 0x3F, 0xEF,
    0xFB, 0xCE, 0xE3, 0xFD, 0xEF, 0xFB, 0xFC, 0xE6, 0x38, 0x0E, 0x00, 0x00, 0x1F, 0x1F, 0xE7, 0xF1,
    0xFC, 0x7F, 0x83, 0xF7, 0xF9, 0xFE, 0x1E, 0x00, 0x30, 0xF3, 0xF7, 0xEF, 0xCF, 0x1E, 0x3C, 0x7C,
    0x78, 0x70, 0x1F, 0xC0, 0x1F, 0xF0, 0x1F, 0xFC, 0x1F, 0xBE, 0x0F, 0x0F, 0x87, 0x83, 0x83, 0xCF,
    0xFF, 0xE7, 0xFF, 0xF3, 0xFF, 0xF9, 0xFF, 0xFE, 0xF0, 0x0F, 0xFF, 0xE3, 0xFF, 0xF0, 0xFF, 0xF8,
    0x0F, 0x00, 0x07, 0x80, 0x03, 0xFF, 0x81, 0xFF, 0xC0, 0xFF, 0xE0, 0x00, 0x00, 0x00, 0x24, 0x00,
    0x36, 0x00, 0xFB, 0x01, 0xFF, 0x81, 0xFF, 0xE1, 0xFF, 0xF1, 0xFB, 0xFD, 0xFB, 0x7E, 0xF9, 0xBF,
    0xFC, 0xD8, 0x3C, 0xCC, 0x1E, 0x6C, 0x0F, 0x36, 0x07, 0xB3, 0x03, 0xFB, 0x1D, 0xFD, 0x9F, 0x7C,
    0xDF, 0x3F, 0xFF, 0x8F, 0xFF, 0x83, 0xFF, 0x81, 0xFF, 0x80, 0xDE, 0x00, 0x6C, 0x00, 0x24, 0x00,
    0x03, 0xE0, 0x07, 0xFC, 0x0F, 0xFF, 0x07, 0xFF, 0xC7, 0xE3, 0xF7, 0xC0, 0xFB, 0xE0, 0x3D, 0xE0,
    0x00, 0xF3, 0xDE, 0x79, 0xFF, 0x3C, 0xFF, 0x1E, 0x7F, 0x8F, 0x3E, 0x07, 0xDE, 0x79, 0xFF, 0x7C,
    0xFF, 0xFE, 0x3F, 0xFE, 0x0F, 0xFE, 0x03, 0xFE, 0x00, 0x38, 0x00, 0x1F, 0xFE, 0x1F, 0xFF, 0x1F,
    0xFF, 0x1F, 0xFF, 0x1E, 0x00, 0x1E, 0x00, 0x1E, 0x00, 0x1E, 0x00, 0x1F, 0xFC, 0x1F, 0xFE, 0x1F,
    0xFE, 0x1F, 0xFE, 0x1E, 0x00, 0x1E, 0x00, 0xFF, 0xC0, 0xFF, 0xC0, 0x1E, 0x00, 0x1E, 0x00, 0x1E,
    0x00, 0x03, 0xC0, 0x3F, 0xC1, 0xFF, 0x8F, 0xFE, 0x3C, 0x7D, 0xF0, 0xF7, 0xC0, 0x3F, 0xF0, 0xFF,
    0xE3, 0xFF, 0x03, 0xC0, 0x3F, 0xF8, 0xFF, 0xE0, 0xF0, 0x03, 0xC3, 0xFE, 0x0F, 0xFF, 0xFF, 0xFF,
    0xFF, 0xFF, 0x80, 0x00, 0x1C, 0x00, 0x03, 0xC0, 0xF7, 0xFF, 0xCF, 0xFF, 0xFE, 0xFF, 0xFF, 0xFF,
    0xFF, 0xFF, 0xF8, 0xF0, 0xFF, 0x0F, 0x0F, 0xF0, 0xF0, 0xFF, 0x1F, 0x0F, 0xF1, 0xF0, 0xFF, 0x3F,
    0x0F, 0xF3, 0xF0, 0xFF, 0x7F, 0x0F, 0xF7, 0xF0, 0xFF, 0xFF, 0x0F, 0x0F, 0x00, 0x00, 0xE0, 0x00,
    0x3C, 0x03, 0x8F, 0xC0, 0xF9, 0xF8, 0x1F, 0x3F, 0x83, 0xE7, 0xF8, 0x7C, 0xFF, 0x0F, 0x9F, 0xF1,
    0xF7, 0xFF, 0xFF, 0xFF, 0xFF, 0xFF, 0xFF, 0xF9, 0xF3, 0xDF, 0x7F, 0xFF, 0xFF, 0xFF, 0xFE, 0xF8,
    0xFF, 0x9F, 0x0F, 0xF3, 0xE0, 0xFE, 0x7C, 0x1F, 0xCF, 0x81, 0xF9, 0xF0, 0x1F, 0x00, 0x7F, 0x80,
    0x00, 0xFF, 0xF0, 0x00, 0xFF, 0xF8, 0x78, 0xFF, 0xFC, 0x78, 0xF8, 0x7C, 0x78, 0xF8, 0x3D, 0xFE,
    0xF8, 0x3F, 0xFF, 0xF8, 0x3F, 0xFF, 0xF8, 0x3D, 0xFE, 0xF8, 0xFC, 0x78, 0xFF, 0xFC, 0x78, 0xFF,
    0xF8, 0x78, 0xFF, 0xE0, 0x78, 0xF8, 0x00, 0x78, 0xF8, 0x00, 0x78, 0xF8, 0x00, 0x78, 0xF8, 0x00,
    0x7E, 0xF8, 0x00, 0x7F, 0xF8, 0x00, 0x3F, 0x00, 0x00, 0x04, 0x7F, 0x80, 0x00, 0x0F, 0xFF, 0x00,
    0x00, 0xFF, 0xF8, 0x00, 0x0F, 0xFF, 0xC0, 0x00, 0xF8, 0x7C, 0x00, 0x0F, 0x83, 0xE3, 0xF0, 0xF8,
    0x3E, 0x7F, 0xCF, 0x83, 0xEF, 0xFE, 0xF8, 0x7D, 0xF3, 0xEF, 0xFF, 0xDF, 0x1E, 0xFF, 0xF9, 0xFC,
    0x0F, 0xFF, 0x0F, 0xF8, 0xFF, 0xF0, 0x7F, 0xEF, 0x9F, 0x01, 0xFE, 0xF8, 0xF8, 0x21, 0xFF, 0x8F,
    0x9E, 0x1F, 0xF8, 0x7D, 0xFF, 0xEF, 0x83, 0xCF, 0xFE, 0xF8, 0x3E, 0x7F, 0xC0, 0x00, 0x00, 0xE0,
    0x70, 0x1E, 0x03, 0xBC, 0x0F, 0x03, 0xDE, 0x0F, 0x81, 0xEF, 0x07, 0xE1, 0xF7, 0xC3, 0xF0, 0xF1,
    0xE3, 0xF8, 0x79, 0xFF, 0xFF, 0xFE, 0xFF, 0xFF, 0xFF, 0x1E, 0x7F, 0x9E, 0x3F, 0xFF, 0xFF, 0xDF,
    0xFF, 0xFF, 0xEF, 0xFF, 0xFF, 0xF0, 0xFF, 0x3F, 0xC0, 0x7F, 0x1F, 0xE0, 0x3F, 0x87, 0xF0, 0x1F,
    0xC3, 0xF0, 0x07, 0xE1, 0xF8, 0x03, 0xE0, 0x7C, 0x01, 0xF0, 0x3E, 0x00, 0xFF, 0xF8, 0xF7, 0xFF,
    0xE7, 0xFF, 0xFF, 0xBF, 0xFF, 0xFD, 0xFF, 0x81, 0xEF, 0xFD, 0xEF, 0x7F, 0xEF, 0x7B, 0xFF, 0x7B,
    0xDF, 0xFB, 0xDE, 0xFF, 0xDE, 0xF7, 0xFE, 0xF0, 0x3D, 0xF7, 0xFF, 0xEF, 0xBF, 0xFF, 0x7D, 0xFF,
    0xF0, 0x00, 0x1C, 0x01, 0xFF, 0x03, 0xFF, 0x03, 0xFF, 0x00, 0x3C, 0x0F, 0xBC, 0x1F, 0xFC, 0x3F,
    0xFC, 0x7F, 0xFC, 0x7C, 0x7C, 0x78, 0x3C, 0x78, 0x3C, 0x78, 0x3C, 0x78, 0x3C, 0x78, 0x3C, 0x7C,
    0x7C, 0x7F, 0xFC, 0x3F, 0xFC, 0x1F, 0xFC, 0x07, 0x00, 0x00, 0x00, 0x7F, 0xFC, 0x7F, 0xFC, 0x7F,
    0xFC, 0x00, 0x78, 0x03, 0xFE, 0x07, 0xFF, 0x0F, 0xFE, 0x0F, 0x8E, 0x1F, 0x00, 0x1F, 0x00, 0x7F,
    0xFC, 0xFF, 0xF8, 0x1E, 0x00, 0x7F, 0xF0, 0x7F, 0xF0, 0xFF, 0xE0, 0x1F, 0x00, 0x1F, 0x00, 0x0F,
    0xCE, 0x0F, 0xFE, 0x07, 0xFF, 0x01, 0xFE, 0x00, 0x70, 0x1E, 0x01, 0xE1, 0xE0, 0x3E, 0x1E, 0x07,
    0xC1, 0xE0, 0xFC, 0x1E, 0x1F, 0x81, 0xE3, 0xF0, 0x1E, 0x7E, 0x07, 0xFF, 0xFC, 0xFF, 0xFF, 0xCF,
    0xFF, 0xFC, 0xFF, 0xFF, 0xC1, 0xFF, 0xC0, 0x1F, 0xFE, 0x01, 0xF3, 0xE0, 0x1E, 0x1F, 0x01, 0xE0,
    0xF8, 0x1E, 0x0F, 0xC1, 0xE0, 0x7C, 0x1E, 0x03, 0xE0, 0x7F, 0xFF, 0xFF, 0xFF, 0xFF, 0xFF, 0xFF,
    0xFF, 0x03, 0xE0, 0x03, 0xE0, 0x03, 0xF8, 0x03, 0xF8, 0x03, 0xF0, 0x0F, 0xE0, 0x0F, 0xF8, 0x0B,
    0xF8, 0x07, 0xF0, 0x0F, 0xE0, 0x0F, 0xE0, 0x03, 0xE0, 0x03, 0xE0, 0x03, 0xE0, 0x03, 0xE0, 0x03,
    0xC0, 0x00, 0x00, 0x00, 0x3C, 0x00, 0x00, 0x00, 0x03, 0xFC, 0x00, 0x00, 0x01, 0xFF, 0xF8, 0x00,
    0x00, 0x3F, 0xFF, 0xC0, 0x00, 0x01, 0xFF, 0xFE, 0x00, 0x00, 0x1B, 0xC3, 0xF0, 0x00, 0x00, 0x3C,
    0x1F, 0x03, 0xF0, 0x03, 0xC0, 0xF8, 0xFF, 0x80, 0x3C, 0x0F, 0x9F, 0xFC, 0x03, 0xC0, 0xF9, 0xFF,
    0xE0, 0x3C, 0x0F, 0xBE, 0x3E, 0x03, 0xC0, 0xFB, 0xC1, 0xE0, 0xFC, 0x0F, 0xBC, 0x1F, 0x3F, 0xC0,
    0xFB, 0xC1, 0xF7, 0xFC, 0x0F, 0xBC, 0x1F, 0x7F, 0xC0, 0xF3, 0xE1, 0xE7, 0x3F, 0x1F, 0x3E, 0x3E,
    0x7F, 0xFF, 0xE3, 0xFF, 0xE7, 0xFF, 0xFC, 0x3F, 0xFC, 0x3F, 0x3F, 0x83, 0xDF, 0x80, 0xC0, 0xE0,
    0x3C, 0x60, 0x00, 0x00, 0x03, 0xC0, 0x00, 0x00, 0x00, 0x3C, 0x00, 0x00, 0x00, 0x03, 0xC0, 0x00,
    0x00, 0x00, 0x3C, 0x00, 0x00, 0x00, 0x00, 0x00, 0x00, 0x1F, 0xC0, 0x0F, 0xFE, 0x03, 0xFF, 0xC0,
    0xFF, 0xF8, 0x3E, 0x3E, 0x1F, 0xFF, 0xE7, 0xFF, 0xF8, 0xF8, 0x7C, 0x7F, 0xFF, 0x9F, 0xFF, 0xE7,
    0xFF, 0xF8, 0xFF, 0xF8, 0x3F, 0xFE, 0x0F, 0xFF, 0x03, 0xFF, 0x00, 0xF8, 0x00, 0x3E, 0x00, 0x0F,
    0x80, 0x03, 0xE0, 0x00, 0x00, 0xC0, 0x00, 0xE0, 0x00, 0xF8, 0x01, 0xFF, 0x01, 0xFF, 0xE1, 0xFF,
    0xF1, 0xFF, 0xFC, 0xFB, 0x9E, 0xF9, 0xCF, 0xFC, 0xE0, 0x3C, 0x70, 0x1E, 0x3F, 0xFF, 0x1F, 0xFF,
    0x8F, 0xFF, 0xE7, 0xFF, 0xF3, 0x9F, 0x7D, 0xCF, 0x3F, 0xFF, 0x8F, 0xFF, 0x83, 0xFF, 0x80, 0xFF,
    0x80, 0x0E, 0x00, 0x07, 0x00, 0x01, 0x80, 0x01, 0xE0, 0x00, 0xFC, 0x00, 0x3F, 0x80, 0x1F, 0xE0,
    0x07, 0xF8, 0x01, 0xFF, 0x00, 0xFF, 0xC0, 0x3E, 0xF0, 0x0F, 0x3E, 0x3F, 0xFF, 0xFF, 0xFF, 0xFC,
    0x78, 0x7C, 0x7F, 0xFF, 0xBF, 0xFF, 0xFF, 0xFF, 0xFD, 0xF0, 0x3E, 0x7C, 0x07, 0xDE, 0x01, 0xFF,
    0x80, 0x7C, 0x07, 0xC0, 0x3F, 0xE0, 0xFF, 0xE3, 0xFF, 0xC7, 0xC7, 0x8F, 0x0F, 0x3F, 0xFF, 0x7F,
    0xFF, 0xFF, 0xFF, 0xFF, 0xFB, 0xFF, 0xFF, 0xFF, 0xFF, 0xFF, 0xEF, 0x80, 0x1E, 0x1F, 0x3E, 0x3E,
    0x7F, 0xF8, 0x7F, 0xF0, 0x7F, 0xC0, 0x3C, 0x00, 0x01, 0xC0, 0x00, 0xE0, 0x00, 0xF8, 0x01, 0xFF,
    0x01, 0xFF, 0xE1, 0xFF, 0xF1, 0xFF, 0xFD, 0xFB, 0x9E, 0xF9, 0xCF, 0xFC, 0xE0, 0x3C, 0x70, 0x1E,
    0x38, 0x0F, 0x1C, 0x07, 0x8E, 0x03, 0xE7, 0x1D, 0xF3, 0x9F, 0x7D, 0xDF, 0x3F, 0xFF, 0x8F, 0xFF,
    0x83, 0xFF, 0x80, 0xFF, 0x80, 0x0E, 0x00, 0x07, 0x00, 0x01, 0x80, 0x7F, 0xFF, 0xFF, 0xFF, 0xFF,
    0xFF, 0x7F, 0xFF, 0x00, 0x00, 0x7F, 0xFF, 0xFF, 0xFF, 0xFF, 0xFF, 0x7F, 0xFF, 0x03, 0xC0, 0x03,
    0xC0, 0x03, 0xC0, 0x03, 0xC0, 0x03, 0xC0, 0x03, 0xC0, 0x03, 0xC0, 0x03, 0xC0, 0x03, 0xC0, 0x03,
    0xC0, 0x3F, 0xF9, 0xFF, 0xF7, 0xFF, 0x9F, 0xFE, 0x03, 0xE1, 0xFF, 0xF7, 0xFF, 0x9F, 0xFE, 0x03,
    0xE1, 0xFF, 0x87, 0xFC, 0x1F, 0xE0, 0x7E, 0x00, 0xF8, 0x01, 0xF0, 0x03, 0xE0, 0x07, 0xC0, 0x0F,
    0x80, 0x3E, 0x00, 0x3C, 0x00, 0xF0, 0x03, 0xD8, 0x0F, 0xE0, 0xFF, 0x83, 0xFC, 0x0F, 0xD8, 0x3F,
    0xE0, 0x7F, 0x83, 0xFC, 0x0F, 0xC3, 0xFF, 0x0F, 0x3C, 0x7C, 0xF1, 0xF3, 0xC7, 0x8F, 0x7E, 0x3F,
    0xF0, 0xFF, 0x83, 0xFC, 0x07, 0x80, 0x03, 0xE0, 0x01, 0xF0, 0x00, 0xF8, 0x00, 0xFE, 0x01, 0xFF,
    0x81, 0xFF, 0xF0, 0xFF, 0xF8, 0xFF, 0xFE, 0x7B, 0xEF, 0x7D, 0xF7, 0xFE, 0xFB, 0xFF, 0x7D, 0xFF,
    0x3E, 0xFF, 0x9F, 0x7C, 0x1F, 0xE0, 0x1F, 0xFE, 0x0F, 0xFF, 0x87, 0xFF, 0xE3, 0xE1, 0xF1, 0xF0,
    0x7C, 0xF8, 0x3E, 0x7C, 0x1F, 0x3E, 0x0F, 0xFF, 0xFF, 0xBF, 0xFF, 0x9F, 0xFF, 0x8F, 0xFF, 0x07,
    0xFE, 0x03, 0xFF, 0x81, 0xFF, 0xC0, 0xFF, 0xE0, 0x1F, 0x00, 0x0F, 0x80, 0x00, 0x03, 0x60, 0x03,
    0xB8, 0x01, 0xFC, 0x01, 0xFF, 0x03, 0xFF, 0xC1, 0xFF, 0xF1, 0xFD, 0xFC, 0xFE, 0xFE, 0xFF, 0x7F,
    0x7F, 0xBF, 0xFF, 0xDF, 0xFF, 0x00, 0x07, 0x80, 0x03, 0xC0, 0x01, 0xF0, 0x00, 0x7C, 0x00, 0xFF,
    0xFF, 0xFF, 0xFF, 0xFF, 0xFF, 0xE0, 0x0D, 0x80, 0x1B, 0x01, 0xFE, 0x07, 0xFF, 0x8F, 0xFF, 0x9F,
    0xFF, 0xBE, 0x1F, 0x7C, 0x1E, 0xF8, 0x3D, 0xF0, 0xFB, 0xFF, 0xE7, 0xFF, 0x8F, 0xFF, 0xDF, 0x1F,
    0xBE, 0x0F, 0xFC, 0x1F, 0xF8, 0x3F, 0xF1, 0xFF, 0xFF, 0xF7, 0xFF, 0xEF, 0xFF, 0x01, 0xB0, 0x03,
    0x60, 0x06, 0xC0, 0x00, 0xC0, 0x00, 0x3C, 0x00, 0x0F, 0x80, 0x03, 0xE0, 0x00, 0xF8, 0x00, 0x3E,
    0x00, 0x0F, 0x80, 0x03, 0xFF, 0xFF, 0xFF, 0xFF, 0xFF, 0xFF, 0xFD, 0xFF, 0xFF, 0x9F, 0x00, 0x01,
    0xF0, 0x00, 0x1F, 0x00, 0x01, 0xF0, 0x00, 0x1F, 0x00, 0x01, 0xE0, 0x00, 0x18, 0x00, 0x00, 0x40,
    0x00, 0x1C, 0x00, 0x07, 0xC0, 0x01, 0xFC, 0x00, 0x7F, 0xC0, 0x1F, 0xFC, 0x07, 0xFF, 0xC1, 0xFF,
    0x7C, 0x7D, 0xE7, 0xDF, 0x3C, 0x79, 0xC7, 0x86, 0x00, 0xF0, 0x00, 0x1E, 0x00, 0x03, 0xC0, 0x00,
    0x78, 0x00, 0x0F, 0x00, 0x01, 0xE0, 0x00, 0x3C, 0x00, 0x07, 0x80, 0x00, 0x00, 0x40, 0x00, 0x1C,
    0x00, 0x07, 0xC0, 0x00, 0x7C, 0x00, 0x07, 0xC0, 0x00, 0x7C, 0x00, 0x07, 0xC7, 0xFF, 0xFC, 0xFF,
    0xFF, 0xDF, 0xFF, 0xFB, 0xFF, 0xFE, 0x00, 0x07, 0x80, 0x03, 0xE0, 0x00, 0xF8, 0x00, 0x3E, 0x00,
    0x0F, 0x80, 0x00, 0xE0, 0x00, 0x08, 0x00, 0x00, 0xE0, 0x00, 0x3C, 0x00, 0x07, 0x80, 0x00, 0xF0,
    0x00, 0x1E, 0x00, 0x03, 0xC0, 0x00, 0x78, 0x00, 0x0F, 0x00, 0x21, 0xE0, 0x8E, 0x3C, 0x3B, 0xE7,
    0x8F, 0x3E, 0xF3, 0xE3, 0xFE, 0xF8, 0x3F, 0xFE, 0x03, 0xFF, 0x80, 0x3F, 0xE0, 0x03, 0xF8, 0x00,
    0x3E, 0x00, 0x03, 0x80, 0x00, 0x00, 0x00, 0x00, 0x00, 0x00, 0x00, 0x0E, 0x00, 0xE0, 0x00, 0xF8,
    0x07, 0x80, 0x0F, 0x80, 0x3E, 0x00, 0xF8, 0x00, 0xF8, 0x0F, 0x80, 0x03, 0xE0, 0xF8, 0x00, 0x0F,
    0x8F, 0xFF, 0xFF, 0xFE, 0xFF, 0xFF, 0xFF, 0xFF, 0xFF, 0xFF, 0xFF, 0xDF, 0xFF, 0xFF, 0xFC, 0x7C,
    0x00, 0x07, 0xC1, 0xF0, 0x00, 0x7C, 0x07, 0xC0, 0x07, 0xC0, 0x1F, 0x00, 0x7C, 0x00, 0x7C, 0x03,
    0xC0, 0x01, 0xC0, 0x1C, 0x00, 0x00, 0x00, 0x00, 0x00, 0x00, 0x00, 0x00, 0xE0, 0x00, 0xF8, 0x00,
    0xFE, 0x00, 0xFF, 0x80, 0xFF, 0xE0, 0xFF, 0xF8, 0xFB, 0xBE, 0xF9, 0xEF, 0xF8, 0xF3, 0xD8, 0x78,
    0xC0, 0x3C, 0x00, 0x1E, 0x00, 0x0F, 0x00, 0x07, 0x80, 0x03, 0xC0, 0x01, 0xE0, 0x00, 0xF0, 0x00,
    0x78, 0x0C, 0x3C, 0x6F, 0x1E, 0x7F, 0xCF, 0x7D, 0xF7, 0x7C, 0x7F, 0xFC, 0x1F, 0xFC, 0x07, 0xFC,
    0x01, 0xFC, 0x00, 0x7C, 0x00, 0x1C, 0x00, 0x00, 0x00, 0x7F, 0xFC, 0xFF, 0xF9, 0xFF, 0xF3, 0xFF,
    0xE7, 0xE0, 0x0F, 0xE0, 0x1F, 0xE0, 0x3B, 0xE0, 0x73, 0xE0, 0xE3, 0xE1, 0xC3, 0xE3, 0x83, 0xE7,
    0x03, 0xE0, 0x03, 0x80, 0x00, 0x00, 0x3F, 0xFE, 0xFF, 0xFD, 0xFF, 0xF9, 0xFF, 0xF0, 0x0F, 0xE0,
    0x3F, 0xC0, 0xFF, 0x83, 0xEF, 0x0F, 0x9E, 0x3E, 0x3C, 0xF8, 0x7B, 0xE0, 0xF7, 0x81, 0xE6, 0x00,
    0x00, 0x00, 0x00, 0x20, 0x00, 0xE0, 0x3B, 0xE0, 0x7B, 0xE0, 0xF3, 0xE1, 0xE3, 0xE3, 0xC3, 0xE7,
    0x83, 0xEF, 0x03, 0xFE, 0x03, 0xFC, 0x03, 0xFB, 0xFF, 0xF7, 0xFF, 0xEF, 0xFF, 0xC0, 0x00, 0x08,
    0xE0, 0x39, 0xC0, 0xFB, 0x83, 0xE7, 0x0F, 0x8E, 0x3E, 0x1C, 0xF8, 0x3B, 0xE0, 0x7F, 0x80, 0xFE,
    0x01, 0xF8, 0x03, 0xFF, 0xE7, 0xFF, 0xCF, 0xFF, 0x80, 0x00, 0x00, 0x78, 0x00, 0x00, 0x3F, 0x00,
    0x30, 0x1F, 0xC0, 0x3C, 0x0F, 0xE0, 0x3E, 0x00, 0x78, 0x3E, 0x00, 0x3C, 0x3E, 0x00, 0x1E, 0x3E,
    0x00, 0x0F, 0x3E, 0x00, 0x0F, 0xBF, 0xFF, 0xFF, 0xBF, 0xFF, 0xFF, 0xDF, 0xFF, 0xFF, 0xC7, 0xFF,
    0xFF, 0x81, 0xF0, 0x00, 0x00, 0x7C, 0x00, 0x00, 0x1F, 0x00, 0x00, 0x07, 0xC0, 0x00, 0x01, 0xF0,
    0x00, 0x00, 0x78, 0x00, 0x00, 0x18, 0x00, 0x00, 0x0F, 0x00, 0x00, 0x1F, 0x80, 0x00, 0x1F, 0xC0,
    0x40, 0x1F, 0xC0, 0x70, 0x0F, 0x00, 0x7C, 0x07, 0x80, 0x1F, 0x03, 0xC0, 0x07, 0xC1, 0xE0, 0x01,
    0xF0, 0xF0, 0x00, 0x7C, 0x3F, 0xFF, 0xFF, 0x1F, 0xFF, 0xFF, 0xC7, 0xFF, 0xFF, 0xE0, 0xFF, 0xFF,
    0xE0, 0x00, 0x01, 0xE0, 0x00, 0x03, 0xE0, 0x00, 0x03, 0xE0, 0x00, 0x03, 0xE0, 0x00, 0x03, 0xE0,
    0x00, 0x00, 0xE0, 0x00, 0x00, 0x20, 0x00, 0x02, 0x00, 0x00, 0x30, 0x00, 0x03, 0x80, 0x00, 0x3C,
    0x00, 0x03, 0xFF, 0xFF, 0xBF, 0xFF, 0xFF, 0xFF, 0xFF, 0xEF, 0xFF, 0xFF, 0x3E, 0x00, 0x78, 0xF0,
    0x03, 0xC3, 0x80, 0x1E, 0x0C, 0x00, 0xF0, 0x00, 0x07, 0x80, 0x00, 0x3C, 0x00, 0x01, 0xE0, 0x00,
    0x0F, 0x00, 0x00, 0x78, 0x00, 0x03, 0xC0, 0x00, 0x1E, 0x00, 0x02, 0x00, 0x00, 0x18, 0x00, 0x00,
    0xE0, 0x00, 0x07, 0xCF, 0xFF, 0xFF, 0x7F, 0xFF, 0xFF, 0xFF, 0xFF, 0xFF, 0xFF, 0xFE, 0xF0, 0x03,
    0xE7, 0x80, 0x1E, 0x3C, 0x00, 0xE1, 0xE0, 0x06, 0x0F, 0x00, 0x00, 0x78, 0x00, 0x03, 0xC0, 0x00,
    0x1E, 0x00, 0x00, 0xF0, 0x00, 0x07, 0x80, 0x00, 0x3C, 0x00, 0x00, 0x00, 0x3C, 0x00, 0xF0, 0x03,
    0xC0, 0x0F, 0x00, 0x3C, 0x08, 0xF0, 0x73, 0xC3, 0xEF, 0x1F, 0x3C, 0xF8, 0xF7, 0xFF, 0xFF, 0xFF,
    0x7F, 0xFC, 0xF8, 0x01, 0xF0, 0x03, 0xE0, 0x07, 0x00, 0x60, 0x00, 0x07, 0x80, 0x00, 0x3C, 0x00,
    0x01, 0xE0, 0x00, 0x0F, 0x00, 0x00, 0x78, 0x01, 0x83, 0xC0, 0x0E, 0x1E, 0x00, 0x78, 0xF0, 0x03,
    0xE7, 0xFF, 0xFF, 0xBF, 0xFF, 0xFF, 0xFF, 0xFF, 0xFF, 0xFF, 0xFF, 0x00, 0x01, 0xF0, 0x00, 0x0F,
    0x00, 0x00, 0x70, 0x00, 0x03, 0x00, 0x00, 0x00, 0x00, 0x7F, 0xF8, 0x3F, 0xFF, 0x0F, 0xFF, 0xC3,
    0xFF, 0xF0, 0x00, 0x3C, 0x00, 0x0F, 0x00, 0x03, 0xC0, 0x00, 0xF0, 0x00, 0x3C, 0x00, 0x0F, 0x00,
    0x03, 0xC0, 0x00, 0xF0, 0x00, 0x3C, 0x00, 0xFF, 0xF0, 0x1F, 0xF8, 0x03, 0xFC, 0x00, 0x7E, 0x00,
    0x0F, 0x00, 0x01, 0x80, 0x00, 0x00, 0x00, 0x00, 0x38, 0x00, 0x03, 0xC0, 0x00, 0x1E, 0x00, 0x00,
    0xF0, 0x00, 0x07, 0x81, 0x00, 0x3C, 0x18, 0x01, 0xE3, 0xC0, 0x0F, 0x3E, 0x00, 0x7B, 0xFF, 0xFF,
    0xFF, 0xFF, 0xFF, 0xFF, 0xFF, 0xF7, 0xFF, 0xFF, 0x9F, 0x00, 0x00, 0x78, 0x00, 0x01, 0xC0, 0x00,
    0x06, 0x00, 0x00, 0x00, 0x00, 0x00, 0x00, 0x7F, 0xC0, 0x03, 0xFF, 0x80, 0x1F, 0xFF, 0x00, 0xFC,
    0x7E, 0x03, 0xC0, 0x78, 0x1E, 0x00, 0xF0, 0x78, 0x03, 0xC1, 0xE0, 0x0F, 0x37, 0xA0, 0x01, 0xFF,
    0xC0, 0x07, 0xFF, 0x80, 0x0F, 0xFC, 0x00, 0x1F, 0xE0, 0x00, 0x3F, 0x00, 0x00, 0x78, 0x00, 0x00,
    0xC0, 0x00, 0x07, 0xF8, 0x00, 0x7F, 0xF8, 0x03, 0xFF, 0xF0, 0x1F, 0xCF, 0xC0, 0x7C, 0x0F, 0x81,
    0xE0, 0x1E, 0x0F, 0x00, 0x3C, 0x3C, 0x00, 0xF0, 0x00, 0x1B, 0xD8, 0x00, 0xFF, 0xF0, 0x03, 0xFF,
    0xC0, 0x07, 0xFE, 0x00, 0x0F, 0xF0, 0x00, 0x1F, 0x80, 0x00, 0x3C, 0x00, 0x00, 0x60, 0x00, 0x00,
    0x00, 0x0C, 0x00, 0x03, 0x80, 0x00, 0xF0, 0x00, 0x3E, 0x00, 0x0F, 0xF8, 0x03, 0xFF, 0xC0, 0x3F,
    0xFC, 0x03, 0xEF, 0xC0, 0x3C, 0x78, 0x03, 0x87, 0x80, 0x30, 0xF0, 0x00, 0x1E, 0x00, 0x01, 0xFC,
    0x00, 0x3B, 0x80, 0x0F, 0x78, 0x01, 0xEF, 0x00, 0x7C, 0xF0, 0x1F, 0x1F, 0x8F, 0xC1, 0xFF, 0xF8,
    0x1F, 0xFC, 0x00, 0xFF, 0x00, 0x00, 0x40, 0x00, 0x0C, 0x00, 0x01, 0xC0, 0x00, 0x3C, 0x00, 0x07,
    0xC0, 0x07, 0xFC, 0x03, 0xFF, 0xC0, 0xFF, 0xF0, 0x3F, 0x7C, 0x07, 0x8F, 0x01, 0xE1, 0xC0, 0x3C,
    0x30, 0x07, 0x00, 0x01, 0xE0, 0x00, 0x3C, 0x00, 0x3B, 0x80, 0x0F, 0x78, 0x01, 0xEF, 0x00, 0x7C,
    0xF0, 0x1F, 0x1F, 0x8F, 0xC1, 0xFF, 0xF8, 0x1F, 0xFC, 0x00, 0xFF, 0x00, 0x00, 0x08, 0x00, 0x03,
    0x80, 0x00, 0xF8, 0x00, 0x0F, 0x80, 0x00, 0xF9, 0xFF, 0xFF, 0xBF, 0xFF, 0xF7, 0xFF, 0xFE, 0x02,
    0x0F, 0x80, 0xE3, 0xE0, 0x3C, 0xF8, 0x0F, 0x8E, 0x03, 0xE0, 0x80, 0xFF, 0xFF, 0xFF, 0xFF, 0xFB,
    0xFF, 0xFF, 0x3E, 0x00, 0x03, 0xE0, 0x00, 0x3C, 0x00, 0x03, 0x80, 0x00, 0x20, 0x00, 0x02, 0x00,
    0x00, 0xE0, 0x00, 0x3C, 0x00, 0x0F, 0x80, 0x03, 0xE0, 0x00, 0xFF, 0xFF, 0xFF, 0xFF, 0xFB, 0xFF,
    0xFF, 0x3E, 0x08, 0x03, 0xE3, 0x80, 0x3C, 0xF8, 0x03, 0x8F, 0x80, 0x20, 0xF9, 0xFF, 0xFF, 0xBF,
    0xFF, 0xF7, 0xFF, 0xFE, 0x00, 0x0F, 0x80, 0x03, 0xE0, 0x00, 0xF8, 0x00, 0x0E, 0x00, 0x00, 0x80,
    0x00, 0xC0, 0x00, 0x3C, 0x00, 0x0F, 0x80, 0x03, 0xE0, 0x00, 0xF8, 0x00, 0x3F, 0xFF, 0xCF, 0xFF,
    0xFB, 0xFF, 0xFF, 0xFC, 0x00, 0x1F, 0x00, 0x01, 0xFF, 0xFF, 0x9F, 0xFF, 0xF1, 0xFF, 0xFE, 0x1F,
    0x00, 0x01, 0xF0, 0x00, 0x1F, 0x00, 0x01, 0xE0, 0x00, 0x18, 0x00, 0x00, 0x40, 0x00, 0x1C, 0x00,
    0x07, 0xC0, 0x00, 0x7C, 0x00, 0x07, 0xC1, 0xFF, 0xFC, 0x3F, 0xFF, 0xC7, 0xFF, 0xFC, 0x00, 0x07,
    0xC0, 0x00, 0xFB, 0xFF, 0xFE, 0x7F, 0xFF, 0x8F, 0xFF, 0xE0, 0x00, 0xF8, 0x00, 0x3E, 0x00, 0x0F,
    0x80, 0x00, 0xE0, 0x00, 0x08, 0x00, 0x00, 0xC0, 0x18, 0x00, 0x0F, 0x01, 0xE0, 0x00, 0xF8, 0x0F,
    0x80, 0x0F, 0x80, 0x3E, 0x00, 0xF8, 0x00, 0xF8, 0x0F, 0xFF, 0xFF, 0xE0, 0xFF, 0xFF, 0xFF, 0x8F,
    0xFF, 0xFF, 0xFE, 0xFC, 0x00, 0x00, 0xFF, 0xC0, 0x00, 0x07, 0xDF, 0xFF, 0xFF, 0xFC, 0x7F, 0xFF,
    0xFF, 0xC1, 0xFF, 0xFF, 0xFC, 0x07, 0xC0, 0x07, 0xC0, 0x1F, 0x00, 0x7C, 0x00, 0x7C, 0x07, 0xC0,
    0x01, 0xE0, 0x3C, 0x00, 0x06, 0x00, 0xC0, 0x00, 0x03, 0x00, 0x3C, 0x03, 0xF0, 0x3F, 0xC3, 0xFF,
    0x3F, 0xFD, 0xFF, 0xC0, 0xF0, 0x3F, 0xE1, 0xFF, 0x0F, 0xF8, 0x0F, 0x01, 0xFE, 0x1F, 0xF0, 0xFF,
    0x87, 0xFC, 0x07, 0x80, 0x3C, 0x01, 0xE0, 0x07, 0x00, 0x3C, 0x01, 0xE0, 0x0F, 0x03, 0xFE, 0x1F,
    0xF0, 0xFF, 0x80, 0xF0, 0x3F, 0xE1, 0xFF, 0x0F, 0xF8, 0x3F, 0xC0, 0x78, 0x3F, 0xFD, 0xFF, 0xC7,
    0xFC, 0x1F, 0xC0, 0x7C, 0x01, 0xC0, 0x04, 0x00, 0x00, 0x00, 0x03, 0x80, 0x80, 0x0E, 0x06, 0x00,
    0x38, 0x38, 0x00, 0xE1, 0xE0, 0x03, 0x8F, 0xFF, 0xFE, 0x7F, 0xFF, 0xF9, 0xFF, 0xFF, 0xE3, 0xFF,
    0xFF, 0x87, 0x80, 0x0E, 0x0E, 0x00, 0x38, 0x18, 0x00, 0xE0, 0x20, 0x00, 0x00, 0x00, 0x00, 0x00,
    0x40, 0x70, 0x01, 0x81, 0xC0, 0x07, 0x07, 0x00, 0x1E, 0x1F, 0xFF, 0xFC, 0x7F, 0xFF, 0xF9, 0xFF,
    0xFF, 0xE7, 0xFF, 0xFF, 0x1C, 0x00, 0x78, 0x70, 0x01, 0xC1, 0xC0, 0x06, 0x07, 0x00, 0x10, 0x1C,
    0x00, 0x08, 0x00, 0x00, 0x0E, 0x00, 0x00, 0x0F, 0x80, 0x00, 0x0F, 0xE0, 0x00, 0x0F, 0xF8, 0x00,
    0x0F, 0x9E, 0x00, 0x0F, 0x87, 0x80, 0x0F, 0x81, 0xE0, 0x0F, 0x80, 0x78, 0x0F, 0x80, 0x1E, 0x0F,
    0xF0, 0x7F, 0x8F, 0xF8, 0x3F, 0xE7, 0xFC, 0x1F, 0xF0, 0x1E, 0x0F, 0x00, 0x0F, 0x07, 0x80, 0x07,
    0x83, 0xC0, 0x03, 0xC1, 0xE0, 0x01, 0xFF, 0xF0, 0x00, 0xFF, 0xF8, 0x00, 0x7F, 0xFC, 0x00, 0x00,
    0x08, 0x00, 0x00, 0x0E, 0x00, 0x00, 0x0F, 0x80, 0x00, 0x0F, 0xE0, 0x00, 0x0F, 0xF8, 0x00, 0x0F,
    0x9E, 0x00, 0x0F, 0x87, 0x80, 0x0F, 0x81, 0xE0, 0x0F, 0x80, 0x78, 0x0F, 0x80, 0x1E, 0x0F, 0xF0,
    0x7F, 0x8F, 0xF8, 0x3F, 0xE7, 0xFC, 0x1F, 0xF0, 0x1E, 0x0F, 0x00, 0x0F, 0xFF, 0x80, 0x07, 0xFF,
    0xC0, 0x03, 0xFF, 0xE0, 0x00, 0x00, 0x00, 0x00, 0x7F, 0xF8, 0x00, 0x7F, 0xFC, 0x00, 0x3F, 0xFE,
    0x00, 0x1E, 0x0F, 0x00, 0x0F, 0xFF, 0x80, 0x07, 0xFF, 0xC0, 0x03, 0xFF, 0xE0, 0x00, 0x0F, 0x80,
    0xFF, 0x83, 0xFF, 0x07, 0xFC, 0x00, 0xF8, 0x01, 0xE0, 0xFB, 0xC7, 0xFF, 0x3F, 0xFD, 0xFF, 0xF7,
    0x87, 0xDE, 0x0F, 0x78, 0x3D, 0xE0, 0xF7, 0x87, 0xDF, 0x1E, 0x3F, 0xF8, 0xFF, 0xC1, 0xFE, 0x00,
    0xE0, 0x00, 0x00, 0x1F, 0xCC, 0x7F, 0xF9, 0xFF, 0xE7, 0xFF, 0xCF, 0x8F, 0xBE, 0x3F, 0xF8, 0xEF,
    0xF3, 0x9F, 0xFE, 0x3D, 0xF8, 0xFB, 0xFF, 0xE3, 0xFF, 0xCF, 0xFF, 0x3B, 0xF8, 0x61, 0xC0, 0x01,
    0xE0, 0x00, 0xFC, 0x00, 0x3F, 0x80, 0x1F, 0xE0, 0x07, 0xF8, 0x01, 0xFF, 0x00, 0xFF, 0xC0, 0x3E,
    0xF0, 0x0F, 0x3E, 0x07, 0xCF, 0x81, 0xF1, 0xE0, 0x78, 0x7C, 0x3E, 0x1F, 0x0F, 0x83, 0xC3, 0xC0,
    0xF9, 0xF0, 0x3E, 0x7F, 0xFF, 0x9F, 0xFF, 0xFF, 0xFF, 0xFC, 0x7F, 0xFD, 0xFF, 0xFF, 0xFF, 0xFF,
    0xFF, 0xFF, 0x83, 0xFF, 0x07, 0xFE, 0x0F, 0xFC, 0x1F, 0xF8, 0x3F, 0xF0, 0x7F, 0xE0, 0xFF, 0xC1,
    0xFF, 0x83, 0xFF, 0x07, 0xFE, 0x0F, 0xFC, 0x1F, 0xF8, 0x3F, 0xF0, 0x7F, 0xE0, 0xFF, 0xC1, 0xFF,
    0x83, 0xFF, 0x07, 0xDC, 0x07, 0x00, 0x7F, 0xFE, 0xFF, 0xFF, 0xFF, 0xFF, 0x7F, 0xFE, 0x3E, 0x00,
    0x1F, 0x00, 0x1F, 0x80, 0x0F, 0x80, 0x07, 0xC0, 0x03, 0xE0, 0x01, 0xF0, 0x01, 0xF0, 0x01, 0xF0,
    0x03, 0xE0, 0x07, 0xC0, 0x0F, 0x80, 0x0F, 0x80, 0x1F, 0x00, 0x3E, 0x00, 0x7F, 0xFF, 0xFF, 0xFF,
    0xFF, 0xFF, 0x7F, 0xFF, 0xFF, 0xFF, 0xFF, 0xFF, 0xFF, 0xFF, 0xF0, 0x00, 0x07, 0x80, 0x07, 0x80,
    0x03, 0x80, 0x03, 0xC0, 0x03, 0xC0, 0x03, 0xC0, 0x01, 0xC0, 0x01, 0xC0, 0x01, 0xE0, 0x01, 0xE0,
    0x01, 0xE0, 0x00, 0xE0, 0x00, 0xF0, 0x00, 0xF0, 0x00, 0xF0, 0x00, 0x70, 0x00, 0x70, 0x00, 0x00,
    0x00, 0x1C, 0x00, 0x38, 0x00, 0xF0, 0x01, 0xE0, 0x03, 0x80, 0x07, 0x00, 0x1E, 0x00, 0x3C, 0x00,
    0x70, 0xF1, 0xE3, 0xF3, 0xC7, 0xE7, 0x0F, 0xEE, 0x03, 0xFC, 0x03, 0xF8, 0x07, 0xE0, 0x0F, 0xC0,
    0x0F, 0x80, 0x1E, 0x00, 0x03, 0x00, 0x60, 0x1F, 0xC3, 0xF8, 0x3F, 0xF7, 0xFC, 0x7F, 0xFF, 0xFE,
    0x7D, 0xFF, 0x9E, 0x78, 0x7E, 0x0F, 0x78, 0x3E, 0x0F, 0x78, 0xFF, 0x1F, 0x7F, 0xFF, 0xFE, 0x3F,
    0xFF, 0xFE, 0x3F, 0xE7, 0xFC, 0x0F, 0x81, 0xF0, 0x03, 0xC1, 0xFC, 0x3F, 0x0F, 0xE1, 0xE0, 0x3C,
    0x07, 0x80, 0xF0, 0x1E, 0x03, 0xC0, 0x78, 0x0F, 0x01, 0xE0, 0x3C, 0x07, 0x80, 0xF0, 0x1E, 0x03,
    0xC0, 0x78, 0x0F, 0x01, 0xE0, 0x3C, 0x0F, 0x87, 0xF0, 0xFC, 0x1F, 0x00, 0x79, 0xEF, 0x9E, 0x30,
    0x00, 0x00, 0x01, 0xE7, 0xBE, 0x78, 0xC0, 0x3E, 0x1D, 0xFC, 0x77, 0xFF, 0xDF, 0xFF, 0x71, 0xF8,
    0x03, 0xC3, 0xE1, 0xDF, 0xE7, 0x7F, 0xFD, 0xEF, 0xF7, 0x1F, 0x80, 0x18, 0x00, 0xE0, 0x0F, 0x00,
    0x71, 0xFF, 0xFF, 0xFF, 0xFF, 0xFF, 0xFF, 0xE0, 0xE0, 0x0F, 0x07, 0xFF, 0xFF, 0xFF, 0xFF, 0xFF,
    0xFF, 0x1E, 0x00, 0xF0, 0x00, 0x00, 0x08, 0x07, 0xC3, 0xFE, 0xFF, 0xFF, 0xFC, 0x7E, 0x03, 0xFF,
    0x0F, 0xFF, 0x0F, 0xF8, 0x07, 0xC0, 0x07, 0xFF, 0xFF, 0xFF, 0xFF, 0xFF, 0xFF, 0xE0, 0x80, 0x07,
    0xC0, 0x3F, 0xE1, 0xFF, 0xE1, 0xFF, 0x80, 0xFC, 0x7F, 0xFF, 0xFE, 0xFF, 0x87, 0xC0, 0x20, 0x01,
    0xFF, 0xFF, 0xFF, 0xFF, 0xFF, 0xFF, 0xE0, 0x00, 0x00, 0xE0, 0x00, 0x00, 0x03, 0xFF, 0xC0, 0x00,
    0x01, 0xFF, 0xFF, 0x00, 0x00, 0x7F, 0xFF, 0xF0, 0x00, 0x3F, 0x80, 0x3F, 0x80, 0x0F, 0xC0, 0x01,
    0xF8, 0x03, 0xE0, 0x00, 0x0F, 0x80, 0xF8, 0x00, 0x00, 0xF0, 0x1E, 0x00, 0x00, 0x0F, 0x07, 0x80,
    0x1C, 0x00, 0xF0, 0xE0, 0x07, 0x80, 0x1E, 0x3C, 0x00, 0xF0, 0x01, 0xE7, 0x00, 0x1E, 0x00, 0x3D,
    0xE0, 0x03, 0xC0, 0x03, 0xBC, 0x00, 0x78, 0x00, 0x77, 0x80, 0x0F, 0x00, 0x0F, 0xE0, 0x7F, 0xFF,
    0xC1, 0xFC, 0x0F, 0xFF, 0xF8, 0x3F, 0x81, 0xFF, 0xFF, 0x07, 0xF0, 0x3F, 0xFF, 0xE0, 0xFF, 0x00,
    0x1E, 0x00, 0x1F, 0xE0, 0x03, 0xC0, 0x03, 0x9C, 0x00, 0x78, 0x00, 0x73, 0xC0, 0x0F, 0x00, 0x1E,
    0x78, 0x01, 0xE0, 0x03, 0xC7, 0x80, 0x3C, 0x00, 0xF0, 0xF0, 0x03, 0x80, 0x3E, 0x0F, 0x00, 0x00,
    0x07, 0x80, 0xF0, 0x00, 0x01, 0xE0, 0x1F, 0x00, 0x00, 0xF8, 0x01, 0xF8, 0x00, 0x3E, 0x00, 0x1F,
    0xE0, 0x3F, 0x80, 0x00, 0xFF, 0xFF, 0xE0, 0x00, 0x07, 0xFF, 0xF0, 0x00, 0x00, 0x3F, 0xF8, 0x00,
    0x00, 0x00, 0x00, 0xE0, 0x00, 0x00, 0x03, 0xFF, 0xC0, 0x00, 0x01, 0xFF, 0xFF, 0x00, 0x00, 0x7F,
    0xFF, 0xF0, 0x00, 0x3F, 0x80, 0x3F, 0x80, 0x0F, 0xC0, 0x01, 0xF8, 0x03, 0xE0, 0x00, 0x0F, 0x80,
    0xF8, 0x00, 0x00, 0xF0, 0x1E, 0x00, 0x00, 0x0F, 0x07, 0x80, 0x00, 0x00, 0xF0, 0xE0, 0x00, 0x00,
    0x1E, 0x3C, 0x00, 0x00, 0x01, 0xE7, 0x00, 0x00, 0x00, 0x3D, 0xE0, 0x00, 0x00, 0x03, 0xBC, 0x00,
    0x00, 0x00, 0x77, 0x80, 0x00, 0x00, 0x0F, 0xE0, 0x1F, 0xFF, 0x01, 0xFC, 0x03, 0xFF, 0xE0, 0x3F,
    0x80, 0x7F, 0xFC, 0x07, 0xF0, 0x0F, 0xFF, 0x80, 0xFF, 0x00, 0x00, 0x00, 0x1F, 0xE0, 0x00, 0x00,
    0x03, 0x9C, 0x00, 0x00, 0x00, 0x73, 0xC0, 0x00, 0x00, 0x1E, 0x78, 0x00, 0x00, 0x03, 0xC7, 0x80,
    0x00, 0x00, 0xF0, 0xF0, 0x00, 0x00, 0x3E, 0x0F, 0x00, 0x00, 0x07, 0x80, 0xF0, 0x00, 0x01, 0xE0,
    0x1F, 0x00, 0x00, 0xF8, 0x01, 0xF8, 0x00, 0x3E, 0x00, 0x1F, 0xE0, 0x3F, 0x80, 0x00, 0xFF, 0xFF,
    0xE0, 0x00, 0x07, 0xFF, 0xF0, 0x00, 0x00, 0x3F, 0xF8, 0x00, 0x00, 0x00, 0x00, 0xE0, 0x00, 0x00,
    0x03, 0xFF, 0xC0, 0x00, 0x01, 0xFF, 0xFF, 0x00, 0x00, 0x7F, 0xFF, 0xF0, 0x00, 0x3F, 0x80, 0x3F,
    0x80, 0x0F, 0xC0, 0x01, 0xF8, 0x03, 0xE0, 0x00, 0x0F, 0x80, 0xF8, 0x00, 0x00, 0xF0, 0x1E, 0x00,
    0x00, 0x0F, 0x07, 0x80, 0x00, 0x00, 0xF0, 0xE0, 0x00, 0x00, 0x1E, 0x3C, 0x02, 0x02, 0x01, 0xE7,
    0x00, 0xE0, 0xE0, 0x3D, 0xE0, 0x3E, 0x3E, 0x03, 0xBC, 0x07, 0xEF, 0x80, 0x77, 0x80, 0x7F, 0xE0,
    0x0F, 0xE0, 0x07, 0xF8, 0x01, 0xFC, 0x00, 0x7E, 0x00, 0x3F, 0x80, 0x0F, 0xE0, 0x07, 0xF0, 0x03,
    0xFE, 0x00, 0xFF, 0x00, 0xFF, 0xE0, 0x1F, 0xE0, 0x3E, 0x7E, 0x03, 0x9C, 0x07, 0x87, 0xC0, 0x73,
    0xC0, 0x60, 0x70, 0x1E, 0x78, 0x00, 0x00, 0x03, 0xC7, 0x80, 0x00, 0x00, 0xF0, 0xF0, 0x00, 0x00,
    0x3E, 0x0F, 0x00, 0x00, 0x07, 0x80, 0xF0, 0x00, 0x01, 0xE0, 0x1F, 0x00, 0x00, 0xF8, 0x01, 0xF8,
    0x00, 0x3E, 0x00, 0x1F, 0xE0, 0x3F, 0x80, 0x00, 0xFF, 0xFF, 0xE0, 0x00, 0x07, 0xFF, 0xF0, 0x00,
    0x00, 0x3F, 0xF8, 0x00, 0x00, 0x00, 0x00, 0xE0, 0x00, 0x00, 0x03, 0xFF, 0xC0, 0x00, 0x01, 0xFF,
    0xFF, 0x00, 0x00, 0x7F, 0xFF, 0xF0, 0x00, 0x3F, 0x80, 0x3F, 0x80, 0x0F, 0xC0, 0x01, 0xF8, 0x03,
    0xE0, 0x00, 0x0F, 0x80, 0xF8, 0x00, 0x00, 0xF0, 0x1E, 0x00, 0x00, 0x0F, 0x07, 0x80, 0x00, 0x00,
    0xF0, 0xE0, 0x00, 0x18, 0x1E, 0x3C, 0x00, 0x07, 0x81, 0xE7, 0x00, 0x01, 0xF0, 0x3D, 0xE0, 0x00,
    0x3E, 0x03, 0xBC, 0x00, 0x0F, 0x80, 0x77, 0x80, 0x03, 0xE0, 0x0F, 0xE0, 0x00, 0xF8, 0x01, 0xFC,
    0x00, 0x3E, 0x00, 0x3F, 0x80, 0x0F, 0x80, 0x07, 0xF0, 0x03, 0xF0, 0x00, 0xFF, 0x00, 0x7C, 0x00,
    0x1F, 0xE0, 0x1F, 0x00, 0x03, 0x9C, 0x07, 0xC0, 0x00, 0x73, 0xC1, 0xF0, 0x00, 0x1E, 0x78, 0x1C,
    0x00, 0x03, 0xC7, 0x81, 0x80, 0x00, 0xF0, 0xF0, 0x00, 0x00, 0x3E, 0x0F, 0x00, 0x00, 0x07, 0x80,
    0xF0, 0x00, 0x01, 0xE0, 0x1F, 0x00, 0x00, 0xF8, 0x01, 0xF8, 0x00, 0x3E, 0x00, 0x1F, 0xE0, 0x3F,
    0x80, 0x00, 0xFF, 0xFF, 0xE0, 0x00, 0x07, 0xFF, 0xF0, 0x00, 0x00, 0x3F, 0xF8, 0x00, 0x00, 0x0F,
    0x9E, 0x3F, 0x7C, 0xFE, 0xF9, 0xE1, 0xF3, 0xC1, 0xE7, 0x80, 0x3F, 0xFF, 0xFF, 0xFF, 0xFF, 0xFE,
    0x78, 0x7C, 0xF0, 0xF9, 0xE1, 0xF3, 0xC3, 0xE7, 0x87, 0xCF, 0x0F, 0x9E, 0x1F, 0x3C, 0x3E, 0x78,
    0x7C, 0xF0, 0xF8, 0x0F, 0xBE, 0x0F, 0xDF, 0x0F, 0xEF, 0x87, 0x87, 0xC3, 0xC3, 0xE1, 0xE1, 0xF3,
    0xFE, 0xF9, 0xFF, 0x7C, 0xFF, 0xBE, 0x1E, 0x1F, 0x0F, 0x0F, 0x87, 0x87, 0xC3, 0xC3, 0xE1, 0xE1,
    0xF0, 0xF0, 0xF8, 0x78, 0x7C, 0x3C, 0x1F, 0x1E, 0x0F, 0x8F, 0x03, 0xC0,
};

static const EpdGlyph inter_12_boldGlyphs[] = {
    { 0, 0, 0, 0, 0, 0, 0 }, // U+0000
    { 0, 0, 0, 0, 0, 0, 0 }, // U+0001
    { 0, 0, 0, 0, 0, 0, 0 }, // U+0002
    { 0, 0, 0, 0, 0, 0, 0 }, // U+0003
    { 0, 0, 0, 0, 0, 0, 0 }, // U+0004
    { 0, 0, 0, 0, 0, 0, 0 }, // U+0005
    { 0, 0, 0, 0, 0, 0, 0 }, // U+0006
    { 0, 0, 0, 0, 0, 0, 0 }, // U+0007
    { 0, 0, 0, 0, 0, 0, 0 }, // U+0008
    { 0, 0, 0, 0, 0, 0, 0 }, // U+0009
    { 0, 0, 0, 0, 0, 0, 0 }, // U+000A
    { 0, 0, 0, 0, 0, 0, 0 }, // U+000B
    { 0, 0, 0, 0, 0, 0, 0 }, // U+000C
    { 0, 0, 0, 0, 0, 0, 0 }, // U+000D
    { 0, 0, 0, 0, 0, 0, 0 }, // U+000E
    { 0, 0, 0, 0, 0, 0, 0 }, // U+000F
    { 0, 0, 0, 0, 0, 0, 0 }, // U+0010
    { 0, 0, 0, 0, 0, 0, 0 }, // U+0011
    { 0, 0, 0, 0, 0, 0, 0 }, // U+0012
    { 0, 0, 0, 0, 0, 0, 0 }, // U+0013
    { 0, 0, 0, 0, 0, 0, 0 }, // U+0014
    { 0, 0, 0, 0, 0, 0, 0 }, // U+0015
    { 0, 0, 0, 0, 0, 0, 0 }, // U+0016
    { 0, 0, 0, 0, 0, 0, 0 }, // U+0017
    { 0, 0, 0, 0, 0, 0, 0 }, // U+0018
    { 0, 0, 0, 0, 0, 0, 0 }, // U+0019
    { 0, 0, 0, 0, 0, 0, 0 }, // U+001A
    { 0, 0, 0, 0, 0, 0, 0 }, // U+001B
    { 0, 0, 0, 0, 0, 0, 0 }, // U+001C
    { 0, 0, 0, 0, 0, 0, 0 }, // U+001D
    { 0, 0, 0, 0, 0, 0, 0 }, // U+001E
    { 0, 0, 0, 0, 0, 0, 0 }, // U+001F
    { 0, 0, 93, 0, 0, 0, 0 }, // U+0020
    { 6, 20, 127, 1, 19, 15, 0 }, // !
    { 10, 9, 214, 2, 19, 12, 15 }, // "
    { 16, 19, 257, 0, 19, 38, 27 }, // #
    { 15, 24, 262, 1, 21, 45, 65 }, // $
    { 21, 20, 399, 2, 19, 53, 110 }, // %
    { 17, 20, 266, 0, 19, 43, 163 }, // &
    { 4, 9, 129, 2, 19, 5, 206 }, // '
    { 8, 24, 147, 1, 20, 24, 211 }, // (
    { 8, 24, 147, 0, 20, 24, 235 }, // )
    { 11, 12, 221, 1, 19, 17, 259 }, // *
    { 13, 14, 269, 2, 14, 23, 276 }, // +
    { 5, 9, 126, 1, 4, 6, 299 }, // ,
    { 9, 4, 185, 1, 9, 5, 305 }, // -
    { 6, 5, 126, 1, 4, 4, 310 }, // .
    { 10, 23, 153, 0, 20, 29, 314 }, // /
    { 15, 20, 268, 1, 19, 38, 343 }, // 0
    { 9, 19, 169, 0, 19, 22, 381 }, // 1
    { 14, 19, 249, 1, 19, 34, 403 }, // 2
    { 14, 20, 256, 1, 19, 35, 437 }, // 3
    { 15, 19, 269, 1, 19, 36, 472 }, // 4
    { 14, 20, 247, 1, 19, 35, 508 }, // 5
    { 14, 20, 257, 1, 19, 35, 543 }, // 6
    { 14, 19, 230, 0, 19, 34, 578 }, // 7
    { 15, 20, 257, 1, 19, 38, 612 }, // 8
    { 14, 20, 257, 1, 19, 35, 650 }, // 9
    { 6, 14, 126, 1, 13, 11, 685 }, // :
    { 6, 18, 129, 1, 13, 14, 696 }, // ;
    { 14, 15, 269, 1, 15, 27, 710 }, // <
    { 13, 10, 269, 2, 12, 17, 737 }, // =
    { 13, 15, 269, 2, 15, 25, 754 }, // >
    { 13, 20, 224, 0, 19, 33, 779 }, // ?
    { 24, 25, 405, 1, 19, 75, 812 }, // @
    { 18, 19, 296, 0, 19, 43, 887 }, // A
    { 15, 19, 263, 1, 19, 36, 930 }, // B
    { 17, 20, 295, 1, 19, 43, 966 }, // C
    { 16, 19, 287, 1, 19, 38, 1009 }, // D
    { 13, 19, 243, 1, 19, 31, 1047 }, // E
    { 13, 19, 234, 1, 19, 31, 1078 }, // F
    { 17, 20, 299, 1, 19, 43, 1109 }, // G
    { 16, 19, 296, 1, 19, 38, 1152 }, // H
    { 5, 19, 110, 1, 19, 12, 1190 }, // I
    { 13, 20, 232, 0, 19, 33, 1202 }, // J
    { 17, 19, 285, 1, 19, 41, 1235 }, // K
    { 13, 19, 225, 1, 19, 31, 1276 }, // L
    { 21, 19, 369, 1, 19, 50, 1307 }, // M
    { 17, 19, 302, 1, 19, 41, 1357 }, // N
    { 18, 20, 306, 1, 19, 45, 1398 }, // O
    { 15, 19, 258, 1, 19, 36, 1443 }, // P
    { 18, 21, 308, 1, 19, 48, 1479 }, // Q
    { 15, 19, 262, 1, 19, 36, 1527 }, // R
    { 15, 20, 262, 1, 19, 38, 1563 }, // S
    { 16, 19, 264, 0, 19, 38, 1601 }, // T
    { 16, 20, 290, 1, 19, 40, 1639 }, // U
    { 18, 19, 295, 0, 19, 43, 1679 }, // V
    { 26, 19, 411, 0, 19, 62, 1722 }, // W
    { 18, 19, 292, 0, 19, 43, 1784 }, // X
    { 18, 19, 289, 0, 19, 43, 1827 }, // Y
    { 15, 19, 263, 1, 19, 36, 1870 }, // Z
    { 7, 24, 147, 2, 20, 21, 1906 }, // [
    { 10, 23, 153, 0, 20, 29, 1927 }, // <backslash>
    { 7, 24, 147, 1, 20, 21, 1956 }, // ]
    { 12, 9, 193, 0, 18, 14, 1977 }, // ^
    { 12, 3, 190, 0, 0, 5, 1991 }, // _
    { 6, 4, 140, 1, 19, 3, 1996 }, // `
    { 13, 15, 230, 0, 14, 25, 1999 }, // a
    { 14, 20, 249, 1, 19, 35, 2024 }, // b
    { 14, 15, 232, 0, 14, 27, 2059 }, // c
    { 15, 20, 249, 0, 19, 38, 2086 }, // d
    { 14, 15, 235, 0, 14, 27, 2124 }, // e
    { 10, 19, 157, 0, 19, 24, 2151 }, // f
    { 15, 20, 250, 0, 14, 38, 2175 }, // g
    { 13, 19, 246, 1, 19, 31, 2213 }, // h
    { 5, 19, 106, 1, 19, 12, 2244 }, // i
    { 7, 25, 106, -1, 19, 22, 2256 }, // j
    { 14, 19, 229, 1, 19, 34, 2278 }, // k
    { 5, 19, 106, 1, 19, 12, 2312 }, // l
    { 21, 14, 362, 1, 14, 37, 2324 }, // m
    { 13, 14, 246, 1, 14, 23, 2361 }, // n
    { 15, 15, 242, 0, 14, 29, 2384 }, // o
    { 14, 20, 249, 1, 14, 35, 2413 }, // p
    { 15, 20, 249, 0, 14, 38, 2448 }, // q
    { 9, 14, 160, 1, 14, 16, 2486 }, // r
    { 13, 15, 221, 0, 14, 25, 2502 }, // s
    { 9, 18, 147, 0, 17, 21, 2527 }, // t
    { 13, 15, 246, 1, 14, 25, 2548 }, // u
    { 15, 14, 236, 0, 14, 27, 2573 }, // v
    { 21, 14, 337, 0, 14, 37, 2600 }, // w
    { 14, 14, 228, 0, 14, 25, 2637 }, // x
    { 15, 20, 237, 0, 14, 38, 2662 }, // y
    { 12, 14, 225, 1, 14, 21, 2700 }, // z
    { 10, 24, 185, 1, 20, 30, 2721 }, // {
    { 5, 31, 146, 2, 25, 20, 2751 }, // |
    { 9, 24, 185, 1, 20, 27, 2771 }, // }
    { 15, 7, 269, 1, 11, 14, 2798 }, // ~
    { 0, 0, 0, 0, 0, 0, 2812 }, // U+007F
    { 0, 0, 0, 0, 0, 0, 2812 }, // U+0080
    { 0, 0, 0, 0, 0, 0, 2812 }, // U+0081
    { 0, 0, 0, 0, 0, 0, 2812 }, // U+0082
    { 0, 0, 0, 0, 0, 0, 2812 }, // U+0083
    { 0, 0, 0, 0, 0, 0, 2812 }, // U+0084
    { 0, 0, 0, 0, 0, 0, 2812 }, // U+0085
    { 0, 0, 0, 0, 0, 0, 2812 }, // U+0086
    { 0, 0, 0, 0, 0, 0, 2812 }, // U+0087
    { 0, 0, 0, 0, 0, 0, 2812 }, // U+0088
    { 0, 0, 0, 0, 0, 0, 2812 }, // U+0089
    { 0, 0, 0, 0, 0, 0, 2812 }, // U+008A
    { 0, 0, 0, 0, 0, 0, 2812 }, // U+008B
    { 0, 0, 0, 0, 0, 0, 2812 }, // U+008C
    { 0, 0, 0, 0, 0, 0, 2812 }, // U+008D
    { 0, 0, 0, 0, 0, 0, 2812 }, // U+008E
    { 0, 0, 0, 0, 0, 0, 2812 }, // U+008F
    { 0, 0, 0, 0, 0, 0, 2812 }, // U+0090
    { 0, 0, 0, 0, 0, 0, 2812 }, // U+0091
    { 0, 0, 0, 0, 0, 0, 2812 }, // U+0092
    { 0, 0, 0, 0, 0, 0, 2812 }, // U+0093
    { 0, 0, 0, 0, 0, 0, 2812 }, // U+0094
    { 0, 0, 0, 0, 0, 0, 2812 }, // U+0095
    { 0, 0, 0, 0, 0, 0, 2812 }, // U+0096
    { 0, 0, 0, 0, 0, 0, 2812 }, // U+0097
    { 0, 0, 0, 0, 0, 0, 2812 }, // U+0098
    { 0, 0, 0, 0, 0, 0, 2812 }, // U+0099
    { 0, 0, 0, 0, 0, 0, 2812 }, // U+009A
    { 0, 0, 0, 0, 0, 0, 2812 }, // U+009B
    { 0, 0, 0, 0, 0, 0, 2812 }, // U+009C
    { 0, 0, 0, 0, 0, 0, 2812 }, // U+009D
    { 0, 0, 0, 0, 0, 0, 2812 }, // U+009E
    { 0, 0, 0, 0, 0, 0, 2812 }, // U+009F
    { 0, 0, 93, 0, 0, 0, 2812 }, // U+00A0
    { 6, 19, 127, 1, 14, 15, 2812 }, // U+00A1
    { 14, 19, 232, 0, 19, 34, 2827 }, // U+00A2
    { 14, 19, 253, 1, 19, 34, 2861 }, // U+00A3
    { 17, 17, 303, 1, 16, 37, 2895 }, // U+00A4
    { 14, 19, 226, 0, 19, 34, 2932 }, // U+00A5
    { 4, 23, 133, 2, 19, 12, 2966 }, // U+00A6
    { 12, 23, 225, 1, 19, 35, 2978 }, // U+00A7
    { 10, 4, 246, 3, 19, 5, 3013 }, // U+00A8
    { 20, 20, 364, 1, 19, 50, 3018 }, // U+00A9
    { 11, 12, 184, 0, 19, 17, 3068 }, // U+00AA
    { 15, 13, 260, 1, 14, 25, 3085 }, // U+00AB
    { 12, 7, 269, 2, 10, 11, 3110 }, // U+00AC
    { 0, 0, 0, 0, 0, 0, 3121 }, // U+00AD
    { 15, 15, 263, 1, 19, 29, 3121 }, // U+00AE
    { 8, 4, 171, 1, 19, 4, 3150 }, // U+00AF
    { 10, 10, 182, 1, 19, 13, 3154 }, // U+00B0
    { 13, 15, 269, 2, 15, 25, 3167 }, // U+00B1
    { 9, 12, 178, 1, 22, 14, 3192 }, // U+00B2
    { 10, 12, 183, 1, 22, 15, 3206 }, // U+00B3
    { 7, 4, 140, 1, 19, 4, 3221 }, // U+00B4
    { 15, 20, 248, 1, 14, 38, 3225 }, // U+00B5
    { 14, 19, 237, 0, 19, 34, 3263 }, // U+00B6
    { 6, 5, 126, 1, 11, 4, 3297 }, // U+00B7
    { 6, 7, 144, 2, 1, 6, 3301 }, // U+00B8
    { 6, 11, 128, 1, 21, 9, 3307 }, // U+00B9
    { 12, 12, 194, 0, 19, 18, 3316 }, // U+00BA
    { 16, 13, 260, 0, 14, 26, 3334 }, // U+00BB
    { 21, 19, 333, 0, 19, 50, 3360 }, // U+00BC
    { 21, 19, 347, 0, 19, 50, 3410 }, // U+00BD
    { 22, 19, 364, 0, 19, 53, 3460 }, // U+00BE
    { 13, 19, 224, 1, 14, 31, 3513 }, // U+00BF
    { 18, 24, 296, 0, 24, 54, 3544 }, // U+00C0
    { 18, 24, 296, 0, 24, 54, 3598 }, // U+00C1
    { 18, 24, 296, 0, 24, 54, 3652 }, // U+00C2
    { 18, 24, 296, 0, 24, 54, 3706 }, // U+00C3
    { 18, 24, 296, 0, 24, 54, 3760 }, // U+00C4
    { 18, 25, 296, 0, 25, 57, 3814 }, // U+00C5
    { 25, 19, 409, 0, 19, 60, 3871 }, // U+00C6
    { 17, 25, 295, 1, 19, 54, 3931 }, // U+00C7
    { 13, 24, 243, 1, 24, 39, 3985 }, // U+00C8
    { 13, 24, 243, 1, 24, 39, 4024 }, // U+00C9
    { 13, 24, 243, 1, 24, 39, 4063 }, // U+00CA
    { 13, 24, 243, 1, 24, 39, 4102 }, // U+00CB
    { 7, 24, 110, -1, 24, 21, 4141 }, // U+00CC
    { 7, 24, 110, 1, 24, 21, 4162 }, // U+00CD
    { 11, 24, 110, -2, 24, 33, 4183 }, // U+00CE
    { 11, 24, 110, -2, 24, 33, 4216 }, // U+00CF
    { 18, 19, 303, 0, 19, 43, 4249 }, // U+00D0
    { 17, 24, 302, 1, 24, 51, 4292 }, // U+00D1
    { 18, 25, 306, 1, 24, 57, 4343 }, // U+00D2
    { 18, 25, 306, 1, 24, 57, 4400 }, // U+00D3
    { 18, 25, 306, 1, 24, 57, 4457 }, // U+00D4
    { 18, 25, 306, 1, 24, 57, 4514 }, // U+00D5
    { 18, 25, 306, 1, 24, 57, 4571 }, // U+00D6
    { 13, 14, 269, 2, 14, 23, 4628 }, // U+00D7
    { 18, 20, 306, 1, 19, 45, 4651 }, // U+00D8
    { 16, 25, 290, 1, 24, 50, 4696 }, // U+00D9
    { 16, 25, 290, 1, 24, 50, 4746 }, // U+00DA
    { 16, 25, 290, 1, 24, 50, 4796 }, // U+00DB
    { 16, 25, 290, 1, 24, 50, 4846 }, // U+00DC
    { 18, 24, 289, 0, 24, 54, 4896 }, // U+00DD
    { 14, 19, 265, 1, 19, 34, 4950 }, // U+00DE
    { 15, 19, 261, 1, 19, 36, 4984 }, // U+00DF
    { 13, 20, 230, 0, 19, 33, 5020 }, // U+00E0
    { 13, 20, 230, 0, 19, 33, 5053 }, // U+00E1
    { 13, 20, 230, 0, 19, 33, 5086 }, // U+00E2
    { 13, 20, 230, 0, 19, 33, 5119 }, // U+00E3
    { 13, 20, 230, 0, 19, 33, 5152 }, // U+00E4
    { 13, 22, 230, 0, 21, 36, 5185 }, // U+00E5
    { 22, 15, 362, 0, 14, 42, 5221 }, // U+00E6
    { 14, 20, 232, 0, 14, 35, 5263 }, // U+00E7
    { 14, 20, 235, 0, 19, 35, 5298 }, // U+00E8
    { 14, 20, 235, 0, 19, 35, 5333 }, // U+00E9
    { 14, 20, 235, 0, 19, 35, 5368 }, // U+00EA
    { 14, 20, 235, 0, 19, 35, 5403 }, // U+00EB
    { 7, 19, 106, -1, 19, 17, 5438 }, // U+00EC
    { 7, 19, 106, 1, 19, 17, 5455 }, // U+00ED
    { 11, 19, 106, -2, 19, 27, 5472 }, // U+00EE
    { 10, 19, 106, -2, 19, 24, 5499 }, // U+00EF
    { 14, 21, 238, 0, 20, 37, 5523 }, // U+00F0
    { 13, 19, 246, 1, 19, 31, 5560 }, // U+00F1
    { 15, 20, 242, 0, 19, 38, 5591 }, // U+00F2
    { 15, 20, 242, 0, 19, 38, 5629 }, // U+00F3
    { 15, 20, 242, 0, 19, 38, 5667 }, // U+00F4
    { 15, 20, 242, 0, 19, 38, 5705 }, // U+00F5
    { 15, 20, 242, 0, 19, 38, 5743 }, // U+00F6
    { 13, 15, 269, 2, 15, 25, 5781 }, // U+00F7
    { 15, 16, 242, 0, 15, 30, 5806 }, // U+00F8
    { 13, 20, 246, 1, 19, 33, 5836 }, // U+00F9
    { 13, 20, 246, 1, 19, 33, 5869 }, // U+00FA
    { 13, 20, 246, 1, 19, 33, 5902 }, // U+00FB
    { 13, 20, 246, 1, 19, 33, 5935 }, // U+00FC
    { 15, 25, 237, 0, 19, 47, 5968 }, // U+00FD
    { 14, 25, 249, 1, 19, 44, 6015 }, // U+00FE
    { 15, 25, 237, 0, 19, 47, 6059 }, // U+00FF
    { 18, 24, 296, 0, 24, 54, 6106 }, // U+0100
    { 13, 20, 230, 0, 19, 33, 6160 }, // U+0101
    { 18, 24, 296, 0, 24, 54, 6193 }, // U+0102
    { 13, 20, 230, 0, 19, 33, 6247 }, // U+0103
    { 19, 25, 296, 0, 19, 60, 6280 }, // U+0104
    { 14, 20, 230, 0, 14, 35, 6340 }, // U+0105
    { 17, 25, 295, 1, 24, 54, 6375 }, // U+0106
    { 14, 20, 232, 0, 19, 35, 6429 }, // U+0107
    { 17, 25, 295, 1, 24, 54, 6464 }, // U+0108
    { 14, 20, 232, 0, 19, 35, 6518 }, // U+0109
    { 17, 25, 295, 1, 24, 54, 6553 }, // U+010A
    { 14, 20, 232, 0, 19, 35, 6607 }, // U+010B
    { 17, 25, 295, 1, 24, 54, 6642 }, // U+010C
    { 14, 20, 232, 0, 19, 35, 6696 }, // U+010D
    { 16, 24, 287, 1, 24, 48, 6731 }, // U+010E
    { 19, 21, 299, 0, 20, 50, 6779 }, // U+010F
    { 18, 19, 303, 0, 19, 43, 6829 }, // U+0110
    { 16, 20, 249, 0, 19, 40, 6872 }, // U+0111
    { 13, 24, 243, 1, 24, 39, 6912 }, // U+0112
    { 14, 20, 235, 0, 19, 35, 6951 }, // U+0113
    { 13, 24, 243, 1, 24, 39, 6986 }, // U+0114
    { 14, 20, 235, 0, 19, 35, 7025 }, // U+0115
    { 13, 24, 243, 1, 24, 39, 7060 }, // U+0116
    { 14, 20, 235, 0, 19, 35, 7099 }, // U+0117
    { 14, 25, 243, 1, 19, 44, 7134 }, // U+0118
    { 14, 20, 235, 0, 14, 35, 7178 }, // U+0119
    { 13, 24, 243, 1, 24, 39, 7213 }, // U+011A
    { 14, 20, 235, 0, 19, 35, 7252 }, // U+011B
    { 17, 25, 299, 1, 24, 54, 7287 }, // U+011C
    { 15, 25, 250, 0, 19, 47, 7341 }, // U+011D
    { 17, 25, 299, 1, 24, 54, 7388 }, // U+011E
    { 15, 25, 250, 0, 19, 47, 7442 }, // U+011F
    { 17, 25, 299, 1, 24, 54, 7489 }, // U+0120
    { 15, 25, 250, 0, 19, 47, 7543 }, // U+0121
    { 17, 25, 299, 1, 19, 54, 7590 }, // U+0122
    { 15, 27, 250, 0, 21, 51, 7644 }, // U+0123
    { 16, 24, 296, 1, 24, 48, 7695 }, // U+0124
    { 16, 24, 246, -2, 24, 48, 7743 }, // U+0125
    { 20, 19, 320, 0, 19, 48, 7791 }, // U+0126
    { 15, 19, 246, -1, 19, 36, 7839 }, // U+0127
    { 9, 24, 110, -1, 24, 27, 7875 }, // U+0128
    { 9, 19, 106, -1, 19, 22, 7902 }, // U+0129
    { 8, 24, 110, -1, 24, 24, 7924 }, // U+012A
    { 8, 19, 106, -1, 19, 19, 7948 }, // U+012B
    { 9, 24, 110, -1, 24, 27, 7967 }, // U+012C
    { 9, 19, 106, -1, 19, 22, 7994 }, // U+012D
    { 6, 25, 110, 0, 19, 19, 8016 }, // U+012E
    { 7, 25, 106, -1, 19, 22, 8035 }, // U+012F
    { 5, 24, 110, 1, 24, 15, 8057 }, // U+0130
    { 5, 14, 106, 1, 14, 9, 8072 }, // U+0131
    { 19, 20, 342, 1, 19, 48, 8081 }, // U+0132
    { 11, 25, 213, 1, 19, 35, 8129 }, // U+0133
    { 16, 25, 232, 0, 24, 50, 8164 }, // U+0134
    { 11, 25, 106, -2, 19, 35, 8214 }, // U+0135
    { 17, 25, 285, 1, 19, 54, 8249 }, // U+0136
    { 14, 25, 229, 1, 19, 44, 8303 }, // U+0137
    { 14, 14, 232, 1, 14, 25, 8347 }, // U+0138
    { 13, 24, 225, 1, 24, 39, 8372 }, // U+0139
    { 7, 24, 106, 1, 24, 21, 8411 }, // U+013A
    { 13, 25, 225, 1, 19, 41, 8432 }, // U+013B
    { 6, 25, 106, 0, 19, 19, 8473 }, // U+013C
    { 13, 20, 225, 1, 20, 33, 8492 }, // U+013D
    { 9, 20, 156, 1, 20, 23, 8525 }, // U+013E
    { 13, 19, 229, 1, 19, 31, 8548 }, // U+013F
    { 10, 19, 177, 1, 19, 24, 8579 }, // U+0140
    { 15, 19, 241, 0, 19, 36, 8603 }, // U+0141
    { 8, 19, 106, -1, 19, 19, 8639 }, // U+0142
    { 17, 24, 302, 1, 24, 51, 8658 }, // U+0143
    { 13, 19, 246, 1, 19, 31, 8709 }, // U+0144
    { 17, 25, 302, 1, 19, 54, 8740 }, // U+0145
    { 13, 20, 246, 1, 14, 33, 8794 }, // U+0146
    { 17, 24, 302, 1, 24, 51, 8827 }, // U+0147
    { 13, 19, 246, 1, 19, 31, 8878 }, // U+0148
    { 17, 25, 302, 1, 19, 54, 8909 }, // U+014A
    { 13, 20, 246, 1, 14, 33, 8963 }, // U+014B
    { 18, 25, 306, 1, 24, 57, 8996 }, // U+014C
    { 15, 20, 242, 0, 19, 38, 9053 }, // U+014D
    { 18, 25, 306, 1, 24, 57, 9091 }, // U+014E
    { 15, 20, 242, 0, 19, 38, 9148 }, // U+014F
    { 18, 25, 306, 1, 24, 57, 9186 }, // U+0150
    { 15, 20, 242, 0, 19, 38, 9243 }, // U+0151
    { 24, 19, 408, 1, 19, 57, 9281 }, // U+0152
    { 24, 15, 391, 0, 14, 45, 9338 }, // U+0153
    { 15, 24, 262, 1, 24, 45, 9383 }, // U+0154
    { 9, 19, 160, 1, 19, 22, 9428 }, // U+0155
    { 15, 25, 262, 1, 19, 47, 9450 }, // U+0156
    { 10, 20, 160, 0, 14, 25, 9497 }, // U+0157
    { 15, 24, 262, 1, 24, 45, 9522 }, // U+0158
    { 11, 19, 160, 0, 19, 27, 9567 }, // U+0159
    { 15, 25, 262, 1, 24, 47, 9594 }, // U+015A
    { 13, 20, 221, 0, 19, 33, 9641 }, // U+015B
    { 15, 25, 262, 1, 24, 47, 9674 }, // U+015C
    { 13, 20, 221, 0, 19, 33, 9721 }, // U+015D
    { 15, 25, 262, 1, 19, 47, 9754 }, // U+015E
    { 13, 20, 221, 0, 14, 33, 9801 }, // U+015F
    { 15, 25, 262, 1, 24, 47, 9834 }, // U+0160
    { 13, 20, 221, 0, 19, 33, 9881 }, // U+0161
    { 16, 25, 264, 0, 19, 50, 9914 }, // U+0162
    { 9, 23, 147, 0, 17, 26, 9964 }, // U+0163
    { 16, 24, 264, 0, 24, 48, 9990 }, // U+0164
    { 11, 22, 177, 0, 21, 31, 10038 }, // U+0165
    { 16, 19, 264, 0, 19, 38, 10069 }, // U+0166
    { 9, 18, 147, 0, 17, 21, 10107 }, // U+0167
    { 16, 25, 290, 1, 24, 50, 10128 }, // U+0168
    { 13, 20, 246, 1, 19, 33, 10178 }, // U+0169
    { 16, 25, 290, 1, 24, 50, 10211 }, // U+016A
    { 13, 20, 246, 1, 19, 33, 10261 }, // U+016B
    { 16, 25, 290, 1, 24, 50, 10294 }, // U+016C
    { 13, 20, 246, 1, 19, 33, 10344 }, // U+016D
    { 16, 26, 290, 1, 25, 52, 10377 }, // U+016E
    { 13, 22, 246, 1, 21, 36, 10429 }, // U+016F
    { 16, 25, 290, 1, 24, 50, 10465 }, // U+0170
    { 13, 20, 246, 1, 19, 33, 10515 }, // U+0171
    { 16, 25, 290, 1, 19, 50, 10548 }, // U+0172
    { 14, 20, 246, 1, 14, 35, 10598 }, // U+0173
    { 26, 24, 411, 0, 24, 78, 10633 }, // U+0174
    { 21, 19, 337, 0, 19, 50, 10711 }, // U+0175
    { 18, 24, 289, 0, 24, 54, 10761 }, // U+0176
    { 15, 25, 237, 0, 19, 47, 10815 }, // U+0177
    { 18, 24, 289, 0, 24, 54, 10862 }, // U+0178
    { 15, 24, 263, 1, 24, 45, 10916 }, // U+0179
    { 12, 19, 225, 1, 19, 29, 10961 }, // U+017A
    { 15, 24, 263, 1, 24, 45, 10990 }, // U+017B
    { 12, 19, 225, 1, 19, 29, 11035 }, // U+017C
    { 15, 24, 263, 1, 24, 45, 11064 }, // U+017D
    { 12, 19, 225, 1, 19, 29, 11109 }, // U+017E
    { 8, 19, 134, 1, 19, 19, 11138 }, // U+017F
    { 18, 22, 309, 1, 21, 50, 11157 }, // U+01A0
    { 15, 18, 242, 0, 17, 34, 11207 }, // U+01A1
    { 18, 22, 290, 1, 21, 50, 11241 }, // U+01AF
    { 15, 18, 263, 1, 17, 34, 11291 }, // U+01B0
    { 30, 19, 512, 1, 19, 72, 11325 }, // U+01C5
    { 29, 20, 474, 0, 19, 73, 11397 }, // U+01C6
    { 27, 20, 457, 1, 19, 68, 11470 }, // U+01C7
    { 19, 25, 332, 1, 19, 60, 11538 }, // U+01C8
    { 11, 25, 213, 1, 19, 35, 11598 }, // U+01C9
    { 31, 20, 533, 1, 19, 78, 11633 }, // U+01CA
    { 24, 25, 408, 1, 19, 75, 11711 }, // U+01CB
    { 20, 25, 352, 1, 19, 63, 11786 }, // U+01CC
    { 18, 24, 296, 0, 24, 54, 11849 }, // U+01CD
    { 13, 20, 230, 0, 19, 33, 11903 }, // U+01CE
    { 11, 24, 110, -2, 24, 33, 11936 }, // U+01CF
    { 11, 19, 106, -2, 19, 27, 11969 }, // U+01D0
    { 18, 25, 306, 1, 24, 57, 11996 }, // U+01D1
    { 15, 20, 242, 0, 19, 38, 12053 }, // U+01D2
    { 16, 25, 290, 1, 24, 50, 12091 }, // U+01D3
    { 13, 20, 246, 1, 19, 33, 12141 }, // U+01D4
    { 16, 29, 290, 1, 28, 58, 12174 }, // U+01D5
    { 13, 24, 246, 1, 23, 39, 12232 }, // U+01D6
    { 16, 29, 290, 1, 28, 58, 12271 }, // U+01D7
    { 13, 24, 246, 1, 23, 39, 12329 }, // U+01D8
    { 16, 29, 290, 1, 28, 58, 12368 }, // U+01D9
    { 13, 24, 246, 1, 23, 39, 12426 }, // U+01DA
    { 16, 29, 290, 1, 28, 58, 12465 }, // U+01DB
    { 13, 24, 246, 1, 23, 39, 12523 }, // U+01DC
    { 14, 15, 235, 0, 14, 27, 12562 }, // U+01DD
    { 18, 28, 296, 0, 28, 63, 12589 }, // U+01DE
    { 13, 24, 230, 0, 23, 39, 12652 }, // U+01DF
    { 18, 28, 296, 0, 28, 63, 12691 }, // U+01E0
    { 13, 24, 230, 0, 23, 39, 12754 }, // U+01E1
    { 25, 24, 409, 0, 24, 75, 12793 }, // U+01E2
    { 22, 20, 362, 0, 19, 55, 12868 }, // U+01E3
    { 18, 20, 299, 1, 19, 45, 12923 }, // U+01E4
    { 17, 20, 273, 0, 14, 43, 12968 }, // U+01E5
    { 17, 25, 299, 1, 24, 54, 13011 }, // U+01E6
    { 15, 25, 250, 0, 19, 47, 13065 }, // U+01E7
    { 17, 24, 285, 1, 24, 51, 13112 }, // U+01E8
    { 17, 24, 229, -2, 24, 51, 13163 }, // U+01E9
    { 18, 25, 306, 1, 19, 57, 13214 }, // U+01EA
    { 15, 20, 242, 0, 14, 38, 13271 }, // U+01EB
    { 18, 30, 306, 1, 24, 68, 13309 }, // U+01EC
    { 15, 25, 242, 0, 19, 47, 13377 }, // U+01ED
    { 17, 30, 272, 0, 24, 64, 13424 }, // U+01EE
    { 14, 25, 256, 1, 19, 44, 13488 }, // U+01EF
    { 11, 25, 106, -2, 19, 35, 13532 }, // U+01F0
    { 33, 19, 550, 1, 19, 79, 13567 }, // U+01F1
    { 30, 19, 512, 1, 19, 72, 13646 }, // U+01F2
    { 29, 20, 474, 0, 19, 73, 13718 }, // U+01F3
    { 17, 25, 299, 1, 24, 54, 13791 }, // U+01F4
    { 15, 25, 250, 0, 19, 47, 13845 }, // U+01F5
    { 26, 20, 444, 1, 19, 65, 13892 }, // U+01F6
    { 16, 25, 293, 1, 19, 50, 13957 }, // U+01F7
    { 17, 24, 302, 1, 24, 51, 14007 }, // U+01F8
    { 13, 19, 246, 1, 19, 31, 14058 }, // U+01F9
    { 18, 28, 296, 0, 28, 63, 14089 }, // U+01FA
    { 13, 25, 230, 0, 24, 41, 14152 }, // U+01FB
    { 25, 24, 409, 0, 24, 75, 14193 }, // U+01FC
    { 22, 20, 362, 0, 19, 55, 14268 }, // U+01FD
    { 18, 25, 306, 1, 24, 57, 14323 }, // U+01FE
    { 15, 20, 242, 0, 19, 38, 14380 }, // U+01FF
    { 18, 24, 296, 0, 24, 54, 14418 }, // U+0200
    { 13, 20, 230, 0, 19, 33, 14472 }, // U+0201
    { 18, 25, 296, 0, 25, 57, 14505 }, // U+0202
    { 13, 21, 230, 0, 20, 35, 14562 }, // U+0203
    { 13, 24, 243, 1, 24, 39, 14597 }, // U+0204
    { 14, 20, 235, 0, 19, 35, 14636 }, // U+0205
    { 13, 25, 243, 1, 25, 41, 14671 }, // U+0206
    { 14, 21, 235, 0, 20, 37, 14712 }, // U+0207
    { 10, 24, 110, -3, 24, 30, 14749 }, // U+0208
    { 11, 19, 106, -4, 19, 27, 14779 }, // U+0209
    { 9, 25, 110, -1, 25, 29, 14806 }, // U+020A
    { 9, 20, 106, -1, 20, 23, 14835 }, // U+020B
    { 18, 25, 306, 1, 24, 57, 14858 }, // U+020C
    { 15, 20, 242, 0, 19, 38, 14915 }, // U+020D
    { 18, 26, 306, 1, 25, 59, 14953 }, // U+020E
    { 15, 21, 242, 0, 20, 40, 15012 }, // U+020F
    { 15, 24, 262, 1, 24, 45, 15052 }, // U+0210
    { 11, 19, 160, -1, 19, 27, 15097 }, // U+0211
    { 15, 25, 262, 1, 25, 47, 15124 }, // U+0212
    { 9, 20, 160, 1, 20, 23, 15171 }, // U+0213
    { 16, 25, 290, 1, 24, 50, 15194 }, // U+0214
    { 13, 20, 246, 1, 19, 33, 15244 }, // U+0215
    { 16, 26, 290, 1, 25, 52, 15277 }, // U+0216
    { 13, 21, 246, 1, 20, 35, 15329 }, // U+0217
    { 15, 25, 262, 1, 19, 47, 15364 }, // U+0218
    { 13, 20, 221, 0, 14, 33, 15411 }, // U+0219
    { 16, 25, 264, 0, 19, 50, 15444 }, // U+021A
    { 9, 23, 147, 0, 17, 26, 15494 }, // U+021B
    { 15, 25, 265, 1, 19, 47, 15520 }, // U+021C
    { 12, 20, 228, 1, 14, 30, 15567 }, // U+021D
    { 16, 24, 296, 1, 24, 48, 15597 }, // U+021E
    { 16, 24, 246, -2, 24, 48, 15645 }, // U+021F
    { 6, 4, 0, 1, 19, 3, 15693 }, // U+0300
    { 7, 4, 0, 1, 19, 4, 15696 }, // U+0301
    { 11, 4, 0, 0, 19, 6, 15700 }, // U+0302
    { 10, 4, 0, 1, 19, 5, 15706 }, // U+0303
    { 8, 4, 0, 1, 19, 4, 15711 }, // U+0304
    { 9, 4, 0, 1, 19, 5, 15715 }, // U+0306
    { 5, 4, 0, 1, 19, 3, 15720 }, // U+0307
    { 10, 4, 0, 3, 19, 5, 15723 }, // U+0308
    { 5, 4, 0, 1, 19, 3, 15728 }, // U+0309
    { 7, 7, 0, 1, 21, 7, 15731 }, // U+030A
    { 12, 6, 0, -5, 20, 9, 15738 }, // U+030B
    { 11, 4, 0, 0, 19, 6, 15747 }, // U+030C
    { 11, 4, 0, 1, 19, 6, 15753 }, // U+030F
    { 5, 9, 0, 5, 13, 6, 15759 }, // U+0313
    { 5, 9, 0, 5, 13, 6, 15765 }, // U+0315
    { 5, 7, 0, -6, 19, 5, 15771 }, // U+031B
    { 5, 4, 113, 1, -2, 3, 15776 }, // U+0323
    { 4, 6, 0, -10, -1, 3, 15779 }, // U+0326
    { 6, 7, 0, 2, 1, 6, 15782 }, // U+0327
    { 7, 7, 0, 0, 1, 7, 15788 }, // U+0328
    { 11, 4, 0, 0, -2, 6, 15795 }, // U+032C
    { 12, 17, 0, -14, 15, 26, 15801 }, // U+0337
    { 15, 20, 0, -15, 19, 38, 15827 }, // U+0338
    { 10, 4, 0, -13, 19, 5, 15865 }, // U+0342
    { 5, 5, 0, 0, 15, 4, 15870 }, // U+0343
    { 10, 6, 0, -13, 20, 8, 15874 }, // U+0346
    { 9, 7, 0, -12, -2, 8, 15882 }, // U+0347
    { 7, 7, 0, -11, 0, 7, 15890 }, // U+0348
    { 6, 6, 0, -10, -1, 5, 15897 }, // U+0349
    { 11, 6, 0, -14, 20, 9, 15902 }, // U+034A
    { 10, 11, 0, -13, 25, 14, 15911 }, // U+034B
    { 10, 7, 0, -13, 22, 9, 15925 }, // U+034C
    { 12, 6, 0, -14, -1, 9, 15934 }, // U+034D
    { 6, 7, 0, -11, 0, 6, 15943 }, // U+034E
    { 0, 0, 0, 0, 0, 0, 15949 }, // U+034F
    { 10, 10, 0, -12, 25, 13, 15949 }, // U+0350
    { 4, 6, 0, -10, 19, 3, 15962 }, // U+0351
    { 10, 8, 0, -13, 22, 10, 15965 }, // U+0352
    { 7, 7, 0, -11, 0, 7, 15975 }, // U+0353
    { 7, 7, 0, -11, 0, 7, 15982 }, // U+0354
    { 7, 7, 0, -11, 0, 7, 15989 }, // U+0355
    { 15, 7, 0, -14, 0, 14, 15996 }, // U+0356
    { 4, 7, 0, 0, 21, 4, 16010 }, // U+0357
    { 5, 4, 0, 1, 19, 3, 16014 }, // U+0358
    { 6, 7, 0, -11, 0, 6, 16017 }, // U+0359
    { 11, 6, 0, -13, 0, 9, 16023 }, // U+035A
    { 6, 7, 0, -11, 21, 6, 16032 }, // U+035B
    { 20, 5, 0, -11, -1, 13, 16038 }, // U+035C
    { 19, 5, 0, -10, 19, 12, 16051 }, // U+035D
    { 15, 3, 0, -15, 19, 6, 16063 }, // U+035E
    { 15, 3, 0, -15, -2, 6, 16069 }, // U+035F
    { 26, 5, 0, -14, 19, 17, 16075 }, // U+0360
    { 19, 6, 0, -10, 19, 15, 16092 }, // U+0361
    { 22, 6, 0, -11, -1, 17, 16107 }, // U+0362
    { 7, 8, 0, -11, 22, 7, 16124 }, // U+0363
    { 7, 8, 0, -11, 22, 7, 16131 }, // U+0364
    { 3, 11, 0, -9, 25, 5, 16138 }, // U+0365
    { 8, 8, 0, -12, 22, 8, 16143 }, // U+0366
    { 7, 8, 0, -11, 22, 7, 16151 }, // U+0367
    { 7, 8, 0, -11, 22, 7, 16158 }, // U+0368
    { 8, 11, 0, -12, 25, 11, 16165 }, // U+0369
    { 7, 11, 0, -11, 25, 10, 16176 }, // U+036A
    { 12, 8, 0, -14, 22, 12, 16186 }, // U+036B
    { 5, 8, 0, -10, 22, 5, 16198 }, // U+036C
    { 5, 10, 0, 0, 24, 7, 16203 }, // U+036D
    { 8, 8, 0, -12, 22, 8, 16210 }, // U+036E
    { 7, 8, 0, -11, 22, 7, 16218 }, // U+036F
    { 6, 18, 129, 1, 13, 14, 16225 }, // U+037E
    { 5, 4, 134, 2, 19, 3, 16239 }, // U+0384
    { 12, 7, 284, 3, 22, 11, 16242 }, // U+0385
    { 18, 19, 296, 0, 19, 43, 16253 }, // U+0386
    { 6, 5, 126, 1, 14, 4, 16296 }, // U+0387
    { 19, 19, 315, 0, 19, 46, 16300 }, // U+0388
    { 22, 19, 368, 0, 19, 53, 16346 }, // U+0389
    { 10, 19, 182, 0, 19, 24, 16399 }, // U+038A
    { 22, 20, 362, 0, 19, 55, 16423 }, // U+038C
    { 24, 19, 378, 0, 19, 57, 16478 }, // U+038E
    { 22, 19, 364, 0, 19, 53, 16535 }, // U+038F
    { 9, 24, 120, -1, 23, 27, 16588 }, // U+0390
    { 18, 19, 296, 0, 19, 43, 16615 }, // U+0391
    { 15, 19, 263, 1, 19, 36, 16658 }, // U+0392
    { 13, 19, 230, 1, 19, 31, 16694 }, // U+0393
    { 18, 19, 293, 0, 19, 43, 16725 }, // U+0394
    { 13, 19, 243, 1, 19, 31, 16768 }, // U+0395
    { 15, 19, 263, 1, 19, 36, 16799 }, // U+0396
    { 16, 19, 296, 1, 19, 38, 16835 }, // U+0397
    { 18, 20, 306, 1, 19, 45, 16873 }, // U+0398
    { 5, 19, 110, 1, 19, 12, 16918 }, // U+0399
    { 17, 19, 285, 1, 19, 41, 16930 }, // U+039A
    { 18, 19, 296, 0, 19, 43, 16971 }, // U+039B
    { 21, 19, 369, 1, 19, 50, 17014 }, // U+039C
    { 17, 19, 302, 1, 19, 41, 17064 }, // U+039D
    { 15, 19, 271, 1, 19, 36, 17105 }, // U+039E
    { 18, 20, 306, 1, 19, 45, 17141 }, // U+039F
    { 16, 19, 296, 1, 19, 38, 17186 }, // U+03A0
    { 15, 19, 258, 1, 19, 36, 17224 }, // U+03A1
    { 15, 19, 274, 1, 19, 36, 17260 }, // U+03A3
    { 16, 19, 264, 0, 19, 38, 17296 }, // U+03A4
    { 18, 19, 289, 0, 19, 43, 17334 }, // U+03A5
    { 21, 21, 355, 1, 20, 56, 17377 }, // U+03A6
    { 18, 19, 292, 0, 19, 43, 17433 }, // U+03A7
    { 20, 19, 356, 1, 19, 48, 17476 }, // U+03A8
    { 18, 19, 310, 1, 19, 43, 17524 }, // U+03A9
    { 11, 24, 110, -2, 24, 33, 17567 }, // U+03AA
    { 18, 24, 289, 0, 24, 54, 17600 }, // U+03AB
    { 17, 20, 275, 0, 19, 43, 17654 }, // U+03AC
    { 13, 20, 220, 0, 19, 33, 17697 }, // U+03AD
    { 13, 25, 246, 1, 19, 41, 17730 }, // U+03AE
    { 7, 20, 120, 1, 19, 18, 17771 }, // U+03AF
    { 13, 23, 246, 1, 22, 38, 17789 }, // U+03B0
    { 17, 15, 275, 0, 14, 32, 17827 }, // U+03B1
    { 14, 25, 242, 1, 19, 44, 17859 }, // U+03B2
    { 15, 20, 236, 0, 14, 38, 17903 }, // U+03B3
    { 15, 20, 240, 0, 19, 38, 17941 }, // U+03B4
    { 13, 15, 220, 0, 14, 25, 17979 }, // U+03B5
    { 13, 23, 211, 0, 19, 38, 18004 }, // U+03B6
    { 13, 20, 246, 1, 14, 33, 18042 }, // U+03B7
    { 14, 20, 248, 1, 19, 35, 18075 }, // U+03B8
    { 7, 15, 120, 1, 14, 14, 18110 }, // U+03B9
    { 14, 14, 232, 1, 14, 25, 18124 }, // U+03BA
    { 17, 20, 265, 0, 19, 43, 18149 }, // U+03BB
    { 15, 20, 248, 1, 14, 38, 18192 }, // U+03BC
    { 15, 14, 242, 0, 14, 27, 18230 }, // U+03BD
    { 13, 23, 220, 0, 19, 38, 18257 }, // U+03BE
    { 15, 15, 242, 0, 14, 29, 18295 }, // U+03BF
    { 16, 15, 256, 0, 14, 30, 18324 }, // U+03C0
    { 14, 20, 249, 1, 14, 35, 18354 }, // U+03C1
    { 14, 18, 232, 0, 14, 32, 18389 }, // U+03C2
    { 16, 15, 258, 0, 14, 30, 18421 }, // U+03C3
    { 13, 15, 204, 0, 14, 25, 18451 }, // U+03C4
    { 13, 15, 246, 1, 14, 25, 18476 }, // U+03C5
    { 19, 20, 318, 0, 14, 48, 18501 }, // U+03C6
    { 15, 20, 238, 0, 14, 38, 18549 }, // U+03C7
    { 19, 23, 330, 1, 17, 55, 18587 }, // U+03C8
    { 20, 15, 331, 0, 14, 38, 18642 }, // U+03C9
    { 10, 20, 120, -2, 19, 25, 18680 }, // U+03CA
    { 13, 20, 246, 1, 19, 33, 18705 }, // U+03CB
    { 15, 20, 242, 0, 19, 38, 18738 }, // U+03CC
    { 13, 20, 246, 1, 19, 33, 18776 }, // U+03CD
    { 20, 20, 331, 0, 19, 50, 18809 }, // U+03CE
    { 13, 24, 243, 1, 24, 39, 18859 }, // U+0400
    { 13, 24, 243, 1, 24, 39, 18898 }, // U+0401
    { 21, 21, 341, 0, 19, 56, 18937 }, // U+0402
    { 13, 24, 230, 1, 24, 39, 18993 }, // U+0403
    { 17, 20, 295, 1, 19, 43, 19032 }, // U+0404
    { 15, 20, 262, 1, 19, 38, 19075 }, // U+0405
    { 5, 19, 110, 1, 19, 12, 19113 }, // U+0406
    { 11, 24, 110, -2, 24, 33, 19125 }, // U+0407
    { 13, 20, 232, 0, 19, 33, 19158 }, // U+0408
    { 27, 19, 444, 0, 19, 65, 19191 }, // U+0409
    { 27, 19, 448, 1, 19, 65, 19256 }, // U+040A
    { 21, 19, 355, 0, 19, 50, 19321 }, // U+040B
    { 17, 24, 285, 1, 24, 51, 19371 }, // U+040C
    { 17, 24, 302, 1, 24, 51, 19422 }, // U+040D
    { 17, 24, 274, 0, 24, 51, 19473 }, // U+040E
    { 16, 23, 289, 1, 19, 46, 19524 }, // U+040F
    { 18, 19, 296, 0, 19, 43, 19570 }, // U+0410
    { 15, 19, 257, 1, 19, 36, 19613 }, // U+0411
    { 15, 19, 263, 1, 19, 36, 19649 }, // U+0412
    { 13, 19, 230, 1, 19, 31, 19685 }, // U+0413
    { 21, 23, 342, 0, 19, 61, 19716 }, // U+0414
    { 13, 19, 243, 1, 19, 31, 19777 }, // U+0415
    { 26, 19, 422, 0, 19, 62, 19808 }, // U+0416
    { 14, 20, 256, 1, 19, 35, 19870 }, // U+0417
    { 17, 19, 302, 1, 19, 41, 19905 }, // U+0418
    { 17, 24, 302, 1, 24, 51, 19946 }, // U+0419
    { 17, 19, 285, 1, 19, 41, 19997 }, // U+041A
    { 18, 19, 297, 0, 19, 43, 20038 }, // U+041B
    { 21, 19, 369, 1, 19, 50, 20081 }, // U+041C
    { 16, 19, 296, 1, 19, 38, 20131 }, // U+041D
    { 18, 20, 306, 1, 19, 45, 20169 }, // U+041E
    { 16, 19, 296, 1, 19, 38, 20214 }, // U+041F
    { 15, 19, 258, 1, 19, 36, 20252 }, // U+0420
    { 17, 20, 295, 1, 19, 43, 20288 }, // U+0421
    { 16, 19, 264, 0, 19, 38, 20331 }, // U+0422
    { 17, 19, 274, 0, 19, 41, 20369 }, // U+0423
    { 19, 22, 333, 1, 20, 53, 20410 }, // U+0424
    { 18, 19, 292, 0, 19, 43, 20463 }, // U+0425
    { 18, 23, 305, 1, 19, 52, 20506 }, // U+0426
    { 15, 19, 281, 1, 19, 36, 20558 }, // U+0427
    { 22, 19, 393, 1, 19, 53, 20594 }, // U+0428
    { 24, 23, 404, 1, 19, 69, 20647 }, // U+0429
    { 20, 19, 330, 0, 19, 48, 20716 }, // U+042A
    { 21, 19, 363, 1, 19, 50, 20764 }, // U+042B
    { 15, 19, 263, 1, 19, 36, 20814 }, // U+042C
    { 18, 20, 295, 0, 19, 45, 20850 }, // U+042D
    { 24, 20, 415, 1, 19, 60, 20895 }, // U+042E
    { 15, 19, 262, 0, 19, 36, 20955 }, // U+042F
    { 13, 15, 230, 0, 14, 25, 20991 }, // U+0430
    { 15, 20, 241, 0, 19, 38, 21016 }, // U+0431
    { 13, 14, 227, 1, 14, 23, 21054 }, // U+0432
    { 10, 14, 180, 1, 14, 18, 21077 }, // U+0433
    { 16, 18, 263, 0, 14, 36, 21095 }, // U+0434
    { 14, 15, 235, 0, 14, 27, 21131 }, // U+0435
    { 21, 14, 343, 0, 14, 37, 21158 }, // U+0436
    { 13, 15, 205, 0, 14, 25, 21195 }, // U+0437
    { 13, 14, 247, 1, 14, 23, 21220 }, // U+0438
    { 13, 19, 247, 1, 19, 31, 21243 }, // U+0439
    { 14, 14, 231, 1, 14, 25, 21274 }, // U+043A
    { 14, 14, 240, 0, 14, 25, 21299 }, // U+043B
    { 18, 14, 322, 1, 14, 32, 21324 }, // U+043C
    { 13, 14, 246, 1, 14, 23, 21356 }, // U+043D
    { 15, 15, 242, 0, 14, 29, 21379 }, // U+043E
    { 13, 14, 243, 1, 14, 23, 21408 }, // U+043F
    { 14, 20, 249, 1, 14, 35, 21431 }, // U+0440
    { 14, 15, 232, 0, 14, 27, 21466 }, // U+0441
    { 13, 14, 204, 0, 14, 23, 21493 }, // U+0442
    { 15, 20, 237, 0, 14, 38, 21516 }, // U+0443
    { 19, 25, 308, 0, 19, 60, 21554 }, // U+0444
    { 14, 14, 228, 0, 14, 25, 21614 }, // U+0445
    { 15, 18, 261, 1, 14, 34, 21639 }, // U+0446
    { 13, 14, 238, 1, 14, 23, 21673 }, // U+0447
    { 19, 14, 342, 1, 14, 34, 21696 }, // U+0448
    { 21, 18, 353, 1, 14, 48, 21730 }, // U+0449
    { 16, 14, 268, 0, 14, 28, 21778 }, // U+044A
    { 18, 14, 317, 1, 14, 32, 21806 }, // U+044B
    { 13, 14, 231, 1, 14, 23, 21838 }, // U+044C
    { 14, 15, 233, 0, 14, 27, 21861 }, // U+044D
    { 20, 15, 344, 1, 14, 38, 21888 }, // U+044E
    { 13, 14, 229, 0, 14, 23, 21926 }, // U+044F
    { 14, 20, 235, 0, 19, 35, 21949 }, // U+0450
    { 14, 20, 235, 0, 19, 35, 21984 }, // U+0451
    { 15, 25, 246, -1, 19, 47, 22019 }, // U+0452
    { 10, 19, 180, 1, 19, 24, 22066 }, // U+0453
    { 14, 15, 233, 0, 14, 27, 22090 }, // U+0454
    { 13, 15, 221, 0, 14, 25, 22117 }, // U+0455
    { 5, 19, 106, 1, 19, 12, 22142 }, // U+0456
    { 10, 19, 106, -2, 19, 24, 22154 }, // U+0457
    { 7, 25, 106, -1, 19, 22, 22178 }, // U+0458
    { 23, 14, 374, 0, 14, 41, 22200 }, // U+0459
    { 21, 14, 366, 1, 14, 37, 22241 }, // U+045A
    { 15, 19, 246, -1, 19, 36, 22278 }, // U+045B
    { 14, 19, 231, 1, 19, 34, 22314 }, // U+045C
    { 13, 19, 247, 1, 19, 31, 22348 }, // U+045D
    { 15, 25, 237, 0, 19, 47, 22379 }, // U+045E
    { 13, 18, 243, 1, 14, 30, 22426 }, // U+045F
    { 22, 20, 389, 1, 19, 55, 22456 }, // U+0460
    { 20, 15, 350, 1, 14, 38, 22511 }, // U+0461
    { 17, 19, 283, 0, 19, 41, 22549 }, // U+0462
    { 15, 19, 254, 0, 19, 36, 22590 }, // U+0463
    { 23, 20, 398, 1, 19, 58, 22626 }, // U+0464
    { 19, 15, 329, 1, 14, 36, 22684 }, // U+0465
    { 18, 19, 296, 0, 19, 43, 22720 }, // U+0466
    { 15, 14, 235, 0, 14, 27, 22763 }, // U+0467
    { 24, 19, 395, 1, 19, 57, 22790 }, // U+0468
    { 20, 14, 331, 1, 14, 35, 22847 }, // U+0469
    { 20, 19, 351, 1, 19, 48, 22882 }, // U+046A
    { 17, 14, 298, 1, 14, 30, 22930 }, // U+046B
    { 27, 19, 471, 1, 19, 65, 22960 }, // U+046C
    { 24, 14, 406, 1, 14, 42, 23025 }, // U+046D
    { 12, 30, 226, 1, 24, 45, 23067 }, // U+046E
    { 12, 25, 215, 0, 19, 38, 23112 }, // U+046F
    { 20, 19, 356, 1, 19, 48, 23150 }, // U+0470
    { 19, 23, 330, 1, 17, 55, 23198 }, // U+0471
    { 18, 20, 306, 1, 19, 45, 23253 }, // U+0472
    { 15, 15, 242, 0, 14, 29, 23298 }, // U+0473
    { 19, 19, 300, 0, 19, 46, 23327 }, // U+0474
    { 15, 14, 244, 0, 14, 27, 23373 }, // U+0475
    { 19, 24, 300, 0, 24, 57, 23400 }, // U+0476
    { 15, 19, 244, 0, 19, 36, 23457 }, // U+0477
    { 33, 25, 543, 1, 19, 104, 23493 }, // U+0478
    { 30, 20, 472, 0, 14, 75, 23597 }, // U+0479
    { 16, 19, 286, 1, 19, 38, 23672 }, // U+0480
    { 14, 19, 232, 0, 14, 34, 23710 }, // U+0481
    { 14, 17, 265, 1, 17, 30, 23744 }, // U+0482
    { 10, 5, 0, -13, 19, 7, 23774 }, // U+0483
    { 11, 4, 0, -13, 19, 6, 23781 }, // U+0484
    { 4, 6, 0, -9, 21, 3, 23787 }, // U+0485
    { 5, 6, 0, -9, 21, 4, 23790 }, // U+0486
    { 12, 4, 0, -14, 19, 6, 23794 }, // U+0487
    { 25, 22, 0, -20, 18, 69, 23800 }, // U+0488
    { 24, 25, 0, -19, 19, 75, 23869 }, // U+0489
    { 19, 28, 302, 1, 24, 67, 23944 }, // U+048A
    { 16, 23, 247, 1, 19, 46, 24011 }, // U+048B
    { 17, 19, 283, 0, 19, 41, 24057 }, // U+048C
    { 15, 17, 254, 0, 17, 32, 24098 }, // U+048D
    { 15, 19, 261, 1, 19, 36, 24130 }, // U+048E
    { 14, 20, 243, 1, 14, 35, 24166 }, // U+048F
    { 13, 22, 230, 1, 22, 36, 24201 }, // U+0490
    { 10, 17, 180, 1, 17, 22, 24237 }, // U+0491
    { 15, 19, 230, -1, 19, 36, 24259 }, // U+0492
    { 12, 14, 180, -1, 14, 21, 24295 }, // U+0493
    { 15, 21, 264, 1, 19, 40, 24316 }, // U+0494
    { 13, 19, 227, 1, 14, 31, 24356 }, // U+0495
    { 28, 23, 436, 0, 19, 81, 24387 }, // U+0496
    { 23, 18, 356, 0, 14, 52, 24468 }, // U+0497
    { 14, 25, 256, 1, 19, 44, 24520 }, // U+0498
    { 13, 20, 205, 0, 14, 33, 24564 }, // U+0499
    { 18, 23, 302, 1, 19, 52, 24597 }, // U+049A
    { 15, 18, 245, 1, 14, 34, 24649 }, // U+049B
    { 17, 19, 285, 1, 19, 41, 24683 }, // U+049C
    { 15, 14, 251, 1, 14, 27, 24724 }, // U+049D
    { 22, 19, 351, 0, 19, 53, 24751 }, // U+04A0
    { 17, 14, 267, 0, 14, 30, 24804 }, // U+04A1
    { 18, 23, 307, 1, 19, 52, 24834 }, // U+04A2
    { 15, 18, 257, 1, 14, 34, 24886 }, // U+04A3
    { 24, 19, 399, 1, 19, 57, 24920 }, // U+04A4
    { 17, 14, 284, 1, 14, 30, 24977 }, // U+04A5
    { 27, 21, 448, 1, 19, 71, 25007 }, // U+04A6
    { 22, 18, 375, 1, 14, 50, 25078 }, // U+04A7
    { 25, 20, 417, 1, 19, 63, 25128 }, // U+04A8
    { 21, 15, 334, 0, 14, 40, 25191 }, // U+04A9
    { 17, 25, 295, 1, 19, 54, 25231 }, // U+04AA
    { 14, 20, 232, 0, 14, 35, 25285 }, // U+04AB
    { 16, 23, 264, 0, 19, 46, 25320 }, // U+04AC
    { 13, 18, 204, 0, 14, 30, 25366 }, // U+04AD
    { 18, 19, 289, 0, 19, 43, 25396 }, // U+04AE
    { 15, 20, 236, 0, 14, 38, 25439 }, // U+04AF
    { 18, 19, 289, 0, 19, 43, 25477 }, // U+04B0
    { 15, 20, 236, 0, 14, 38, 25520 }, // U+04B1
    { 19, 23, 306, 0, 19, 55, 25558 }, // U+04B2
    { 16, 18, 242, 0, 14, 36, 25613 }, // U+04B3
    { 24, 23, 379, 0, 19, 69, 25649 }, // U+04B4
    { 18, 18, 283, 0, 14, 41, 25718 }, // U+04B5
    { 17, 23, 292, 1, 19, 49, 25759 }, // U+04B6
    { 15, 18, 249, 1, 14, 34, 25808 }, // U+04B7
    { 15, 19, 281, 1, 19, 36, 25842 }, // U+04B8
    { 13, 14, 238, 1, 14, 23, 25878 }, // U+04B9
    { 16, 19, 281, 1, 19, 38, 25901 }, // U+04BA
    { 13, 19, 246, 1, 19, 31, 25939 }, // U+04BB
    { 22, 20, 355, 0, 19, 55, 25970 }, // U+04BC
    { 18, 15, 299, 0, 14, 34, 26025 }, // U+04BD
    { 22, 23, 355, 0, 19, 64, 26059 }, // U+04BE
    { 18, 20, 299, 0, 14, 45, 26123 }, // U+04BF
    { 5, 19, 110, 1, 19, 12, 26168 }, // U+04C0
    { 26, 24, 422, 0, 24, 78, 26180 }, // U+04C1
    { 21, 19, 343, 0, 19, 50, 26258 }, // U+04C2
    { 16, 24, 276, 1, 19, 48, 26308 }, // U+04C3
    { 14, 18, 246, 1, 14, 32, 26356 }, // U+04C4
    { 20, 23, 297, 0, 19, 58, 26388 }, // U+04C5
    { 16, 18, 240, 0, 14, 36, 26446 }, // U+04C6
    { 16, 25, 296, 1, 19, 50, 26482 }, // U+04C7
    { 13, 20, 246, 1, 14, 33, 26532 }, // U+04C8
    { 19, 23, 296, 1, 19, 55, 26565 }, // U+04C9
    { 16, 18, 246, 1, 14, 36, 26620 }, // U+04CA
    { 17, 23, 292, 1, 19, 49, 26656 }, // U+04CB
    { 15, 18, 249, 1, 14, 34, 26705 }, // U+04CC
    { 23, 23, 369, 1, 19, 67, 26739 }, // U+04CD
    { 20, 18, 322, 1, 14, 45, 26806 }, // U+04CE
    { 5, 19, 106, 1, 19, 12, 26851 }, // U+04CF
    { 18, 24, 296, 0, 24, 54, 26863 }, // U+04D0
    { 13, 20, 230, 0, 19, 33, 26917 }, // U+04D1
    { 18, 24, 296, 0, 24, 54, 26950 }, // U+04D2
    { 13, 20, 230, 0, 19, 33, 27004 }, // U+04D3
    { 25, 19, 409, 0, 19, 60, 27037 }, // U+04D4
    { 22, 15, 362, 0, 14, 42, 27097 }, // U+04D5
    { 13, 24, 243, 1, 24, 39, 27139 }, // U+04D6
    { 14, 20, 235, 0, 19, 35, 27178 }, // U+04D7
    { 17, 20, 298, 1, 19, 43, 27213 }, // U+04D8
    { 14, 15, 235, 0, 14, 27, 27256 }, // U+04D9
    { 17, 25, 298, 1, 24, 54, 27283 }, // U+04DA
    { 14, 20, 235, 0, 19, 35, 27337 }, // U+04DB
    { 26, 24, 422, 0, 24, 78, 27372 }, // U+04DC
    { 21, 19, 343, 0, 19, 50, 27450 }, // U+04DD
    { 14, 25, 256, 1, 24, 44, 27500 }, // U+04DE
    { 13, 20, 205, 0, 19, 33, 27544 }, // U+04DF
    { 14, 20, 256, 1, 19, 35, 27577 }, // U+04E0
    { 14, 20, 256, 1, 14, 35, 27612 }, // U+04E1
    { 17, 24, 302, 1, 24, 51, 27647 }, // U+04E2
    { 13, 19, 247, 1, 19, 31, 27698 }, // U+04E3
    { 17, 24, 302, 1, 24, 51, 27729 }, // U+04E4
    { 13, 19, 247, 1, 19, 31, 27780 }, // U+04E5
    { 18, 25, 306, 1, 24, 57, 27811 }, // U+04E6
    { 15, 20, 242, 0, 19, 38, 27868 }, // U+04E7
    { 18, 20, 306, 1, 19, 45, 27906 }, // U+04E8
    { 15, 15, 242, 0, 14, 29, 27951 }, // U+04E9
    { 18, 25, 306, 1, 24, 57, 27980 }, // U+04EA
    { 15, 20, 242, 0, 19, 38, 28037 }, // U+04EB
    { 18, 25, 295, 0, 24, 57, 28075 }, // U+04EC
    { 14, 20, 233, 0, 19, 35, 28132 }, // U+04ED
    { 17, 24, 274, 0, 24, 51, 28167 }, // U+04EE
    { 15, 25, 237, 0, 19, 47, 28218 }, // U+04EF
    { 17, 24, 274, 0, 24, 51, 28265 }, // U+04F0
    { 15, 25, 237, 0, 19, 47, 28316 }, // U+04F1
    { 17, 24, 274, 0, 24, 51, 28363 }, // U+04F2
    { 15, 25, 237, 0, 19, 47, 28414 }, // U+04F3
    { 15, 24, 281, 1, 24, 45, 28461 }, // U+04F4
    { 13, 19, 238, 1, 19, 31, 28506 }, // U+04F5
    { 13, 23, 230, 1, 19, 38, 28537 }, // U+04F6
    { 10, 18, 180, 1, 14, 23, 28575 }, // U+04F7
    { 21, 24, 363, 1, 24, 63, 28598 }, // U+04F8
    { 18, 19, 317, 1, 19, 43, 28661 }, // U+04F9
    { 15, 25, 246, 0, 19, 47, 28704 }, // U+04FA
    { 12, 20, 180, -1, 14, 30, 28751 }, // U+04FB
    { 19, 25, 313, 0, 19, 60, 28781 }, // U+04FC
    { 13, 20, 214, 0, 14, 33, 28841 }, // U+04FD
    { 18, 19, 292, 0, 19, 43, 28874 }, // U+04FE
    { 14, 14, 228, 0, 14, 25, 28917 }, // U+04FF
    { 15, 15, 272, 1, 15, 29, 28942 }, // U+05D0
    { 14, 15, 226, 0, 15, 27, 28971 }, // U+05D1
    { 10, 15, 181, 0, 15, 19, 28998 }, // U+05D2
    { 14, 15, 219, 0, 15, 27, 29017 }, // U+05D3
    { 14, 15, 262, 1, 15, 27, 29044 }, // U+05D4
    { 5, 15, 118, 1, 15, 10, 29071 }, // U+05D5
    { 10, 15, 162, 0, 15, 19, 29081 }, // U+05D6
    { 15, 15, 272, 1, 15, 29, 29100 }, // U+05D7
    { 15, 15, 264, 1, 15, 29, 29129 }, // U+05D8
    { 5, 9, 113, 1, 15, 6, 29158 }, // U+05D9
    { 12, 20, 211, 0, 15, 30, 29164 }, // U+05DA
    { 13, 15, 217, 0, 15, 25, 29194 }, // U+05DB
    { 13, 19, 206, 0, 19, 31, 29219 }, // U+05DC
    { 15, 15, 272, 1, 15, 29, 29250 }, // U+05DD
    { 15, 15, 276, 1, 15, 29, 29279 }, // U+05DE
    { 5, 20, 118, 1, 15, 13, 29308 }, // U+05DF
    { 9, 15, 160, 0, 15, 17, 29321 }, // U+05E0
    { 15, 15, 265, 1, 15, 29, 29338 }, // U+05E1
    { 15, 16, 246, 0, 15, 30, 29367 }, // U+05E2
    { 14, 20, 259, 1, 15, 35, 29397 }, // U+05E3
    { 15, 15, 262, 1, 15, 29, 29432 }, // U+05E4
    { 14, 20, 233, 0, 15, 35, 29461 }, // U+05E5
    { 14, 15, 246, 0, 15, 27, 29496 }, // U+05E6
    { 15, 20, 255, 1, 15, 38, 29523 }, // U+05E7
    { 12, 15, 214, 0, 15, 23, 29561 }, // U+05E8
    { 18, 15, 321, 1, 15, 34, 29584 }, // U+05E9
    { 14, 15, 266, 1, 15, 27, 29618 }, // U+05EA
    { 0, 0, 227, 0, 0, 0, 29645 }, // U+2000
    { 0, 0, 451, 0, 0, 0, 29645 }, // U+2001
    { 0, 0, 200, 0, 0, 0, 29645 }, // U+2002
    { 0, 0, 400, 0, 0, 0, 29645 }, // U+2003
    { 0, 0, 134, 0, 0, 0, 29645 }, // U+2004
    { 0, 0, 100, 0, 0, 0, 29645 }, // U+2005
    { 0, 0, 66, 0, 0, 0, 29645 }, // U+2006
    { 0, 0, 258, 0, 0, 0, 29645 }, // U+2007
    { 0, 0, 126, 0, 0, 0, 29645 }, // U+2008
    { 0, 0, 61, 0, 0, 0, 29645 }, // U+2009
    { 0, 0, 29, 0, 0, 0, 29645 }, // U+200A
    { 0, 0, 0, 0, 0, 0, 29645 }, // U+200B
    { 0, 0, 0, 0, 0, 0, 29645 }, // U+200C
    { 0, 0, 0, 0, 0, 0, 29645 }, // U+200D
    { 0, 0, 0, 0, 0, 0, 29645 }, // U+200E
    { 0, 0, 0, 0, 0, 0, 29645 }, // U+200F
    { 9, 4, 179, 1, 9, 5, 29645 }, // U+2010
    { 9, 4, 179, 1, 9, 5, 29650 }, // U+2011
    { 16, 4, 258, 0, 10, 8, 29655 }, // U+2012
    { 13, 4, 200, 0, 9, 7, 29663 }, // U+2013
    { 25, 4, 400, 0, 9, 13, 29670 }, // U+2014
    { 25, 4, 400, 0, 9, 13, 29683 }, // U+2015
    { 10, 31, 223, 2, 25, 39, 29696 }, // U+2016
    { 12, 6, 188, 0, 0, 9, 29735 }, // U+2017
    { 6, 9, 117, 1, 19, 7, 29744 }, // U+2018
    { 6, 9, 117, 1, 19, 7, 29751 }, // U+2019
    { 5, 9, 108, 1, 4, 6, 29758 }, // U+201A
    { 6, 9, 117, 0, 19, 7, 29764 }, // U+201B
    { 12, 9, 206, 1, 19, 14, 29771 }, // U+201C
    { 11, 9, 203, 1, 19, 13, 29785 }, // U+201D
    { 11, 9, 195, 1, 4, 13, 29798 }, // U+201E
    { 11, 9, 203, 0, 19, 13, 29811 }, // U+201F
    { 12, 15, 232, 1, 19, 23, 29824 }, // U+2020
    { 12, 19, 232, 1, 19, 29, 29847 }, // U+2021
    { 9, 9, 186, 1, 12, 11, 29876 }, // U+2022
    { 7, 9, 186, 3, 12, 8, 29887 }, // U+2023
    { 6, 5, 126, 1, 4, 4, 29895 }, // U+2024
    { 13, 5, 251, 1, 4, 9, 29899 }, // U+2025
    { 21, 5, 377, 1, 4, 14, 29908 }, // U+2026
    { 6, 5, 126, 1, 11, 4, 29922 }, // U+2027
    { 0, 0, 0, 0, 0, 0, 29926 }, // U+202A
    { 0, 0, 0, 0, 0, 0, 29926 }, // U+202B
    { 0, 0, 0, 0, 0, 0, 29926 }, // U+202C
    { 0, 0, 0, 0, 0, 0, 29926 }, // U+202D
    { 0, 0, 0, 0, 0, 0, 29926 }, // U+202E
    { 0, 0, 61, 0, 0, 0, 29926 }, // U+202F
    { 31, 20, 548, 2, 19, 78, 29926 }, // U+2030
    { 40, 20, 697, 2, 19, 100, 30004 }, // U+2031
    { 5, 8, 108, 1, 19, 5, 30104 }, // U+2032
    { 12, 8, 215, 1, 19, 12, 30109 }, // U+2033
    { 18, 8, 322, 1, 19, 18, 30121 }, // U+2034
    { 5, 8, 108, 1, 19, 5, 30139 }, // U+2035
    { 12, 8, 215, 1, 19, 12, 30144 }, // U+2036
    { 18, 8, 322, 1, 19, 18, 30156 }, // U+2037
    { 12, 6, 217, 1, -1, 9, 30174 }, // U+2038
    { 9, 13, 169, 1, 14, 15, 30183 }, // U+2039
    { 10, 13, 169, 0, 14, 17, 30198 }, // U+203A
    { 17, 16, 321, 2, 16, 34, 30215 }, // U+203B
    { 14, 20, 254, 1, 19, 35, 30249 }, // U+203C
    { 13, 20, 222, 0, 19, 33, 30284 }, // U+203D
    { 13, 3, 197, 0, 21, 5, 30317 }, // U+203E
    { 21, 5, 338, 0, -1, 14, 30322 }, // U+203F
    { 21, 5, 338, 0, 19, 14, 30336 }, // U+2040
    { 11, 14, 189, 0, 8, 20, 30350 }, // U+2041
    { 17, 16, 303, 1, 17, 34, 30370 }, // U+2042
    { 8, 4, 186, 2, 9, 4, 30404 }, // U+2043
    { 16, 19, 82, -5, 19, 38, 30408 }, // U+2044
    { 7, 24, 147, 2, 20, 21, 30446 }, // U+2045
    { 7, 24, 147, 1, 20, 21, 30467 }, // U+2046
    { 27, 20, 449, 0, 19, 68, 30488 }, // U+2047
    { 21, 20, 352, 0, 19, 53, 30556 }, // U+2048
    { 20, 20, 352, 1, 19, 50, 30609 }, // U+2049
    { 11, 20, 184, 0, 14, 28, 30659 }, // U+204A
    { 13, 19, 237, 1, 19, 31, 30687 }, // U+204B
    { 13, 11, 241, 1, 13, 18, 30718 }, // U+204C
    { 13, 11, 241, 1, 13, 18, 30736 }, // U+204D
    { 11, 12, 221, 1, 9, 17, 30754 }, // U+204E
    { 6, 18, 129, 1, 13, 14, 30771 }, // U+204F
    { 21, 25, 337, 0, 19, 66, 30785 }, // U+2050
    { 11, 24, 228, 3, 19, 33, 30851 }, // U+2051
    { 18, 19, 318, 1, 19, 43, 30884 }, // U+2052
    { 17, 7, 302, 1, 12, 15, 30927 }, // U+2053
    { 21, 5, 338, 0, -1, 14, 30942 }, // U+2054
    { 14, 13, 284, 2, 13, 23, 30956 }, // U+2055
    { 25, 8, 429, 1, 19, 25, 30979 }, // U+2057
    { 0, 0, 116, 0, 0, 0, 31004 }, // U+205F
    { 0, 0, 0, 0, 0, 0, 31004 }, // U+2060
    { 0, 0, 0, 0, 0, 0, 31004 }, // U+2061
    { 0, 0, 0, 0, 0, 0, 31004 }, // U+2062
    { 0, 0, 0, 0, 0, 0, 31004 }, // U+2063
    { 0, 0, 0, 0, 0, 0, 31004 }, // U+2064
    { 0, 0, 0, 0, 0, 0, 31004 }, // U+2066
    { 0, 0, 0, 0, 0, 0, 31004 }, // U+2067
    { 0, 0, 0, 0, 0, 0, 31004 }, // U+2068
    { 0, 0, 0, 0, 0, 0, 31004 }, // U+2069
    { 0, 0, 0, 0, 0, 0, 31004 }, // U+206A
    { 0, 0, 0, 0, 0, 0, 31004 }, // U+206B
    { 0, 0, 0, 0, 0, 0, 31004 }, // U+206C
    { 0, 0, 0, 0, 0, 0, 31004 }, // U+206D
    { 0, 0, 0, 0, 0, 0, 31004 }, // U+206E
    { 0, 0, 0, 0, 0, 0, 31004 }, // U+206F
    { 10, 12, 192, 1, 22, 15, 31004 }, // U+2070
    { 4, 12, 86, 1, 22, 6, 31019 }, // U+2071
    { 10, 11, 189, 1, 21, 14, 31025 }, // U+2074
    { 10, 11, 182, 1, 21, 14, 31039 }, // U+2075
    { 10, 12, 184, 1, 22, 15, 31053 }, // U+2076
    { 10, 11, 164, 0, 21, 14, 31068 }, // U+2077
    { 10, 12, 186, 1, 22, 15, 31082 }, // U+2078
    { 10, 12, 184, 1, 22, 15, 31097 }, // U+2079
    { 9, 9, 184, 1, 20, 11, 31112 }, // U+207A
    { 9, 3, 184, 1, 17, 4, 31123 }, // U+207B
    { 9, 7, 184, 1, 19, 8, 31127 }, // U+207C
    { 6, 13, 111, 1, 22, 10, 31135 }, // U+207D
    { 6, 13, 111, 0, 22, 10, 31145 }, // U+207E
    { 9, 9, 178, 1, 19, 11, 31155 }, // U+207F
    { 10, 12, 192, 1, 7, 15, 31166 }, // U+2080
    { 6, 11, 128, 1, 6, 9, 31181 }, // U+2081
    { 9, 12, 178, 1, 7, 14, 31190 }, // U+2082
    { 10, 12, 183, 1, 7, 15, 31204 }, // U+2083
    { 10, 11, 189, 1, 6, 14, 31219 }, // U+2084
    { 10, 11, 182, 1, 6, 14, 31233 }, // U+2085
    { 10, 12, 184, 1, 7, 15, 31247 }, // U+2086
    { 10, 11, 164, 0, 6, 14, 31262 }, // U+2087
    { 10, 12, 186, 1, 7, 15, 31276 }, // U+2088
    { 10, 12, 184, 1, 7, 15, 31291 }, // U+2089
    { 9, 9, 184, 1, 5, 11, 31306 }, // U+208A
    { 9, 3, 184, 1, 2, 4, 31317 }, // U+208B
    { 9, 7, 184, 1, 4, 8, 31321 }, // U+208C
    { 6, 13, 111, 1, 7, 10, 31329 }, // U+208D
    { 6, 13, 111, 0, 7, 10, 31339 }, // U+208E
    { 9, 9, 164, 0, 4, 11, 31349 }, // U+2090
    { 10, 9, 168, 0, 4, 12, 31360 }, // U+2091
    { 10, 9, 173, 0, 4, 12, 31372 }, // U+2092
    { 10, 9, 167, 0, 4, 12, 31384 }, // U+2093
    { 10, 11, 190, 1, 5, 14, 31396 }, // U+2094
    { 9, 11, 178, 1, 6, 13, 31410 }, // U+2095
    { 9, 11, 166, 1, 6, 13, 31423 }, // U+2096
    { 4, 11, 86, 1, 6, 6, 31436 }, // U+2097
    { 14, 9, 253, 1, 4, 16, 31442 }, // U+2098
    { 9, 9, 178, 1, 4, 11, 31458 }, // U+2099
    { 10, 12, 178, 1, 4, 15, 31469 }, // U+209A
    { 10, 9, 161, 0, 4, 12, 31484 }, // U+209B
    { 7, 11, 109, 0, 6, 10, 31496 }, // U+209C
    { 17, 20, 302, 1, 19, 43, 31506 }, // U+20A0
    { 17, 24, 295, 1, 21, 51, 31549 }, // U+20A1
    { 17, 20, 288, 1, 19, 43, 31600 }, // U+20A2
    { 16, 19, 245, -1, 19, 38, 31643 }, // U+20A3
    { 14, 19, 253, 1, 19, 34, 31681 }, // U+20A4
    { 20, 18, 343, 1, 16, 45, 31715 }, // U+20A5
    { 19, 19, 301, 0, 19, 46, 31760 }, // U+20A6
    { 24, 20, 399, 1, 19, 60, 31806 }, // U+20A7
    { 28, 20, 466, 1, 19, 70, 31866 }, // U+20A8
    { 25, 19, 414, 0, 19, 60, 31936 }, // U+20A9
    { 21, 14, 366, 1, 14, 37, 31996 }, // U+20AA
    { 16, 24, 249, 0, 19, 48, 32033 }, // U+20AB
    { 16, 20, 272, 0, 19, 40, 32081 }, // U+20AC
    { 20, 19, 318, 0, 19, 48, 32121 }, // U+20AD
    { 16, 19, 264, 0, 19, 38, 32169 }, // U+20AE
    { 36, 27, 580, 0, 21, 122, 32207 }, // U+20AF
    { 18, 19, 283, 0, 19, 43, 32329 }, // U+20B1
    { 17, 24, 299, 1, 21, 51, 32372 }, // U+20B2
    { 18, 19, 296, 0, 19, 43, 32423 }, // U+20B3
    { 15, 20, 293, 2, 19, 38, 32466 }, // U+20B4
    { 17, 24, 295, 1, 21, 51, 32504 }, // U+20B5
    { 16, 19, 265, 0, 19, 38, 32555 }, // U+20B8
    { 14, 19, 226, 0, 19, 34, 32593 }, // U+20B9
    { 14, 20, 256, 1, 19, 35, 32627 }, // U+20BA
    { 17, 14, 302, 1, 14, 30, 32662 }, // U+20BC
    { 17, 19, 294, 1, 19, 41, 32692 }, // U+20BD
    { 17, 19, 302, 1, 19, 41, 32733 }, // U+20BE
    { 15, 24, 263, 1, 21, 45, 32774 }, // U+20BF
    { 19, 18, 380, 2, 17, 43, 32819 }, // U+2190
    { 19, 19, 360, 2, 19, 46, 32862 }, // U+2191
    { 19, 18, 380, 3, 17, 43, 32908 }, // U+2192
    { 19, 20, 360, 2, 19, 48, 32951 }, // U+2193
    { 29, 18, 534, 2, 17, 66, 32999 }, // U+2194
    { 17, 30, 342, 2, 23, 64, 33065 }, // U+2195
    { 15, 15, 307, 2, 14, 29, 33129 }, // U+2196
    { 15, 15, 307, 2, 14, 29, 33158 }, // U+2197
    { 15, 14, 307, 2, 14, 27, 33187 }, // U+2198
    { 15, 14, 307, 2, 14, 27, 33214 }, // U+2199
    { 25, 20, 461, 2, 19, 63, 33241 }, // U+21A9
    { 25, 20, 461, 2, 19, 63, 33304 }, // U+21AA
    { 21, 19, 403, 2, 19, 50, 33367 }, // U+21B0
    { 21, 19, 403, 2, 19, 50, 33417 }, // U+21B1
    { 14, 17, 360, 4, 17, 30, 33467 }, // U+21B2
    { 21, 18, 403, 2, 19, 48, 33497 }, // U+21B3
    { 18, 20, 356, 2, 19, 45, 33545 }, // U+21B4
    { 21, 18, 403, 2, 19, 48, 33590 }, // U+21B5
    { 22, 16, 360, 0, 17, 44, 33638 }, // U+21B6
    { 22, 16, 360, 0, 17, 44, 33682 }, // U+21B7
    { 19, 23, 380, 2, 23, 55, 33726 }, // U+21BA
    { 19, 23, 380, 2, 23, 55, 33781 }, // U+21BB
    { 19, 21, 360, 2, 19, 50, 33836 }, // U+21C4
    { 19, 21, 360, 2, 19, 50, 33886 }, // U+21C6
    { 19, 18, 380, 2, 17, 43, 33936 }, // U+21D0
    { 19, 18, 380, 3, 17, 43, 33979 }, // U+21D2
    { 29, 18, 534, 2, 17, 66, 34022 }, // U+21D4
    { 13, 19, 252, 1, 19, 31, 34088 }, // U+21DE
    { 13, 20, 252, 1, 19, 33, 34119 }, // U+21DF
    { 22, 13, 418, 2, 16, 36, 34152 }, // U+21E4
    { 22, 13, 418, 2, 16, 36, 34188 }, // U+21E5
    { 25, 20, 438, 1, 20, 63, 34224 }, // U+21E7
    { 25, 25, 438, 1, 20, 79, 34287 }, // U+21EA
    { 14, 20, 266, 1, 19, 35, 34366 }, // U+2202
    { 15, 16, 274, 1, 15, 30, 34401 }, // U+2205
    { 18, 19, 293, 0, 19, 43, 34431 }, // U+2206
    { 15, 23, 304, 2, 19, 44, 34474 }, // U+220F
    { 16, 23, 294, 1, 19, 46, 34518 }, // U+2211
    { 13, 4, 269, 2, 9, 7, 34564 }, // U+2212
    { 17, 17, 59, -7, 17, 37, 34571 }, // U+2215
    { 15, 19, 266, 1, 19, 36, 34608 }, // U+221A
    { 24, 12, 390, 0, 14, 36, 34644 }, // U+221E
    { 11, 26, 152, -1, 20, 36, 34680 }, // U+222B
    { 6, 14, 126, 1, 16, 11, 34716 }, // U+2236
    { 14, 12, 269, 1, 13, 21, 34727 }, // U+2248
    { 13, 15, 269, 2, 15, 25, 34748 }, // U+2260
    { 13, 15, 269, 2, 15, 25, 34773 }, // U+2264
    { 13, 15, 269, 2, 15, 25, 34798 }, // U+2265
    { 35, 35, 556, 0, 27, 154, 34823 }, // U+2295
    { 35, 35, 556, 0, 27, 154, 34977 }, // U+2296
    { 35, 35, 556, 0, 27, 154, 35131 }, // U+2297
    { 35, 35, 556, 0, 27, 154, 35285 }, // U+2298
    { 15, 19, 259, 0, 19, 36, 35439 }, // U+FB01
    { 17, 19, 266, 0, 19, 41, 35475 }, // U+FB02
};

static const EpdUnicodeInterval inter_12_boldIntervals[] = {
    { 0x0, 0x148, 0x0 },
    { 0x14A, 0x17F, 0x149 },
    { 0x1A0, 0x1A1, 0x17F },
    { 0x1AF, 0x1B0, 0x181 },
    { 0x1C5, 0x21F, 0x183 },
    { 0x300, 0x304, 0x1DE },
    { 0x306, 0x30C, 0x1E3 },
    { 0x30F, 0x30F, 0x1EA },
    { 0x313, 0x313, 0x1EB },
    { 0x315, 0x315, 0x1EC },
    { 0x31B, 0x31B, 0x1ED },
    { 0x323, 0x323, 0x1EE },
    { 0x326, 0x328, 0x1EF },
    { 0x32C, 0x32C, 0x1F2 },
    { 0x337, 0x338, 0x1F3 },
    { 0x342, 0x343, 0x1F5 },
    { 0x346, 0x36F, 0x1F7 },
    { 0x37E, 0x37E, 0x221 },
    { 0x384, 0x38A, 0x222 },
    { 0x38C, 0x38C, 0x229 },
    { 0x38E, 0x3A1, 0x22A },
    { 0x3A3, 0x3CE, 0x23E },
    { 0x400, 0x479, 0x26A },
    { 0x480, 0x49D, 0x2E4 },
    { 0x4A0, 0x4FF, 0x302 },
    { 0x5D0, 0x5EA, 0x362 },
    { 0x2000, 0x2027, 0x37D },
    { 0x202A, 0x2055, 0x3A5 },
    { 0x2057, 0x2057, 0x3D1 },
    { 0x205F, 0x2064, 0x3D2 },
    { 0x2066, 0x2071, 0x3D8 },
    { 0x2074, 0x208E, 0x3E4 },
    { 0x2090, 0x209C, 0x3FF },
    { 0x20A0, 0x20AF, 0x40C },
    { 0x20B1, 0x20B5, 0x41C },
    { 0x20B8, 0x20BA, 0x421 },
    { 0x20BC, 0x20BF, 0x424 },
    { 0x2190, 0x2199, 0x428 },
    { 0x21A9, 0x21AA, 0x432 },
    { 0x21B0, 0x21B7, 0x434 },
    { 0x21BA, 0x21BB, 0x43C },
    { 0x21C4, 0x21C4, 0x43E },
    { 0x21C6, 0x21C6, 0x43F },
    { 0x21D0, 0x21D0, 0x440 },
    { 0x21D2, 0x21D2, 0x441 },
    { 0x21D4, 0x21D4, 0x442 },
    { 0x21DE, 0x21DF, 0x443 },
    { 0x21E4, 0x21E5, 0x445 },
    { 0x21E7, 0x21E7, 0x447 },
    { 0x21EA, 0x21EA, 0x448 },
    { 0x2202, 0x2202, 0x449 },
    { 0x2205, 0x2206, 0x44A },
    { 0x220F, 0x220F, 0x44C },
    { 0x2211, 0x2212, 0x44D },
    { 0x2215, 0x2215, 0x44F },
    { 0x221A, 0x221A, 0x450 },
    { 0x221E, 0x221E, 0x451 },
    { 0x222B, 0x222B, 0x452 },
    { 0x2236, 0x2236, 0x453 },
    { 0x2248, 0x2248, 0x454 },
    { 0x2260, 0x2260, 0x455 },
    { 0x2264, 0x2265, 0x456 },
    { 0x2295, 0x2298, 0x458 },
    { 0xFB01, 0xFB02, 0x45C },
};

static const uint16_t inter_12_boldKernLeftCodepoints[] = {
    0x0022, 0x0024, 0x0025, 0x0026, 0x0027, 0x0028, 0x0029, 0x002A, 0x002B, 0x002C, 0x002D, 0x002E,
    0x002F, 0x0030, 0x0031, 0x0032, 0x0033, 0x0034, 0x0035, 0x0036, 0x0037, 0x0038, 0x0039, 0x003A,
    0x003B, 0x003D, 0x003E, 0x003F, 0x0040, 0x0041, 0x0042, 0x0043, 0x0044, 0x0045, 0x0046, 0x0047,
    0x0048, 0x0049, 0x004A, 0x004B, 0x004C, 0x004D, 0x004E, 0x004F, 0x0050, 0x0051, 0x0052, 0x0053,
    0x0054, 0x0055, 0x0056, 0x0057, 0x0058, 0x0059, 0x005A, 0x005B, 0x005C, 0x005D, 0x005E, 0x005F,
    0x0061, 0x0062, 0x0063, 0x0064, 0x0065, 0x0066, 0x0067, 0x0068, 0x0069, 0x006A, 0x006B, 0x006C,
    0x006D, 0x006E, 0x006F, 0x0070, 0x0071, 0x0072, 0x0073, 0x0074, 0x0075, 0x0076, 0x0077, 0x0078,
    0x0079, 0x007A, 0x007B, 0x007C, 0x007D, 0x007E, 0x00A1, 0x00A2, 0x00A5, 0x00A9, 0x00AA, 0x00AB,
    0x00AC, 0x00AD, 0x00AE, 0x00B0, 0x00B1, 0x00B2, 0x00B3, 0x00B5, 0x00B6, 0x00B7, 0x00B9, 0x00BA,
    0x00BB, 0x00BF, 0x00C0, 0x00C1, 0x00C2, 0x00C3, 0x00C4, 0x00C5, 0x00C6, 0x00C7, 0x00C8, 0x00C9,
    0x00CA, 0x00CB, 0x00CC, 0x00CD, 0x00CE, 0x00CF, 0x00D0, 0x00D1, 0x00D2, 0x00D3, 0x00D4, 0x00D5,
    0x00D6, 0x00D7, 0x00D8, 0x00D9, 0x00DA, 0x00DB, 0x00DC, 0x00DD, 0x00DE, 0x00DF, 0x00E0, 0x00E1,
    0x00E2, 0x00E3, 0x00E4, 0x00E5, 0x00E6, 0x00E7, 0x00E8, 0x00E9, 0x00EA, 0x00EB, 0x00EC, 0x00ED,
    0x00EE, 0x00EF, 0x00F0, 0x00F1, 0x00F2, 0x00F3, 0x00F4, 0x00F5, 0x00F6, 0x00F7, 0x00F8, 0x00F9,
    0x00FA, 0x00FB, 0x00FC, 0x00FD, 0x00FE, 0x00FF, 0x0100, 0x0101, 0x0102, 0x0103, 0x0104, 0x0105,
    0x0106, 0x0107, 0x0108, 0x0109, 0x010A, 0x010B, 0x010C, 0x010D, 0x010E, 0x010F, 0x0111, 0x0112,
    0x0113, 0x0114, 0x0115, 0x0116, 0x0117, 0x0118, 0x0119, 0x011A, 0x011B, 0x011C, 0x011D, 0x011E,
    0x011F, 0x0120, 0x0121, 0x0122, 0x0123, 0x0124, 0x0125, 0x0126, 0x0127, 0x0128, 0x0129, 0x012A,
    0x012B, 0x012C, 0x012D, 0x012E, 0x012F, 0x0130, 0x0131, 0x0133, 0x0134, 0x0135, 0x0136, 0x0137,
    0x0138, 0x0139, 0x013A, 0x013B, 0x013C, 0x013D, 0x013E, 0x013F, 0x0140, 0x0141, 0x0142, 0x0143,
    0x0144, 0x0145, 0x0146, 0x0147, 0x0148, 0x014A, 0x014C, 0x014D, 0x014E, 0x014F, 0x0150, 0x0151,
    0x0152, 0x0153, 0x0154, 0x0155, 0x0156, 0x0157, 0x0158, 0x0159, 0x015A, 0x015B, 0x015C, 0x015D,
    0x015E, 0x015F, 0x0160, 0x0161, 0x0162, 0x0163, 0x0164, 0x0165, 0x0166, 0x0167, 0x0168, 0x0169,
    0x016A, 0x016B, 0x016C, 0x016D, 0x016E, 0x016F, 0x0170, 0x0171, 0x0172, 0x0173, 0x0174, 0x0175,
    0x0176, 0x0177, 0x0178, 0x0179, 0x017A, 0x017B, 0x017C, 0x017D, 0x017E, 0x017F, 0x01A0, 0x01A1,
    0x01AF, 0x01B0, 0x01C5, 0x01C6, 0x01C8, 0x01C9, 0x01CB, 0x01CC, 0x01CD, 0x01CE, 0x01CF, 0x01D0,
    0x01D1, 0x01D2, 0x01D3, 0x01D4, 0x01D5, 0x01D6, 0x01D7, 0x01D8, 0x01D9, 0x01DA, 0x01DB, 0x01DC,
    0x01DD, 0x01DE, 0x01DF, 0x01E0, 0x01E1, 0x01E2, 0x01E3, 0x01E4, 0x01E5, 0x01E6, 0x01E7, 0x01E8,
    0x01E9, 0x01EA, 0x01EB, 0x01EC, 0x01ED, 0x01F0, 0x01F1, 0x01F2, 0x01F3, 0x01F4, 0x01F5, 0x01F6,
    0x01F8, 0x01F9, 0x01FA, 0x01FB, 0x01FC, 0x01FD, 0x01FE, 0x01FF, 0x0200, 0x0201, 0x0202, 0x0203,
    0x0204, 0x0205, 0x0206, 0x0207, 0x0208, 0x0209, 0x020A, 0x020B, 0x020C, 0x020D, 0x020E, 0x020F,
    0x0210, 0x0211, 0x0212, 0x0213, 0x0214, 0x0215, 0x0216, 0x0217, 0x0218, 0x0219, 0x021A, 0x021B,
    0x021E, 0x021F, 0x0386, 0x0387, 0x0388, 0x0389, 0x038A, 0x038C, 0x038E, 0x0390, 0x0391, 0x0392,
    0x0393, 0x0394, 0x0395, 0x0396, 0x0397, 0x0398, 0x0399, 0x039A, 0x039B, 0x039C, 0x039D, 0x039E,
    0x039F, 0x03A0, 0x03A1, 0x03A3, 0x03A4, 0x03A5, 0x03A6, 0x03A7, 0x03A8, 0x03AA, 0x03AB, 0x03AC,
    0x03AD, 0x03B0, 0x03B1, 0x03B2, 0x03B3, 0x03B4, 0x03B5, 0x03B6, 0x03B8, 0x03BB, 0x03BD, 0x03BE,
    0x03BF, 0x03C0, 0x03C1, 0x03C3, 0x03C4, 0x03C5, 0x03C6, 0x03C7, 0x03C8, 0x03C9, 0x03CA, 0x03CB,
    0x03CC, 0x03CD, 0x03CE, 0x0400, 0x0401, 0x0402, 0x0403, 0x0404, 0x0405, 0x0406, 0x0407, 0x0408,
    0x0409, 0x040A, 0x040B, 0x040C, 0x040D, 0x040F, 0x0410, 0x0411, 0x0412, 0x0413, 0x0414, 0x0415,
    0x0416, 0x0417, 0x0418, 0x0419, 0x041A, 0x041B, 0x041C, 0x041D, 0x041E, 0x041F, 0x0420, 0x0421,
    0x0422, 0x0423, 0x0424, 0x0425, 0x0426, 0x0427, 0x0428, 0x0429, 0x042A, 0x042B, 0x042C, 0x042D,
    0x042E, 0x0430, 0x0432, 0x0433, 0x0434, 0x0435, 0x0436, 0x0437, 0x0438, 0x0439, 0x043A, 0x043B,
    0x043C, 0x043D, 0x043E, 0x043F, 0x0440, 0x0441, 0x0442, 0x0443, 0x0444, 0x0445, 0x0446, 0x0447,
    0x0448, 0x0449, 0x044A, 0x044B, 0x044C, 0x044D, 0x044E, 0x044F, 0x0450, 0x0451, 0x0452, 0x0453,
    0x0454, 0x0455, 0x0456, 0x0457, 0x0458, 0x0459, 0x045A, 0x045B, 0x045C, 0x045D, 0x045E, 0x045F,
    0x0460, 0x0462, 0x0463, 0x0464, 0x0465, 0x0466, 0x0467, 0x0468, 0x046E, 0x0472, 0x0473, 0x0474,
    0x0475, 0x0476, 0x0477, 0x0479, 0x0481, 0x048A, 0x048B, 0x048C, 0x048D, 0x048E, 0x048F, 0x0490,
    0x0491, 0x0492, 0x0493, 0x0497, 0x0498, 0x049A, 0x049B, 0x049C, 0x049D, 0x04A0, 0x04A1, 0x04A2,
    0x04A3, 0x04A4, 0x04A5, 0x04A6, 0x04A7, 0x04A9, 0x04AA, 0x04AB, 0x04AC, 0x04AD, 0x04AE, 0x04AF,
    0x04B0, 0x04B1, 0x04B3, 0x04B5, 0x04B7, 0x04B9, 0x04BA, 0x04BB, 0x04BD, 0x04BF, 0x04C0, 0x04C1,
    0x04C3, 0x04C4, 0x04C6, 0x04C7, 0x04C8, 0x04C9, 0x04CA, 0x04CC, 0x04CD, 0x04CE, 0x04CF, 0x04D0,
    0x04D1, 0x04D2, 0x04D3, 0x04D4, 0x04D5, 0x04D6, 0x04D7, 0x04D9, 0x04DA, 0x04DB, 0x04DC, 0x04E0,
    0x04E2, 0x04E3, 0x04E4, 0x04E5, 0x04E6, 0x04E7, 0x04E8, 0x04E9, 0x04EA, 0x04EB, 0x04ED, 0x04EF,
    0x04F1, 0x04F3, 0x04F5, 0x04F6, 0x04F7, 0x04F9, 0x04FA, 0x04FB, 0x04FC, 0x04FD, 0x04FE, 0x04FF,
    0x05D0, 0x05D1, 0x05D2, 0x05D3, 0x05D4, 0x05D5, 0x05D6, 0x05D7, 0x05D9, 0x05DA, 0x05DB, 0x05DC,
    0x05DD, 0x05DE, 0x05DF, 0x05E0, 0x05E1, 0x05E2, 0x05E6, 0x05E7, 0x05E8, 0x05EA, 0x2018, 0x2019,
    0x201A, 0x201C, 0x201D, 0x201E, 0x2020, 0x2021, 0x2022, 0x2023, 0x2026, 0x2034, 0x2039, 0x203A,
    0x203D, 0x2043, 0x204B, 0x204C, 0x204D, 0x204F, 0x2070, 0x2071, 0x2074, 0x2075, 0x2076, 0x2077,
    0x2078, 0x2079, 0x207A, 0x207B, 0x207D, 0x2080, 0x2081, 0x2082, 0x2083, 0x2084, 0x2085, 0x2086,
    0x2087, 0x2088, 0x2089, 0x208A, 0x208B, 0x208C, 0x208D, 0x208E, 0x2090, 0x2091, 0x2092, 0x2093,
    0x2095, 0x2096, 0x2097, 0x2098, 0x2099, 0x209A, 0x209B, 0x209C, 0x20A1, 0x20A7, 0x20A8, 0x20A9,
    0x20AC, 0x20AF, 0x20B2, 0x20B5, 0x20BD, 0x20BF, 0x2190, 0x21D0, 0x2212, 0x221E, 0x2248, 0x2260,
    0x2264, 0x2265, 0xFB02,
};

static const uint8_t inter_12_boldKernLeftClassIds[] = {
      1,   2,   3,   4,   1,   5,   6,   7,   8,   9,   8,   9,  10,  11,  12,  13,
     14,  15,  16,  17,  18,  14,  11,  19,  19,  20,  21,  22,  23,  24,  25,  26,
     23,  27,  28,  29,  12,  12,  30,  31,  32,  12,  12,  23,  33,  23,  34,   2,
     35,  30,  36,  37,  38,  39,  40,  41,  42,   6,   7,  43,  44,  45,  45,  12,
     45,  46,  47,  44,  48,  48,  49,  12,  44,  44,  45,  45,  47,  50,  51,  52,
     53,  54,  55,  56,  54,  57,   5,  12,   6,  58,  59,  45,  60,  23,  61,  62,
     63,  64,  65,   7,  20,  66,  67,  68,  12,  69,  70,  61,  71,  72,  24,  24,
     24,  24,  24,  24,  27,  26,  27,  27,  27,  27,  12,  12,  73,  73,  23,  12,
     23,  23,  23,  23,  23,  74,  23,  30,  30,  30,  30,  39,  75,  76,  44,  44,
     44,  44,  44,  44,  77,  45,  45,  45,  45,  45,  48,  48,  78,  79,  45,  80,
     45,  45,  45,  81,  81,   8,  45,  53,  53,  53,  53,  54,  45,  54,  24,  82,
     24,  44,  24,  44,  26,  45,  26,  45,  26,  45,  26,  45,  23,  83,  84,  27,
     45,  27,  45,  27,  45,  27,  45,  27,  45,  29,  47,  29,  47,  29,  47,  29,
     47,  12,  44,  12,  44,  73,  85,  73,  86,  73,  87,  12,  48,  12,  48,  48,
     30,  88,  31,  49,  49,  89,  90,  32,  12,  91,  12,  92,  93,  94,  95,  12,
     44,  12,  44,  12,  44,  12,  23,  45,  23,  45,  23,  45,  27,  45,  34,  50,
     34,  50,  34,  50,   2,  51,   2,  51,   2,  51,   2,  51,  96,  52,  97,  52,
     98,  52,  30,  53,  30,  53,  30,  53,  30,  53,  30,  53,  30,  53,  37,  55,
     39,  54,  39,  40,  57,  40,  57,  40,  57,  99, 100, 101, 102, 103, 104,  57,
     48,  48,  48,  48,  24,  44,  90, 105,  23,  45,  30,  53,  30,  53,  30,  53,
     30,  53,  30,  53, 106,  24,  44,  24,  44,  27,  77,  29,  47,  29,  47,  31,
     49,  23,  45,  23,  45,  48, 107,  57,  57,  29,  47, 108,  12,  44,  24,  44,
     27,  77,  23,  45,  24,  44,  24,  44,  27,  45,  27,  45, 109, 110,  73, 111,
     23,  45,  23,  45,  34,  50,  34,  50,  30,  53,  30,  53,   2,  51,  35,  52,
     12,  44,  24,   1,  27,  12,  12,  23,  39, 112,  24,  25, 113,  24,  27,  40,
     12,  23,  12,  31,  24,  12,  12,  27,  23,  12,  33, 114,  35,  39,  23,  38,
    115,  73,  39, 116, 117,  53, 116,  25, 118, 119,  51, 120, 121, 122,  54, 123,
     45,  52,  45, 124,  50,  53,  45, 125, 126, 127, 112,  53,  45,  53, 127,  27,
     27,  45,  35, 128,   2,  12,  73,  30,  45,  45,  44,  31,  12,  12,  24,  25,
     25,  35, 129,  27, 130,  14,  12,  12,  31,  12,  12,  12,  23,  12,  33,  26,
     35,  39, 131,  38, 129,  12,  12, 129,  45,  12,  45,  23, 132,  44,  51,  50,
    133,  45,  56,  44,  44,  44,  49,  44,  44,  44,  45,  44,  45,  45, 134,  54,
     45,  56, 133,  44,  44, 133, 135,  48, 135,  45,  45,  44,  45,  45,  44,  50,
     45,  51,  48,  79,  48, 135, 135,  44,  49,  44,  54,  53,  12,  45,  45,  26,
     45,  24,  24,  24,  25,  23,  45,  36,  54,  36,  54,  46,  45,  12,  52,  45,
     45,  33,  45,  35,  50,  35,  50,  56,  14,  31,  49,  31,  49,  31,  49,  52,
     52,  35,  50,  45, 135,  77,  26,  45,  35,  50,  39,  54, 136,  54,  56, 133,
     52,  44,  44,  44,  45,  77,  12,  38,  25,  44,  52,  12,  44,  52,  52,  44,
     12,  52,  12,  24,  44,  24,  44,  27,  77,  27,  45,  45,  23,  45,  38,  14,
     12,  44,  12,  44,  23,  45,  23,  45,  23,  45,  45,  54,  54,  54,  44,  35,
     50,  44,  35,  50,  38,  56,  38,  56, 137, 138, 138, 139, 140, 141, 142, 140,
    143, 139, 138, 144, 140, 141, 141, 138, 145, 146, 147, 140, 139, 148, 149, 150,
    151, 149, 150, 151,  61,  61, 152, 152, 153, 150,  62,  71,  22, 152,  33,  44,
    152,  19,  67, 154, 155,  67,  67, 156,  67,  67, 157, 157, 158, 159, 159, 159,
    159, 159, 160, 159, 161, 159, 159, 159, 159, 159, 159, 159, 159, 159, 159, 159,
    159, 159, 159, 159, 159, 159, 159, 159,  26,  52,  51, 162, 163,  45,  29,  26,
    164,  25,   8,  20,   8,  92,  20,  20,  20,  20, 165,
};

static const uint16_t inter_12_boldKernRightCodepoints[] = {
    0x0020, 0x0021, 0x0022, 0x0023, 0x0024, 0x0025, 0x0026, 0x0027, 0x0028, 0x0029, 0x002A, 0x002B,
    0x002C, 0x002D, 0x002E, 0x002F, 0x0030, 0x0031, 0x0032, 0x0033, 0x0034, 0x0035, 0x0036, 0x0037,
    0x0038, 0x0039, 0x003A, 0x003B, 0x003C, 0x003D, 0x003F, 0x0040, 0x0041, 0x0042, 0x0043, 0x0044,
    0x0045, 0x0046, 0x0047, 0x0048, 0x0049, 0x004A, 0x004B, 0x004C, 0x004D, 0x004E, 0x004F, 0x0050,
    0x0051, 0x0052, 0x0053, 0x0054, 0x0055, 0x0056, 0x0057, 0x0058, 0x0059, 0x005A, 0x005B, 0x005C,
    0x005D, 0x005E, 0x005F, 0x0061, 0x0062, 0x0063, 0x0064, 0x0065, 0x0066, 0x0067, 0x0068, 0x0069,
    0x006A, 0x006B, 0x006C, 0x006D, 0x006E, 0x006F, 0x0070, 0x0071, 0x0072, 0x0073, 0x0074, 0x0075,
    0x0076, 0x0077, 0x0078, 0x0079, 0x007A, 0x007B, 0x007C, 0x007D, 0x007E, 0x00A2, 0x00A5, 0x00A9,
    0x00AA, 0x00AB, 0x00AC, 0x00AD, 0x00AE, 0x00B0, 0x00B1, 0x00B2, 0x00B5, 0x00B6, 0x00B7, 0x00B9,
    0x00BA, 0x00BB, 0x00BF, 0x00C0, 0x00C1, 0x00C2, 0x00C3, 0x00C4, 0x00C5, 0x00C6, 0x00C7, 0x00C8,
    0x00C9, 0x00CA, 0x00CB, 0x00CC, 0x00CD, 0x00CE, 0x00CF, 0x00D0, 0x00D1, 0x00D2, 0x00D3, 0x00D4,
    0x00D5, 0x00D6, 0x00D7, 0x00D8, 0x00D9, 0x00DA, 0x00DB, 0x00DC, 0x00DD, 0x00DE, 0x00DF, 0x00E0,
    0x00E1, 0x00E2, 0x00E3, 0x00E4, 0x00E5, 0x00E6, 0x00E7, 0x00E8, 0x00E9, 0x00EA, 0x00EB, 0x00EC,
    0x00ED, 0x00EE, 0x00EF, 0x00F0, 0x00F1, 0x00F2, 0x00F3, 0x00F4, 0x00F5, 0x00F6, 0x00F7, 0x00F8,
    0x00F9, 0x00FA, 0x00FB, 0x00FC, 0x00FD, 0x00FE, 0x00FF, 0x0100, 0x0101, 0x0102, 0x0103, 0x0104,
    0x0105, 0x0106, 0x0107, 0x0108, 0x0109, 0x010A, 0x010B, 0x010C, 0x010D, 0x010E, 0x010F, 0x0110,
    0x0111, 0x0112, 0x0113, 0x0114, 0x0115, 0x0116, 0x0117, 0x0118, 0x0119, 0x011A, 0x011B, 0x011C,
    0x011D, 0x011E, 0x011F, 0x0120, 0x0121, 0x0122, 0x0123, 0x0124, 0x0125, 0x0126, 0x0127, 0x0128,
    0x0129, 0x012A, 0x012B, 0x012C, 0x012D, 0x012E, 0x012F, 0x0130, 0x0131, 0x0133, 0x0134, 0x0135,
    0x0136, 0x0137, 0x0138, 0x0139, 0x013A, 0x013B, 0x013C, 0x013D, 0x013E, 0x0140, 0x0141, 0x0142,
    0x0143, 0x0144, 0x0145, 0x0146, 0x0147, 0x0148, 0x014A, 0x014B, 0x014C, 0x014D, 0x014E, 0x014F,
    0x0150, 0x0151, 0x0152, 0x0153, 0x0154, 0x0155, 0x0156, 0x0157, 0x0158, 0x0159, 0x015A, 0x015B,
    0x015C, 0x015D, 0x015E, 0x015F, 0x0160, 0x0161, 0x0162, 0x0163, 0x0164, 0x0165, 0x0166, 0x0167,
    0x0168, 0x0169, 0x016A, 0x016B, 0x016C, 0x016D, 0x016E, 0x016F, 0x0170, 0x0171, 0x0172, 0x0173,
    0x0174, 0x0175, 0x0176, 0x0177, 0x0178, 0x0179, 0x017A, 0x017B, 0x017C, 0x017D, 0x017E, 0x017F,
    0x01A0, 0x01A1, 0x01AF, 0x01B0, 0x01C5, 0x01C6, 0x01C8, 0x01C9, 0x01CB, 0x01CC, 0x01CD, 0x01CE,
    0x01CF, 0x01D0, 0x01D1, 0x01D2, 0x01D3, 0x01D4, 0x01D5, 0x01D6, 0x01D7, 0x01D8, 0x01D9, 0x01DA,
    0x01DB, 0x01DC, 0x01DD, 0x01DE, 0x01DF, 0x01E0, 0x01E1, 0x01E2, 0x01E3, 0x01E4, 0x01E5, 0x01E6,
    0x01E7, 0x01E8, 0x01E9, 0x01EA, 0x01EB, 0x01EC, 0x01ED, 0x01EF, 0x01F0, 0x01F2, 0x01F3, 0x01F4,
    0x01F5, 0x01F6, 0x01F8, 0x01F9, 0x01FA, 0x01FB, 0x01FC, 0x01FD, 0x01FE, 0x01FF, 0x0200, 0x0201,
    0x0202, 0x0203, 0x0204, 0x0205, 0x0206, 0x0207, 0x0208, 0x0209, 0x020A, 0x020B, 0x020C, 0x020D,
    0x020E, 0x020F, 0x0210, 0x0211, 0x0212, 0x0213, 0x0214, 0x0215, 0x0216, 0x0217, 0x0218, 0x0219,
    0x021A, 0x021B, 0x021E, 0x021F, 0x037E, 0x0386, 0x0387, 0x0389, 0x038C, 0x038E, 0x0390, 0x0391,
    0x0392, 0x0393, 0x0394, 0x0395, 0x0396, 0x0397, 0x0398, 0x0399, 0x039A, 0x039B, 0x039C, 0x039D,
    0x039F, 0x03A0, 0x03A1, 0x03A3, 0x03A4, 0x03A5, 0x03A6, 0x03A7, 0x03A8, 0x03A9, 0x03AA, 0x03AB,
    0x03AC, 0x03AD, 0x03AE, 0x03B0, 0x03B1, 0x03B2, 0x03B3, 0x03B4, 0x03B5, 0x03B6, 0x03B7, 0x03B8,
    0x03BB, 0x03BD, 0x03BE, 0x03BF, 0x03C0, 0x03C1, 0x03C2, 0x03C3, 0x03C4, 0x03C5, 0x03C6, 0x03C7,
    0x03C8, 0x03C9, 0x03CA, 0x03CB, 0x03CC, 0x03CD, 0x03CE, 0x0400, 0x0401, 0x0402, 0x0403, 0x0404,
    0x0405, 0x0406, 0x0407, 0x0408, 0x0409, 0x040A, 0x040B, 0x040C, 0x040D, 0x040F, 0x0410, 0x0411,
    0x0412, 0x0413, 0x0414, 0x0415, 0x0416, 0x0417, 0x0418, 0x0419, 0x041A, 0x041B, 0x041C, 0x041D,
    0x041E, 0x041F, 0x0420, 0x0421, 0x0422, 0x0423, 0x0424, 0x0425, 0x0426, 0x0427, 0x0428, 0x0429,
    0x042A, 0x042B, 0x042C, 0x042D, 0x042E, 0x0430, 0x0431, 0x0432, 0x0433, 0x0434, 0x0435, 0x0436,
    0x0437, 0x0438, 0x0439, 0x043A, 0x043B, 0x043C, 0x043D, 0x043E, 0x043F, 0x0440, 0x0441, 0x0442,
    0x0443, 0x0444, 0x0445, 0x0446, 0x0447, 0x0448, 0x0449, 0x044A, 0x044B, 0x044C, 0x044D, 0x044E,
    0x044F, 0x0450, 0x0451, 0x0452, 0x0453, 0x0454, 0x0455, 0x0456, 0x0457, 0x0458, 0x0459, 0x045A,
    0x045B, 0x045C, 0x045D, 0x045E, 0x045F, 0x0460, 0x0463, 0x0464, 0x0465, 0x0466, 0x0467, 0x0468,
    0x046C, 0x046E, 0x0472, 0x0473, 0x0474, 0x0475, 0x0476, 0x0477, 0x0478, 0x0479, 0x0481, 0x048A,
    0x048B, 0x048D, 0x048E, 0x048F, 0x0490, 0x0491, 0x0493, 0x0494, 0x0495, 0x0497, 0x049A, 0x049B,
    0x049C, 0x049D, 0x04A0, 0x04A1, 0x04A2, 0x04A3, 0x04A4, 0x04A5, 0x04A6, 0x04A7, 0x04A9, 0x04AA,
    0x04AB, 0x04AC, 0x04AD, 0x04AE, 0x04AF, 0x04B0, 0x04B1, 0x04B2, 0x04B3, 0x04B4, 0x04B5, 0x04B7,
    0x04B9, 0x04BA, 0x04BB, 0x04BD, 0x04C0, 0x04C1, 0x04C3, 0x04C4, 0x04C6, 0x04C7, 0x04C8, 0x04C9,
    0x04CA, 0x04CD, 0x04CE, 0x04CF, 0x04D0, 0x04D1, 0x04D2, 0x04D3, 0x04D4, 0x04D5, 0x04D6, 0x04D7,
    0x04D9, 0x04DA, 0x04DB, 0x04DC, 0x04E1, 0x04E2, 0x04E3, 0x04E4, 0x04E5, 0x04E6, 0x04E7, 0x04E8,
    0x04E9, 0x04EA, 0x04EB, 0x04ED, 0x04EF, 0x04F1, 0x04F3, 0x04F7, 0x04F9, 0x04FB, 0x04FC, 0x04FD,
    0x04FE, 0x04FF, 0x05D0, 0x05D1, 0x05D2, 0x05D3, 0x05D4, 0x05D6, 0x05D7, 0x05D8, 0x05D9, 0x05DA,
    0x05DB, 0x05DC, 0x05DD, 0x05DE, 0x05E0, 0x05E1, 0x05E2, 0x05E3, 0x05E4, 0x05E5, 0x05E7, 0x05E8,
    0x05E9, 0x05EA, 0x2018, 0x2019, 0x201A, 0x201B, 0x201C, 0x201D, 0x201E, 0x201F, 0x2020, 0x2021,
    0x2022, 0x2023, 0x2026, 0x2034, 0x2039, 0x203A, 0x203D, 0x2043, 0x2044, 0x204A, 0x204B, 0x204C,
    0x204D, 0x204F, 0x2074, 0x2077, 0x2079, 0x207E, 0x207F, 0x2080, 0x2081, 0x2082, 0x2083, 0x2084,
    0x2086, 0x2087, 0x2088, 0x2089, 0x208A, 0x208B, 0x208C, 0x208D, 0x208E, 0x2091, 0x2092, 0x2093,
    0x2095, 0x2096, 0x2097, 0x2098, 0x2099, 0x209A, 0x209B, 0x209C, 0x20A1, 0x20A7, 0x20A8, 0x20A9,
    0x20AB, 0x20B2, 0x20B4, 0x20B5, 0x20B8, 0x20BF, 0x2192, 0x21D2, 0x2212, 0x221E, 0x222B, 0x2236,
    0x2248, 0x2260, 0x2264, 0x2265,
};

static const uint8_t inter_12_boldKernRightClassIds[] = {
      1,   2,   3,   4,   5,   6,   7,   3,   8,   9,  10,  11,  12,  13,  14,  15,
     16,  17,  18,  19,  20,  21,  16,  22,  23,  24,  25,  25,  26,  27,  28,  29,
     30,  31,  32,  31,  31,  31,  32,  31,  31,  33,  31,  31,  31,  31,  32,  31,
     32,  31,   5,  34,  35,  36,  37,  38,  39,  40,   8,  36,   9,  41,  42,  43,
     31,  44,  44,  44,  45,  44,  31,  46,  47,  31,  31,  48,  48,  44,  48,  44,
     48,  49,  50,  51,  52,  53,  54,  52,  55,   8,  31,   9,  56,  44,  57,  32,
     58,  59,  60,  61,  62,  63,  27,  64,  65,  66,  67,  68,  58,  69,  70,  30,
     30,  30,  30,  30,  30,  30,  32,  31,  31,  31,  31,  31,  31,  71,  71,  72,
     31,  32,  32,  32,  32,  32,  73,  32,  35,  35,  35,  35,  39,  31,  31,  43,
     43,  43,  74,  75,  43,  43,  44,  44,  44,  44,  76,  77,  78,  79,  80,  44,
     48,  44,  44,  44,  81,  76,  11,  44,  51,  51,  51,  82,  52,  31,  83,  30,
     84,  30,  43,  30,  43,  32,  44,  32,  44,  32,  44,  32,  44,  31,  44,  85,
     44,  31,  44,  31,  44,  31,  44,  31,  44,  31,  44,  32,  44,  32,  44,  32,
     44,  32,  44,  31,  31,  31,  86,  71,  87,  71,  88,  71,  80,  31,  46,  31,
     46,  46,  33,  89,  31,  31,  48,  31,  31,  31,  31,  31,  31,  31,  31,  31,
     31,  48,  31,  48,  31,  48,  31,  48,  32,  90,  32,  44,  32,  44,  32,  44,
     31,  48,  31,  48,  31,  48,   5,  49,   5,  49,   5,  49,   5,  49,  91,  50,
     92,  50,  93,  50,  35,  94,  35,  51,  35,  51,  35,  51,  35,  51,  35,  51,
     37,  53,  39,  52,  39,  40,  55,  40,  55,  40,  55,  31,  32,  44,  35,  51,
     95,  44,  31,  31,  31,  48,  30,  43,  31,  96,  32,  44,  35,  51,  35,  51,
     35,  51,  35,  51,  35,  51,  90,  30,  43,  30,  43,  30,  43,  32,  44,  32,
     44,  31,  31,  32,  44,  32,  44,  50,  47,  31,  90,  32,  44,  95,  31,  48,
     30,  43,  30,  43,  32,  44,  30,  43,  30,  43,  31,  44,  31,  44,  71,  97,
     71,  98,  32,  44,  32,  44,  31,  48,  31,  48,  35,  51,  35,  51,   5,  49,
     34,  50,  31,  31,  99,  30,   3,  31,  32,  39, 100,  30,  31,  31,  30,  31,
     40,  31,  32,  31,  31,  30,  31,  31,  32,  31,  31, 101,  34,  39,  32,  38,
    102, 103,  71,  39,  44, 104,  48,  48,  90,  48, 105, 106,  49, 107,  48, 108,
    109,  52, 110,  44, 111, 112, 106,  44, 113,  48,  44,  52, 114, 115, 100,  48,
     44,  48, 115,  31,  31,  34,  31,  32,   5,  31,  71,  33, 116,  31,  34,  31,
     31,  31,  30,  31,  31,  31, 117,  31, 118, 119,  95,  31,  31, 116,  31,  31,
     32,  31,  31,  32,  34,  36, 120,  38,  31, 121,  31,  31, 122,  31,  31,  32,
     31,  43,  16,  48,  48, 123,  44,  54,  44,  48,  48,  48, 124,  48,  48,  44,
     48,  48,  44, 125,  52,  44,  54,  48, 126,  48,  48, 127,  46,  48,  44,  48,
    128,  44,  44,  31,  48,  44,  49,  46,  80,  47, 124,  48,  31,  48,  48,  52,
     51,  31,  50,  31,  48,  30,  30,  31,  31,  31,  32,  44,  36,  52,  36,  52,
     32,  44,  44,  95,  48,  50,  31,  48,  31,  48,  50,  31,  48,  54,  31,  48,
     31,  48,  34,  50,  31,  48,  31,  48,  31,  48,  44,  32,  44,  34,  50,  39,
     52, 129,  52,  38,  54,  34,  50,  43,  43,  31,  31,  50,  31,  38,  31,  48,
    124,  95,  48,  31,  48,  31,  48,  31,  30,  43,  30,  43,  30,  43,  31,  44,
     44,  32,  44,  38,  50,  31,  48,  31,  48,  32,  44,  32,  44,  32,  44,  44,
     52,  52,  52,  48,  48,  50,  38,  54,  38,  54, 130, 131, 132, 133, 134, 135,
    134, 136, 137, 134, 136, 138, 134, 134, 139, 136, 140, 134, 136, 141, 138, 134,
    140, 134, 142, 143, 144, 145, 142, 143, 144, 146,  58,  58, 147, 147, 148, 149,
     59,  69,  28, 147, 150,  50,  31, 147,  48,  25, 151, 152, 153, 154, 155, 156,
    156, 156, 156, 157, 156, 158, 156, 156, 156, 156, 156, 156, 156, 156, 156, 156,
    156, 156, 156, 156, 156, 156, 156, 156,  32,  31,  31,  57,  44,  32, 159,  32,
    160,  31,  11,  27,  11, 161,  47,  25,  27,  27,  27,  27,
};

static const uint16_t inter_12_boldKernRowOffsets[] = {
        0,    15,    30,    33,    50,    62,    64,    78,   102,   131,   139,   159,   176,   177,   187,   203,
      216,   221,   270,   278,   295,   315,   316,   339,   408,   418,   428,   433,   460,   476,   484,   522,
      564,   590,   610,   687,   736,   777,   815,   871,   887,   899,   968,  1014,  1032,  1063,  1114,  1121,
     1133,  1152,  1214,  1236,  1284,  1307,  1360,  1384,  1410,  1419,  1443,  1453,  1459,  1466,  1475,  1480,
     1483,  1504,  1505,  1506,  1529,  1553,  1554,  1583,  1595,  1600,  1612,  1627,  1637,  1642,  1654,  1688,
     1706,  1737,  1755,  1790,  1810,  1844,  1878,  1912,  1924,  1966,  1983,  2025,  2027,  2044,  2086,  2103,
     2180,  2257,  2334,  2361,  2365,  2370,  2375,  2386,  2395,  2407,  2438,  2439,  2462,  2467,  2479,  2513,
     2531,  2608,  2623,  2649,  2659,  2660,  2677,  2684,  2687,  2688,  2757,  2763,  2825,  2837,  2842,  2844,
     2847,  2855,  2893,  2916,  2921,  2954,  3016,  3038,  3094,  3096,  3099,  3107,  3109,  3113,  3114,  3117,
     3122,  3123,  3124,  3127,  3130,  3150,  3212,  3239,  3251,  3280,  3281,  3283,  3287,  3289,  3290,  3312,
     3313,  3314,  3315,  3316,  3321,  3322,
};

static const uint8_t inter_12_boldKernSparseCols[] = {
      6,  11,  13,  19,  29,  32,  43,  48,  75,  80,  89, 115, 116, 127, 147,  21,
     29,  33,  37,  79,  86,  87,  90,  91,  92,  97, 106, 117, 121, 156, 141, 142,
    148,   2,  33,  35,  36,  38,  51,  52,  57,  61,  82,  90,  91,  92, 101, 121,
    128, 141,  30,  43,  46,  47,  75,  80,  85,  88,  89,  94,  96, 111,  96, 141,
      6,  11,  13,  19,  28,  29,  31,  32,  41,  71, 115, 116, 119, 147,  17,  18,
     21,  29,  32,  33,  35,  36,  37,  38,  51,  53,  65,  82,  90,  91,  92, 101,
    106, 117, 118, 121, 128, 141,   0,   1,   2,  15,  16,  18,  20,  21,  22,  23,
     27,  28,  31,  33,  38,  65,  90,  91,  92, 106, 118, 119, 121, 125, 128, 142,
    144, 145, 148,  11,  13,  29,  32,  35,  36,  96, 147,  11,  13,  21,  29,  35,
     37,  38,  41,  49, 101, 106, 110, 112, 117, 124, 126, 128, 141, 143, 147,   8,
     41,  49,  51,  71,  79,  82,  84,  86,  87,  96,  97,  99, 110, 112, 124, 126,
     19,   9,  11,  13,  37,  40,  58,  62, 117, 143, 147,   9,  11,  13,  16,  21,
     40,  49,  61,  62,  65, 106, 110, 112, 124, 126, 147,   9,  11,  13,  16,  40,
     49,  61,  62, 110, 112, 124, 126, 147,  11,  13,  41, 143, 147,   3,   5,   6,
      9,  11,  13,  15,  18,  19,  20,  21,  22,  23,  24,  25,  29,  32,  40,  41,
     42,  43,  47,  48,  58,  62,  73,  74,  75,  79,  80,  83,  86,  87,  89,  97,
     99, 103, 105, 106, 107, 111, 114, 115, 116, 118, 127, 143, 147, 156,  33,  35,
     90,  91,  92, 101, 121, 141,  29,  33,  35,  36,  37,  38,  51,  53,  82,  90,
     91,  92, 117, 121, 128, 141, 159,  21,  29,  33,  35,  36,  37,  38,  39,  90,
     91,  92, 101, 106, 115, 116, 117, 121, 128, 141, 159,  29,  11,  13,  14,  29,
     33,  35,  36,  37,  38,  41,  61,  90,  91,  92,  96, 117, 121, 128, 141, 143,
    147, 155, 156,   2,   4,   9,  10,  12,  14,  15,  16,  25,  26,  27,  28,  29,
     31,  33,  34,  35,  36,  38,  40,  43,  44,  45,  48,  49,  51,  52,  55,  57,
     58,  59,  61,  62,  65,  66,  68,  72,  75,  76,  77,  78,  80,  82,  89,  90,
     91,  92,  95, 101, 103, 104, 105, 110, 112, 113, 114, 119, 121, 124, 125, 126,
    127, 128, 141, 142, 146, 148, 149, 159,  33,  79,  86,  87,  90,  91,  92,  97,
    121, 141,  29,  37,  41,  51,  79,  82,  86,  87,  97, 117,  79,  86,  87,  96,
     97,  11,  13,  14,  29,  32,  41,  42,  43,  47,  50,  51,  54,  64,  73,  74,
     75,  80,  81,  82,  83,  89,  93,  96, 111, 143, 147, 156,  29,  33,  35,  37,
     38,  79,  86,  87,  90,  91,  92,  96,  97, 117, 121, 128,  11,  13,  14,  29,
     41,  96, 143, 147,   4,  10,  12,  25,  26,  28,  31,  43,  45,  50,  51,  52,
     55,  58,  59,  61,  64,  66,  72,  75,  76,  77,  78,  79,  80,  81,  82,  86,
     87,  89,  93,  95,  96,  97, 119, 125, 146, 160,   2,   9,  10,  12,  16,  27,
     28,  31,  33,  35,  36,  38,  40,  49,  51,  55,  57,  58,  59,  61,  62,  65,
     66,  72,  82,  90,  91,  92, 110, 112, 119, 121, 124, 125, 126, 128, 141, 142,
    144, 145, 146, 148,   6,  10,  11,  12,  13,  29,  32,  33,  42,  43,  55,  59,
     66,  73,  74,  75,  80,  83,  89,  90,  91,  92, 121, 143, 147, 156,  33,  35,
     38,  42,  43,  73,  74,  75,  79,  80,  83,  86,  87,  89,  90,  91,  92,  97,
    121, 128,   4,   6,  10,  11,  12,  13,  14,  15,  19,  21,  24,  25,  26,  28,
     29,  31,  32,  38,  41,  42,  43,  44,  47,  48,  49,  50,  51,  52,  53,  54,
     55,  58,  59,  64,  66,  68,  72,  73,  74,  75,  79,  80,  81,  82,  83,  86,
     87,  89,  93,  96,  97,  99, 102, 103, 104, 105, 106, 107, 108, 109, 110, 111,
    112, 113, 114, 115, 116, 119, 124, 125, 126, 127, 128, 143, 146, 147, 156,   6,
     10,  11,  12,  13,  14,  15,  19,  24,  25,  26,  28,  29,  31,  32,  35,  41,
     42,  43,  47,  48,  55,  58,  59,  66,  69,  72,  73,  74,  75,  79,  80,  83,
     86,  87,  89,  96,  97, 111, 115, 116, 119, 125, 127, 143, 146, 147, 155, 156,
      4,   6,  10,  11,  12,  13,  14,  19,  24,  25,  26,  28,  29,  31,  32,  35,
     36,  42,  43,  47,  48,  55,  58,  59,  66,  69,  73,  74,  75,  80,  83,  89,
     96, 111, 119, 125, 127, 143, 147, 155, 156,   4,  10,  12,  15,  18,  19,  22,
     25,  26,  28,  31,  33,  42,  43,  55,  58,  59,  61,  66,  72,  73,  74,  75,
     80,  83,  89,  90,  91,  92,  96, 118, 119, 120, 121, 124, 125, 146, 158,   6,
     10,  11,  12,  13,  19,  24,  25,  26,  28,  29,  31,  32,  33,  42,  43,  45,
     47,  48,  50,  55,  58,  59,  61,  64,  66,  68,  72,  73,  74,  75,  76,  77,
     78,  80,  81,  83,  89,  90,  91,  92,  93,  95,  96,  98, 111, 119, 121, 125,
    127, 143, 146, 147, 155, 156, 160,  10,  12,  25,  28,  31,  55,  58,  59,  66,
     79,  86,  87,  96,  97, 119, 125,  30,  43,  46,  47,  75,  80,  85,  88,  89,
     94,  96, 111,   2,   4,   9,  10,  12,  14,  15,  16,  25,  26,  27,  28,  29,
     31,  33,  34,  35,  36,  38,  40,  43,  44,  45,  48,  49,  51,  52,  55,  57,
     58,  59,  61,  62,  65,  66,  68,  72,  75,  76,  77,  78,  80,  82,  89,  90,
     91,  92,  95, 101, 103, 104, 105, 110, 112, 113, 114, 119, 121, 124, 125, 126,
    127, 128, 141, 142, 146, 148, 149, 159,   9,  15,  16,  18,  19,  20,  22,  23,
     28,  30,  31,  33,  34,  35,  40,  45,  46,  47,  51,  62,  65,  76,  77,  78,
     82,  85,  88,  90,  91,  92,  94,  95, 101, 104, 111, 115, 116, 118, 119, 120,
    121, 122, 123, 125, 141, 159,   2,  16,  33,  35,  36,  38,  51,  61,  82,  90,
     91,  92,  96, 121, 128, 141, 142, 148,   2,   8,  16,  29,  33,  35,  36,  37,
     38,  42,  51,  52,  53,  54,  57,  61,  73,  74,  82,  83,  90,  91,  92,  96,
    117, 121, 125, 128, 141, 142, 148,  10,  11,  12,  13,  14,  19,  29,  32,  38,
     41,  42,  43,  44,  45,  46,  48,  49,  52,  55,  58,  59,  66,  72,  73,  74,
     75,  76,  77,  78,  79,  80,  83,  86,  87,  88,  89,  95,  96,  97, 110, 112,
    115, 116, 124, 126, 127, 128, 143, 146, 147, 156,  33,  46,  88,  90,  91,  92,
    121,   8,  49,  56,  79,  86,  87,  96,  97, 110, 112, 124, 126,  10,  12,  19,
     25,  33,  43,  51,  55,  58,  59,  66,  75,  80,  82,  89,  90,  91,  92, 121,
     10,  11,  12,  13,  14,  25,  29,  30,  32,  33,  39,  42,  43,  44,  45,  46,
     47,  49,  51,  52,  53,  55,  59,  66,  73,  74,  75,  76,  77,  78,  79,  80,
     82,  83,  85,  86,  87,  88,  89,  90,  91,  92,  94,  95,  96,  97, 105, 108,
    110, 111, 112, 121, 122, 123, 124, 126, 141, 142, 143, 147, 148, 156,   2,  33,
     35,  36,  38,  49,  51,  61,  82,  90,  91,  92,  96, 110, 112, 121, 124, 125,
    126, 128, 141, 143,  10,  12,  19,  25,  30,  33,  35,  36,  38,  42,  43,  44,
     46,  48,  49,  51,  52,  55,  59,  66,  72,  73,  74,  75,  80,  82,  83,  85,
     88,  89,  90,  91,  92,  94,  96, 105, 110, 112, 121, 124, 126, 127, 128, 141,
    142, 146, 148, 156,  10,  12,  14,  25,  33,  38,  41,  55,  59,  66,  71,  84,
     90,  91,  92,  99, 108, 121, 128, 141, 142, 148, 156,  10,  11,  12,  13,  14,
     25,  26,  29,  30,  32,  33,  38,  41,  42,  43,  44,  48,  49,  55,  58,  59,
     66,  73,  74,  75,  79,  80,  83,  85,  86,  87,  89,  90,  91,  92,  94,  96,
     97, 108, 110, 112, 121, 122, 123, 124, 126, 127, 128, 142, 143, 147, 148, 156,
      6,  11,  13,  29,  32,  33,  39,  42,  43,  58,  73,  74,  75,  80,  83,  89,
     90,  91,  92, 121, 142, 143, 147, 148,  10,  12,  26,  33,  42,  43,  44,  49,
     55,  58,  59,  66,  73,  74,  75,  80,  83,  89,  90,  91,  92, 110, 112, 121,
    124, 126,  33,  43,  75,  80,  89,  90,  91,  92, 121,  17,  18,  21,  29,  32,
     33,  35,  36,  37,  38,  51,  53,  65,  82,  90,  91,  92, 101, 106, 117, 118,
    121, 128, 141,  33,  35,  38,  90,  91,  92, 101, 121, 128, 141,  45,  76,  77,
     78,  95,  96,   6,  29,  32,  43,  75,  80,  89,  29,  33,  38,  90,  91,  92,
    101, 121, 128,  33,  90,  91,  92, 121, 129, 130, 132,   6,  19,  28,  29,  31,
     32,  37,  38,  42,  43,  48,  73,  74,  75,  80,  83,  89, 117, 119, 127, 128,
    150, 151,  10,  12,  14,  25,  33,  38,  41,  55,  59,  66,  71,  84,  90,  91,
     92,  99, 108, 121, 128, 141, 142, 148, 156,  17,  18,  21,  29,  32,  33,  35,
     36,  37,  38,  51,  53,  65,  82,  90,  91,  92, 101, 106, 117, 118, 121, 128,
    141, 153,  16,  17,  18,  21,  22,  29,  33,  35,  36,  37,  38,  39,  51,  52,
     53,  82,  90,  91,  92, 101, 104, 106, 115, 116, 117, 118, 121, 128, 141,  33,
     35,  36,  90,  91,  92, 101, 104, 121, 141, 142, 148,  79,  86,  87,  96,  97,
     29,  33,  35,  37,  38,  90,  91,  92, 117, 121, 128, 159,  11,  13,  29,  32,
     33,  35,  39,  90,  91,  92, 101, 121, 141, 143, 147,  33,  79,  86,  87,  90,
     91,  92,  97, 121, 141,  33,  90,  91,  92, 121,   8,  49,  56,  79,  86,  87,
     96,  97, 110, 112, 124, 126,  16,  21,  30,  33,  35,  39,  44,  45,  46,  47,
     49,  70,  76,  77,  78,  79,  85,  86,  87,  88,  90,  91,  92,  94,  95,  96,
     97, 106, 110, 111, 112, 121, 124, 126,   2,  16,  33,  35,  36,  38,  51,  61,
     82,  90,  91,  92,  96, 121, 128, 141, 142, 148,   2,   8,  16,  29,  33,  35,
     36,  37,  38,  42,  51,  52,  53,  54,  57,  61,  73,  74,  82,  83,  90,  91,
     92,  96, 117, 121, 125, 128, 141, 142, 148,   2,  16,  33,  35,  36,  38,  51,
     61,  82,  90,  91,  92,  96, 121, 128, 141, 142, 148,   2,   7,   8,   9,  16,
     21,  30,  33,  40,  45,  46,  47,  57,  61,  62,  76,  77,  78,  79,  85,  86,
     87,  88,  90,  91,  92,  94,  95,  96,  97, 106, 111, 121, 141, 156,  30,  33,
     45,  46,  76,  77,  78,  79,  85,  86,  87,  88,  90,  91,  92,  94,  95,  96,
     97, 121,  16,  21,  30,  33,  35,  39,  44,  45,  46,  47,  49,  70,  76,  77,
     78,  79,  85,  86,  87,  88,  90,  91,  92,  94,  95,  96,  97, 106, 110, 111,
    112, 121, 124, 126,  16,  21,  30,  33,  35,  39,  44,  45,  46,  47,  49,  70,
     76,  77,  78,  79,  85,  86,  87,  88,  90,  91,  92,  94,  95,  96,  97, 106,
    110, 111, 112, 121, 124, 126,  16,  21,  30,  33,  35,  39,  44,  45,  46,  47,
     49,  70,  76,  77,  78,  79,  85,  86,  87,  88,  90,  91,  92,  94,  95,  96,
     97, 106, 110, 111, 112, 121, 124, 126,   8,  49,  56,  79,  86,  87,  96,  97,
    110, 112, 124, 126,   2,   9,  10,  12,  16,  27,  28,  31,  33,  35,  36,  38,
     40,  49,  51,  55,  57,  58,  59,  61,  62,  65,  66,  72,  82,  90,  91,  92,
    110, 112, 119, 121, 124, 125, 126, 128, 141, 142, 144, 145, 146, 148,   8,  41,
     49,  51,  71,  79,  82,  84,  86,  87,  96,  97,  99, 110, 112, 124, 126,   2,
      9,  10,  12,  16,  27,  28,  31,  33,  35,  36,  38,  40,  49,  51,  55,  57,
     58,  59,  61,  62,  65,  66,  72,  82,  90,  91,  92, 110, 112, 119, 121, 124,
    125, 126, 128, 141, 142, 144, 145, 146, 148,  38, 128,   8,  41,  49,  51,  71,
     79,  82,  84,  86,  87,  96,  97,  99, 110, 112, 124, 126,   2,   9,  10,  12,
     16,  27,  28,  31,  33,  35,  36,  38,  40,  49,  51,  55,  57,  58,  59,  61,
     62,  65,  66,  72,  82,  90,  91,  92, 110, 112, 119, 121, 124, 125, 126, 128,
    141, 142, 144, 145, 146, 148,   8,  41,  49,  51,  71,  79,  82,  84,  86,  87,
     96,  97,  99, 110, 112, 124, 126,   4,   6,  10,  11,  12,  13,  14,  15,  19,
     21,  24,  25,  26,  28,  29,  31,  32,  38,  41,  42,  43,  44,  47,  48,  49,
     50,  51,  52,  53,  54,  55,  58,  59,  64,  66,  68,  72,  73,  74,  75,  79,
     80,  81,  82,  83,  86,  87,  89,  93,  96,  97,  99, 102, 103, 104, 105, 106,
    107, 108, 109, 110, 111, 112, 113, 114, 115, 116, 119, 124, 125, 126, 127, 128,
    143, 146, 147, 156,   4,   6,  10,  11,  12,  13,  14,  15,  19,  21,  24,  25,
     26,  28,  29,  31,  32,  38,  41,  42,  43,  44,  47,  48,  49,  50,  51,  52,
     53,  54,  55,  58,  59,  64,  66,  68,  72,  73,  74,  75,  79,  80,  81,  82,
     83,  86,  87,  89,  93,  96,  97,  99, 102, 103, 104, 105, 106, 107, 108, 109,
    110, 111, 112, 113, 114, 115, 116, 119, 124, 125, 126, 127, 128, 143, 146, 147,
    156,   4,   6,  10,  11,  12,  13,  14,  15,  19,  21,  24,  25,  26,  28,  29,
     31,  32,  38,  41,  42,  43,  44,  47,  48,  49,  50,  51,  52,  53,  54,  55,
     58,  59,  64,  66,  68,  72,  73,  74,  75,  79,  80,  81,  82,  83,  86,  87,
     89,  93,  96,  97,  99, 102, 103, 104, 105, 106, 107, 108, 109, 110, 111, 112,
    113, 114, 115, 116, 119, 124, 125, 126, 127, 128, 143, 146, 147, 156,  42,  43,
     44,  47,  48,  49,  50,  51,  52,  53,  54,  64,  73,  74,  75,  80,  81,  82,
     83,  89,  93, 110, 111, 112, 124, 126, 127,  11,  13,  29, 147,   7,   8,  11,
     13, 147,  33,  90,  91,  92, 121,  43,  49,  51,  75,  80,  82,  89, 110, 112,
    124, 126,  33,  43,  75,  80,  89,  90,  91,  92, 121,   8,  49,  56,  79,  86,
     87,  96,  97, 110, 112, 124, 126,   2,   8,  16,  29,  33,  35,  36,  37,  38,
     42,  51,  52,  53,  54,  57,  61,  73,  74,  82,  83,  90,  91,  92,  96, 117,
    121, 125, 128, 141, 142, 148,  96,  10,  12,  14,  25,  33,  38,  41,  55,  59,
     66,  71,  84,  90,  91,  92,  99, 108, 121, 128, 141, 142, 148, 156,  79,  86,
     87,  96,  97,   8,  49,  56,  79,  86,  87,  96,  97, 110, 112, 124, 126,  16,
     21,  30,  33,  35,  39,  44,  45,  46,  47,  49,  70,  76,  77,  78,  79,  85,
     86,  87,  88,  90,  91,  92,  94,  95,  96,  97, 106, 110, 111, 112, 121, 124,
    126,  10,  12,  14,  21,  25,  30,  41,  55,  59,  66,  85,  94,  99, 106, 141,
    142, 148, 156,   4,   6,  10,  11,  12,  13,  14,  15,  19,  21,  24,  25,  26,
     28,  29,  31,  32,  38,  41,  42,  43,  44,  47,  48,  49,  50,  51,  52,  53,
     54,  55,  58,  59,  64,  66,  68,  72,  73,  74,  75,  79,  80,  81,  82,  83,
     86,  87,  89,  93,  96,  97,  99, 102, 103, 104, 105, 106, 107, 108, 109, 110,
    111, 112, 113, 114, 115, 116, 119, 124, 125, 126, 127, 128, 143, 146, 147, 156,
     10,  12,  25,  49,  55,  58,  59,  66,  72, 104, 110, 112, 124, 126, 146,   6,
     10,  11,  12,  13,  14,  15,  19,  24,  25,  41,  47,  50,  55,  58,  59,  64,
     66,  68,  81,  93, 109, 111, 143, 147, 156,  10,  12,  14,  25,  55,  59,  66,
    141, 142, 148, 101,  10,  11,  12,  13,  14,  25,  41,  55,  59,  66, 100, 108,
    141, 142, 143, 147, 148,  49, 101, 110, 112, 124, 126, 141,  41,  99, 101, 141,
      2,   4,   9,  10,  12,  14,  15,  16,  25,  26,  27,  28,  29,  31,  33,  34,
     35,  36,  38,  40,  43,  44,  45,  48,  49,  51,  52,  55,  57,  58,  59,  61,
     62,  65,  66,  68,  72,  75,  76,  77,  78,  80,  82,  89,  90,  91,  92,  95,
    101, 103, 104, 105, 110, 112, 113, 114, 119, 121, 124, 125, 126, 127, 128, 141,
    142, 146, 148, 149, 159,  41,  43,  75,  80,  89, 101,  10,  11,  12,  13,  14,
     25,  29,  30,  32,  33,  39,  42,  43,  44,  45,  46,  47,  49,  51,  52,  53,
     55,  59,  66,  73,  74,  75,  76,  77,  78,  79,  80,  82,  83,  85,  86,  87,
     88,  89,  90,  91,  92,  94,  95,  96,  97, 105, 108, 110, 111, 112, 121, 122,
    123, 124, 126, 141, 142, 143, 147, 148, 156,  30,  33,  46,  47,  85,  88,  90,
     91,  92,  94, 111, 121,  21, 101, 106, 108, 141, 101, 141,  11,  13, 147,  33,
     41,  90,  91,  92, 115, 116, 121,   4,  10,  12,  15,  18,  19,  22,  25,  26,
     28,  31,  33,  42,  43,  55,  58,  59,  61,  66,  72,  73,  74,  75,  80,  83,
     89,  90,  91,  92,  96, 118, 119, 120, 121, 124, 125, 146, 158,  11,  13,  14,
     29,  33,  35,  36,  37,  38,  41,  61,  90,  91,  92,  96, 117, 121, 128, 141,
    143, 147, 155, 156,  11,  13,  41, 143, 147,   2,   9,  10,  11,  12,  13,  15,
     19,  22,  23,  40,  43,  44,  49,  51,  52,  55,  59,  62,  65,  66,  75,  80,
     82,  89, 110, 112, 124, 125, 126, 142, 147, 148,  10,  11,  12,  13,  14,  25,
     29,  30,  32,  33,  39,  42,  43,  44,  45,  46,  47,  49,  51,  52,  53,  55,
     59,  66,  73,  74,  75,  76,  77,  78,  79,  80,  82,  83,  85,  86,  87,  88,
     89,  90,  91,  92,  94,  95,  96,  97, 105, 108, 110, 111, 112, 121, 122, 123,
    124, 126, 141, 142, 143, 147, 148, 156,   8,  33,  35,  37,  38,  49,  51,  52,
     53,  57,  82,  90,  91,  92, 110, 112, 117, 121, 124, 126, 128, 141,   6,  10,
     11,  12,  13,  19,  24,  25,  26,  28,  29,  31,  32,  33,  42,  43,  45,  47,
     48,  50,  55,  58,  59,  61,  64,  66,  68,  72,  73,  74,  75,  76,  77,  78,
     80,  81,  83,  89,  90,  91,  92,  93,  95,  96,  98, 111, 119, 121, 125, 127,
    143, 146, 147, 155, 156, 160,  60, 134,  60, 137, 139,  60, 129, 130, 131, 132,
    133, 135, 137, 132, 135, 134, 135, 137, 140, 135, 130, 131, 137,  60, 131, 133,
    135, 137, 136, 135, 131, 134, 135,  60, 135, 138,   6,  11,  13,  14,  19,  29,
     32,  43,  48,  69,  75,  80,  89, 115, 116, 122, 123, 127, 143, 147,   3,   6,
     10,  11,  12,  13,  14,  15,  19,  21,  22,  24,  25,  26,  28,  29,  31,  32,
     41,  42,  43,  47,  48,  49,  50,  51,  55,  58,  59,  64,  65,  66,  69,  73,
     74,  75,  80,  81,  82,  83,  89,  93,  99, 103, 105, 106, 107, 109, 110, 111,
    112, 113, 114, 115, 116, 119, 122, 123, 124, 126, 127, 147,  16,  33,  35,  36,
     38,  42,  51,  73,  74,  82,  83,  90,  91,  92, 101, 104, 115, 116, 120, 121,
    122, 123, 124, 128, 141, 142, 148,  29,  33,  35,  37,  38,  90,  91,  92, 117,
    121, 128, 159,   0,   1,   2,  15,  16,  18,  20,  21,  22,  23,  27,  28,  31,
     33,  38,  65,  90,  91,  92, 106, 118, 119, 121, 125, 128, 142, 144, 145, 148,
    153,  67, 151, 150, 151, 152, 154,  63, 151, 154,  16,  28,  31,  33,  35,  36,
     38,  46,  51,  82,  88,  90,  91,  92, 101, 104, 119, 120, 121, 128, 156, 157,
    155, 156,  96,  15,  11,  13,  14,  41, 147,  60,
};

static const int8_t inter_12_boldKernSparseValues[] = {
     -13,  -36,  -36,  -25,  -32,  -66,   -9,   -5,   -9,   -9,   -9,  -18,  -18,   -5,  -36,   -1,
      -6,   -4,   -6,   18,   18,   18,   -4,   -4,   -4,   18,   -1,   -6,   -4,  -25,  -25,  -27,
     -27,  -13,  -23,  -25,  -16,  -29,  -13,  -13,  -16,   -9,  -13,  -23,  -23,  -23,  -29,  -23,
     -29,  -36,    6,   -2,    5,    6,   -2,   -2,    6,    5,   -2,    6,   44,    6,    9,  -13,
     -13,  -54,  -54,  -18,   -5,  -38,   -5,  -38,  -27,    7,  -13,  -13,   -5,  -54,   -9,   -2,
     -11,  -13,  -18,  -31,  -18,  -11,  -17,  -26,   -2,   -9,   -3,   -2,  -54,  -54,  -31,  -15,
     -11,  -44,  -12,  -60,  -26,  -12,  -12,   -5,  -40,  -12,  -38,   -8,   -3,  -11,  -10,   -5,
     -40,  -18,  -18,  -13,  -26,  -24,  -13,  -13,  -13,  -11,   -8,  -18,  -13,  -17,  -26,  -38,
     -54,  -54,  -38,  -16,  -16,  -13,  -25,    3,    3,   21,  -16,  -12,  -12,   -8,   -3,  -12,
     -15,  -13,  -18,    7,  -13,   -8,    7,    7,  -15,    7,    7,  -13,  -18,  -20,  -12,    6,
       6,    5,    4,   14,   27,    4,   14,   27,   27,   16,   27,   20,    5,    5,    5,    5,
      -6,   -4,   -8,   -8,   -9,   -4,  -13,   -4,   -9,  -20,   -8,  -16,  -13,  -13,  -16,   -4,
     -16,   -3,   -2,  -16,  -18,   -4,   -3,   -3,   -3,   -3,  -13,   -3,   -9,   -9,   -2,   -3,
      -1,   -2,   -3,   -1,   -1,   -1,   -1,   -9,  -12,  -12,  -18,  -18,  -12,  -23,    1,  -18,
       2,  -50,  -50,   -6,   -7,  -23,   -4,    8,   -6,   -4,  -13,  -36,  -43,  -38,    2,  -63,
     -18,  -20,  -20,  -18,  -25,    2,  -18,  -18,  -20,   36,  -20,  -18,   36,   36,  -20,   36,
     -20,  -20,  -20,  -12,  -20,  -20,  -20,  -44,  -44,   -7,  -18,  -57,  -50,  -17,  -13,  -25,
     -13,  -13,  -13,  -25,  -34,  -18,  -20,  -18,  -27,  -25,  -20,  -38,  -16,  -13,  -16,  -18,
     -18,  -18,  -20,  -18,  -38,  -23,  -16,  -29,  -15,  -32,  -29,  -29,  -23,  -36,  -25,  -32,
     -32,  -32,  -36,  -29,  -13,  -13,  -20,  -29,  -36,  -38,  -29,  -25,  -18,  -18,  -16,  -17,
     -13,  -16,  -10,  -22,  -18,  -16,   -2,  -13,  -13,  -13,   10,  -42,  -27,  -18,  -13,  -16,
     -18,  -16,  -40,  -32,   -6,  -38,  -13,  -13,    5,   -3,  -24,  -15,  -20,  -25,  -17,    6,
     -17,  -36,  -10,  -34,  -30,  -34,  -38,   -9,   -5,    1,   -4,  -12,  -27,  -27,  -13,  -29,
     -13,  -13,  -28,  -38,  -21,  -13,  -13,  -13,   -9,    1,    1,    1,   -9,  -27,   -9,  -36,
     -36,  -59,    1,  -16,   -6,  -20,  -16,  -39,  -50,  -13,  -16,  -17,  -36,  -12,  -27,  -12,
      -4,  -34,  -52,  -41,  -13,  -41,   -5,  -20,  -20,   13,   13,   13,  -20,  -20,  -20,   13,
     -20,  -23,  -11,   -6,  -16,    2,   13,    2,   13,   13,   13,   -6,   29,   29,   29,   18,
      29,  -16,  -29,   -3,  -36,  -27,  -13,   -7,  -10,   -7,  -13,  -13,  -13,  -13,   -7,   -7,
     -10,  -10,  -13,  -13,   -7,  -10,  -13,   37,   -7,  -48,  -50,  -10,  -12,  -12,   -9,   -6,
     -11,   13,   13,   13,  -12,  -12,  -12,   14,   13,   -6,  -12,  -11,  -13,  -13,  -23,  -10,
     -20,   16,  -32,  -13,   -6,  -31,  -31,  -27,  -13,  -17,  -17,  -16,    2,  -13,  -16,  -25,
     -31,  -20,  -51,   -6,  -13,  -49,  -13,  -16,    2,    2,    2,   34,  -16,  -13,  -16,   34,
      34,  -16,  -13,    2,   34,   34,  -17,  -44,  -13,  -13,  -36,  -68,  -27,  -47,  -18,   -3,
     -11,  -11,  -37,  -31,  -15,  -39,  -52,   -9,  -27,  -42,  -38,  -25,  -79,  -32,  -70,  -32,
     -52,  -13,  -27,  -37,  -37,  -37,   -9,   -9,  -11,  -37,   -9,  -50,   -9,  -39,  -34,  -35,
     -18,  -18,  -13,  -62,  -13,   -8,  -16,   -8,  -29,  -33,  -38,   -1,   -6,   -5,   -8,   -8,
      -8,   -6,   -6,   -5,   -5,   -6,   -5,   -1,   -1,   -1,   -1,  -57,  -54,  -15,   -2,   -8,
     -12,   -3,   -6,   -3,   -3,   -6,   18,   -6,   -3,   18,   18,   -6,   -2,   -2,   -2,   18,
      -2,  -12,   -2,  -13,  -23,  -13,  -23,  -13,  -52,  -13,  -27,  -32,  -13,  -32,  -13,  -13,
     -36,  -13,  -36,    3,  -23,  -32,  -35,   -1,  -24,  -31,  -37,  -32,  -27,  -27,  -14,  -21,
     -23,  -52,  -23,  -73,  -55,  -20,  -13,  -48,  -48,  -55,   36,  -55,  -57,  -40,  -32,   36,
      36,  -35,  -48,   57,   36,   41,  -13,  -52,  -41,  -24,  -32,  -32,  -13,  -23,  -78,  -76,
     -78,  -52,  -52,  -54,  -54,  -13,  -37,  -23,  -37,  -31,    3,  -48,  -13,  -47,  -23,  -20,
     -23,  -38,  -23,  -38,  -22,  -12,  -13,  -25,  -29,  -25,  -30,  -34,  -16,  -38,    6,  -32,
     -25,  -26,   -6,  -18,  -23,  -23,  -48,  -39,  -12,  -16,  -25,  -41,  -26,   34,  -44,  -25,
      34,   34,  -26,   16,   34,   -6,  -48,  -48,  -16,   -7,  -18,  -45,  -16,  -38,  -57,  -61,
      -2,  -20,  -17,  -38,  -17,  -38,  -12,  -13,  -20,  -29,  -25,  -10,  -30,  -10,  -25,    2,
       8,  -23,  -21,  -13,  -13,  -17,  -23,  -17,  -30,  -12,  -23,  -23,  -21,  -21,  -23,  -21,
      34,  -13,  -10,  -13,  -13,  -43,  -38,  -40,  -45,   -6,  -17,  -17,  -15,   -9,  -16,   -9,
     -23,  -20,  -22,  -22,  -12,  -23,  -11,  -30,  -16,  -37,   -3,  -35,  -18,  -23,  -23,  -11,
     -11,  -23,  -11,  -12,  -12,  -12,   34,   -9,  -42,  -13,  -12,  -25,  -35,  -18,  -13,  -25,
     -26,  -26,  -26,  -26,  -27,  -25,  -41,  -38,  -18,  -34,  -18,  -13,    3,  -42,  -45,   -8,
     -19,  -27,  -16,  -26,  -36,  -46,   -3,  -16,  -46,  -25,  -34,  -69,  -62,  -45,   -8,  -23,
      -8,  -45,  -16,  -79,  -67,    3,    3,    3,  -16,   -8,   34,  -25,  -19,  -18,    3,  -23,
     -27,  -43,  -16,  -64,  -70,  -75,  -13,  -15,  -15,  -25,  -13,  -13,  -15,  -13,  -15,  -28,
      34,   34,   34,   13,   34,  -13,  -11,    6,   -2,    5,    6,   -2,   -2,    6,    5,   -2,
       6,   35,    6,  -32,   -6,  -38,  -13,  -13,    5,   -3,  -24,  -15,  -20,  -25,  -17,    6,
     -17,  -52,  -10,  -56,  -53,  -34,  -38,   -9,   -5,    1,   -4,  -12,  -47,  -27,  -13,  -29,
     -13,  -13,  -28,  -38,  -21,  -13,  -13,  -13,   -9,    1,    1,    1,   -9,  -47,   -9,  -52,
     -52,  -52,    1,  -16,   -6,  -20,  -16,  -39,  -50,  -13,  -16,  -17,  -52,  -12,  -27,  -12,
      -4,  -34,  -69,  -63,  -13,  -63,   -5,  -20,  -27,  -18,  -43,  -18,  -23,  -18,  -18,  -18,
     -16,   11,  -16,  -23,  -16,  -32,  -27,    5,   38,   12,  -32,  -27,  -18,    5,    5,    5,
     -32,   11,   38,  -23,  -23,  -23,   11,    5,  -38,  -23,   12,   23,   23,  -18,  -16,  -43,
     -20,   16,   16,   -4,  -16,  -20,  -10,  -16,  -31,  -20,  -20,  -39,   -7,   -3,   -7,  -31,
     -31,  -31,    2,  -31,  -39,  -18,  -11,  -11,  -10,   -5,  -13,  -13,  -35,  -26,  -21,  -11,
     -46,    4,   -7,   -5,   -9,   -8,  -13,   -4,    4,    4,   -7,    4,  -35,  -35,  -35,   16,
     -11,  -35,   -5,  -89,  -25,   -9,   -9,   -8,  -23,   -8,  -23,   -5,  -25,  -13,  -25,    2,
      -6,   -8,   -8,  -18,    3,    2,   -7,  -16,    8,   -8,  -16,   -8,   -8,   -7,   -8,   -8,
      -8,    3,    3,    3,   41,   -8,   -8,   41,   56,    2,   -8,    3,   18,   54,  -16,  -16,
     -32,  -32,  -16,  -16,   -7,    2,  -36,   -7,  -23,   -7,  -20,    4,    4,  -20,  -20,  -20,
     -20,    1,    1,    1,   26,   40,   26,   35,   40,    1,    1,    1,    1,  -23,  -23,  -18,
     -34,  -23,   -9,    3,  -23,  -20,  -50,  -23,   -9,   -9,    3,   -9,  -23,  -23,  -23,  -23,
     -13,  -25,  -13,  -25,  -12,  -14,  -16,    5,  -23,  -23,  -13,   -5,   -8,    8,    2,    5,
       3,    8,    6,    4,    6,  -13,  -25,  -13,   -5,   -5,   -8,    2,    2,    2,    5,   -8,
       6,   -5,    5,    5,    5,    5,   -8,  -23,  -23,  -23,    5,    2,   14,    5,  -16,  -27,
       8,    3,    8,  -23,   -9,   -9,    8,    8,  -16,    6,  -32,  -25,    6,   -9,   -5,  -29,
     -18,  -13,  -29,    1,   -1,   -3,   -1,  -29,  -29,  -29,    2,    1,    1,  -29,    1,   -1,
       1,  -29,  -20,   -2,   -7,   -7,   -3,  -11,    1,  -13,   -2,   -2,   -3,    2,   -4,  -13,
       3,   -3,   -7,    9,    8,   -7,   -7,   -7,   -2,    2,    2,   -4,   -4,    9,    2,    1,
       3,   -4,  -13,  -13,  -13,    1,   18,  -13,   -7,   -7,  -13,   -7,   -7,   -3,   -3,  -16,
       6,   -2,    6,    6,  -15,  -15,  -13,  -16,  -20,  -23,  -13,  -15,  -28,  -15,    2,    9,
     -20,  -50,  -20,    8,   -7,  -20,  -23,  -16,    6,    6,  -12,  -14,  -18,  -14,  -18,  -23,
     -13,  -16,  -27,    1,  -25,  -13,  -13,  -32,   -5,   -7,    6,   -1,    7,  -14,  -16,  -14,
     -14,   -5,   -5,   -7,    8,   -7,   -5,    1,    8,    8,   -7,  -13,  -38,  -13,    1,    1,
       8,   -2,    7,    7,  -13,  -18,  -18,    7,    7,   -1,  -13,    3,  -32,  -48,    3,   -9,
     -13,  -29,  -29,  -27,  -23,  -20,  -13,   -2,   -5,  -13,   -2,   -2,   -5,   -5,   -2,   -5,
     -20,  -20,  -20,  -20,    4,  -32,  -29,    4,   -9,   -9,  -13,  -13,   -2,   -9,    6,    6,
      -9,  -13,   -9,   -9,   -2,   -2,   -9,   -9,   -2,   -9,  -13,  -13,  -13,    6,    6,  -13,
       6,    6,  -13,   -8,   -8,   -8,   -8,  -13,  -13,  -13,  -13,   -9,   -2,  -11,  -13,  -18,
     -31,  -18,  -11,  -33,  -26,   -2,   -9,   -3,   -2,  -54,  -54,  -31,  -15,  -11,  -33,  -12,
     -60,  -26,  -12,  -27,  -13,  -27,  -27,  -27,  -27,  -27,  -27,  -27,  -13,   12,   12,   12,
      12,   12,   18,  -16,  -29,  -29,  -13,  -13,  -13,  -13,  -13,  -20,  -25,  -20,  -20,  -20,
     -25,  -47,  -25,  -20,  -20,  -20,  -20,  -20,   -6,   -8,   -8,  -13,  -20,   -2,  -28,   -2,
     -28,   -3,   -3,   -4,  -11,   -4,   -4,   -4,  -11,  -11,   -4,  -11,   -3,   -2,   -4,   -3,
      -4,   -1,  -15,  -15,  -13,  -16,  -20,  -23,  -13,  -15,  -28,  -15,    2,    9,  -20,  -50,
     -20,    8,   -7,  -20,  -23,  -36,    6,    6,  -12,   -9,   -2,  -11,  -13,  -18,  -62,  -34,
     -11,  -35,  -46,   -2,   -9,   -3,   -2,  -62,  -62,  -62,  -15,  -11,  -35,  -12,  -62,  -46,
     -12,    5,  -16,  -20,  -18,  -20,  -13,  -13,  -52,  -25,  -23,  -16,  -36,  -13,  -13,  -13,
     -13,  -13,  -52,  -52,  -52,  -36,  -13,  -20,  -13,  -13,  -36,  -18,  -79,  -36,  -34,  -27,
     -48,  -40,  -27,  -27,  -27,  -36,  -13,  -27,  -25,  -13,  -13,   16,   16,   16,   16,   16,
     -13,  -36,  -16,  -18,  -18,  -36,  -36,  -36,  -18,  -36,  -18,  -13,  -41,  -41,  -16,  -16,
     -23,  -20,  -16,  -23,  -23,  -23,  -23,  -23,  -23,  -50,  -41,  -20,   13,   13,   13,  -20,
     -20,  -20,   13,  -20,  -50,  -32,  -32,  -32,  -32,  -32,    1,    1,    1,   41,   42,   41,
      30,   41,    1,    1,    1,    1,   18,   36,   27,   36,   34,   36,   16,   26,   26,    5,
      20,   16,   39,   26,   39,   66,   27,   66,   66,   39,   36,   36,   36,   56,   39,   20,
      66,   36,   20,    5,   20,   36,   20,   20,  -10,  -16,  -51,  -20,  -20,  -39,   -7,   -3,
      -7,  -51,  -51,  -51,    2,  -51,  -39,  -18,  -11,  -11,  -10,   -5,  -13,  -13,  -55,  -26,
     -21,  -11,  -46,    4,   -7,   -5,   -9,   -8,  -13,   -4,    4,    4,   -7,    4,  -55,  -55,
     -55,   16,  -11,  -55,   -5,  -89,  -25,   -9,   -9,  -10,  -16,  -60,  -20,  -20,  -39,   -7,
      -3,   -7,  -60,  -60,  -60,    2,  -60,  -39,  -18,  -11,  -11,   13,    3,   49,   23,   18,
      18,   12,   16,   23,   16,   11,   11,   16,    7,   23,   16,   16,   32,   16,   12,   16,
      16,   11,   16,   16,   16,   12,   32,   18,   16,   18,   11,   16,   13,   -7,   14,   13,
      13,   16,   13,   13,   16,   16,   16,   16,   16,   16,   13,   13,   13,   14,   13,   16,
      16,   13,   18,   36,   27,   36,   34,   36,   16,   43,   39,    5,   20,   16,   43,   43,
      43,   66,   27,   66,   66,   39,   36,   36,   36,   56,   43,   43,   66,   36,   20,    5,
      20,   36,   20,   20,   18,   36,   27,   36,   34,   36,   16,   43,   43,    5,   20,   16,
      43,   43,   43,   66,   27,   66,   66,   43,   36,   36,   36,   56,   43,   20,   66,   36,
      20,    5,   20,   36,   20,   20,   18,   36,   27,   36,   34,   36,   16,   43,   26,    5,
      20,   16,   43,   43,   43,   66,   27,   66,   66,   39,   36,   36,   36,   56,   43,   20,
      66,   36,   20,    5,   20,   36,   20,   20,    1,    1,    1,   41,   42,   41,   30,   42,
       1,    1,    1,    1,  -36,  -70,  -46,  -46,  -18,   -3,  -11,  -11,  -37,  -31,  -15,  -39,
     -70,   -9,  -27,  -45,  -38,  -25,  -46,  -32,  -70,  -32,  -46,  -13,  -27,  -37,  -37,  -37,
      -9,   -9,  -11,  -37,   -9,  -50,   -9,  -39,  -34,  -35,  -18,  -18,  -13,  -62,    6,    6,
       5,    4,   14,   27,    4,   14,   27,   27,   32,   27,   20,    5,    5,    5,    5,  -36,
     -68,  -41,  -41,  -18,   -3,  -11,  -11,  -37,  -31,  -15,  -39,  -52,   -9,  -27,  -40,  -38,
     -25,  -41,  -32,  -70,  -32,  -41,  -13,  -27,  -37,  -37,  -37,   -9,   -9,  -11,  -37,   -9,
     -50,   -9,  -39,  -34,  -35,  -18,  -18,  -13,  -62,  -13,  -13,    6,    6,    5,    4,   27,
      27,    4,   13,   27,   27,   16,   27,   20,    5,    5,    5,    5,  -36,  -66,  -27,  -47,
     -18,   -3,  -11,  -11,  -37,  -31,  -15,  -57,  -66,   -9,  -27,  -42,  -38,  -25,  -79,  -32,
     -66,  -32,  -52,  -13,  -27,  -37,  -37,  -37,   -9,   -9,  -11,  -37,   -9,  -50,   -9,  -57,
     -34,  -48,  -18,  -18,  -13,  -48,    6,    6,   13,    4,   27,   27,    4,   13,   27,   27,
      16,   27,   20,   13,   13,   13,   13,   -2,  -13,  -39,  -13,  -39,  -13,  -52,  -13,  -27,
     -32,  -13,  -32,  -13,  -13,  -36,  -13,  -36,    3,  -23,  -32,  -35,   -1,  -24,  -31,  -37,
     -56,  -27,  -27,  -34,  -37,  -39,  -52,  -39,  -56,  -39,  -20,  -13,  -48,  -48,  -55,   36,
     -55,  -56,  -40,  -32,   36,   36,  -35,  -56,   57,   36,   41,  -13,  -52,  -41,  -24,  -32,
     -32,  -13,  -23,  -78,  -76,  -78,  -52,  -52,  -54,  -54,  -13,  -37,  -23,  -37,  -31,    3,
     -48,  -13,  -47,  -23,   -2,  -13,  -39,  -13,  -39,  -13,  -52,  -13,  -27,  -32,  -13,  -32,
     -13,  -13,  -36,  -13,  -36,    3,  -23,  -32,  -35,   -1,  -24,  -31,  -37,  -32,  -27,  -27,
     -14,  -21,  -39,  -52,  -39,  -73,  -39,  -20,  -13,  -48,  -48,  -55,   36,  -55,  -57,  -40,
     -32,   36,   36,  -35,  -48,   57,   36,   41,  -13,  -52,  -41,  -24,  -32,  -32,  -13,  -23,
     -78,  -76,  -78,  -52,  -52,  -54,  -54,  -13,  -37,  -23,  -37,  -31,    3,  -48,  -13,  -47,
     -23,   -2,  -13,  -23,  -13,  -23,  -13,  -52,  -13,  -27,  -32,  -13,  -32,  -13,  -13,  -61,
     -13,  -84,    3,  -23,  -32,  -35,   -1,  -24,  -31,  -37,  -32,  -27,  -27,  -14,  -21,  -23,
     -52,  -23,  -73,  -55,  -20,  -13,  -48,  -48,  -55,   36,  -55,  -57,  -40,  -32,   36,   36,
     -35,  -48,   57,   36,   41,  -13,  -52,  -41,  -24,  -32,  -32,  -13,  -23,  -78,  -76,  -78,
     -52,  -52,  -54,  -54,  -13,  -37,  -23,  -37,  -31,    3,  -48,  -13,  -47,  -37,  -24,  -25,
     -16,  -24,  -24,  -16,  -24,  -23,  -22,  -23,  -24,  -24,  -24,  -24,  -25,  -25,  -24,  -23,
     -24,  -25,  -24,  -16,  -24,  -16,  -16,  -16,  -24,  -18,  -18,  -14,  -18,    3,    9,  -18,
     -18,  -18,   20,   20,   20,   20,   20,  -22,   12,    7,  -22,  -22,    7,  -22,   12,   12,
      12,   12,  -29,   -8,   -8,   -8,   -8,  -29,  -29,  -29,  -29,    1,    1,    1,   41,   41,
      41,   42,   41,    1,    1,    1,    1,  -10,   -5,  -13,  -13,  -66,  -26,  -21,  -11,  -46,
       4,   -7,   -5,   -9,   -8,  -13,   -4,    4,    4,   -7,    4,  -66,  -66,  -66,   16,  -11,
     -66,   -5,  -89,  -25,   -9,   -9,   13,  -15,  -15,  -13,  -16,  -38,  -23,  -13,  -15,  -28,
     -15,    2,    9,  -38,  -38,  -38,    8,   -7,  -38,  -23,  -16,    6,    6,  -12,   16,   16,
      16,   29,   16,    1,    1,    1,   41,   41,   41,   35,   41,    1,    1,    1,    1,   18,
      36,   27,   36,   34,   36,   16,   39,   43,    5,   20,   16,   39,   39,   39,   66,   27,
      66,   66,   43,   36,   36,   36,   56,   39,   38,   81,   36,   20,    5,   20,   36,   20,
      20,  -15,  -15,  -13,    4,  -16,    7,  -13,  -15,  -28,  -15,    7,    7,   36,    4,  -20,
       3,    3,  -12,   -2,  -13,  -23,  -47,  -23,  -47,  -52,  -13,  -27,  -32,  -29,  -32,  -13,
     -13,  -36,  -13,  -36,    3,  -27,  -32,  -35,   -1,  -24,  -31,  -37,  -32,  -27,  -27,  -14,
     -21,  -23,  -52,  -23,  -73,  -55,  -20,  -13,  -48,  -48,  -55,   36,  -55,  -57,  -40,  -32,
      36,   36,  -35,  -48,   57,   36,   41,  -13,  -52,  -41,  -24,  -32,  -32,  -13,  -23,  -78,
     -76,  -78,  -52,  -52,  -54,  -54,  -13,  -37,  -23,  -37,  -31,    3,  -48,  -13,  -47,  -33,
      -7,   -7,  -25,  -13,   -7,  -13,   -7,   -7,  -13,  -20,  -13,  -27,  -13,  -13,  -13,  -13,
     -15,  -38,  -15,  -38,  -27,  -13,  -27,  -25,  -36,  -41,  -13,  -23,  -15,  -19,  -15,  -23,
     -15,   -8,  -23,  -23,  -13,  -13,  -48,  -38,  -21,  -15,  -15,  -13,  -16,  -15,  -28,  -15,
     -20,    9,    9,  -18,  -15,  -29,  -15,  -29,  -13,  -16,  -16,  -15,  -28,  -15,  -13,  -16,
     -25,    9,  -32,  -29,    9,  -13,  -34,  -13,  -13,  -13,  -13,  -25,   27,  -13,  -18,  -25,
     -32,   -6,  -38,  -13,  -13,    5,   -3,  -47,  -15,  -20,  -25,  -17,    6,  -17,  -36,  -10,
     -34,  -30,  -34,  -38,   -9,   -5,    1,   -4,  -12,  -27,  -27,  -13,  -29,  -13,  -13,  -28,
     -38,  -21,  -13,  -13,  -13,   -9,    1,    1,    1,   -9,  -27,   -9,  -36,  -36,  -59,    1,
     -16,   -6,  -43,  -16,  -39,  -50,  -13,  -16,  -17,  -36,  -12,  -27,  -12,   -4,  -34,  -52,
     -41,  -13,  -41,   -5,  -20,   27,  -13,  -13,  -13,  -13,  -18,  -27,  -54,  -27,  -54,  -26,
     -14,  -16,    5,  -23,  -23,  -13,   -5,   -8,    8,    2,    5,    3,    8,    6,    4,    6,
     -27,  -27,  -27,   -5,   -5,   -8,    2,    2,    2,    5,   -8,    6,   -5,    5,    5,    5,
       5,   -8,  -23,  -23,  -23,    5,    2,   14,    5,  -16,  -27,    8,    3,    8,  -23,   -9,
      -9,    8,    8,  -16,    6,  -32,  -54,    6,  -16,    2,  -16,   17,    2,    2,   17,  -16,
     -16,  -16,    2,    2,  -16,  -13,  -34,  -13,  -16,  -25,  -34,  -25,  -18,  -18,  -18,  -23,
      25,  -23,  -23,  -23,    8,    8,  -23,   -6,  -46,  -46,  -15,   -9,  -16,   -9,  -20,  -20,
     -22,  -22,  -12,  -23,  -11,  -46,  -36,  -46,   -3,  -46,  -18,  -23,  -23,  -11,  -11,  -23,
     -11,  -12,  -12,  -12,   34,   -9,  -42,  -13,  -12,  -25,  -35,  -18,  -13,  -18,  -18,  -16,
     -17,  -13,  -16,  -10,  -22,  -18,  -16,   -2,  -13,  -13,  -13,   10,  -42,  -27,  -18,  -13,
     -36,  -18,  -16,  -40,  -18,  -18,  -16,  -13,  -18,  -13,  -13,  -13,    8,  -13,    8,   -7,
      -5,   -4,   -1,  -13,   -8,  -12,  -12,  -11,  -12,  -13,  -13,  -13,  -12,  -13,   -8,   -8,
     -11,   -8,  -12,  -12,  -12,  -17,  -12,  -13,    8,  -13,  -13,  -50,  -13,  -50,  -12,  -14,
     -16,    5,  -23,  -23,  -13,   -5,   -8,    8,    2,    5,    3,    8,    6,    4,    6,  -13,
     -25,  -13,   -5,   -5,   -8,    2,    2,    2,    5,   -8,    6,   -5,    5,    5,    5,    5,
      -8,  -23,  -23,  -23,    5,    2,   14,    5,  -16,  -27,    8,    3,    8,  -23,   -9,   -9,
       8,    8,  -16,    6,  -61,  -50,    6,   -9,  -11,  -43,  -43,  -11,  -68,  -13,  -14,  -11,
      -7,  -20,  -14,  -43,  -43,  -43,  -13,  -13,  -11,  -43,  -13,  -47,  -68,  -28,  -25,  -26,
     -26,  -26,  -26,  -27,  -25,  -41,  -38,  -18,  -34,  -18,  -13,    3,  -42,  -87,   -8,  -19,
     -27,  -16,  -26,  -36,  -46,   -3,  -16,  -46,  -25,  -34,  -69,  -62,  -87,   -8,  -23,   -8,
     -87,  -16,  -79,  -87,    3,    3,    3,  -16,   -8,   34,  -25,  -19,  -18,    3,  -23,  -27,
     -43,  -16,  -64,  -70,  -75,  -13,   -8,   -8,   -8,    4,   -4,  -18,   -2,   -8,  -16,    4,
      -8,   -8,    6,   -4,   -4,   -8,   -4,   -4,   -4,    4,  -12,   -8,    4,  -18,   -8,   -8,
     -12,    8,    8,   -4,   -4,   -4,   -4,   -8,   -4,   -2,  -25,  -43,  -43,  -38,  -25,  -38,
     -59,  -16,   -8,  -25,  -16,  -16,  -16,  -25,  -45,  -57,  -34,   -8,  -38,  -43,  -50,  -27,
     -21,  -52,  -21,  -52,  -57,  -18,  -38,  -25,  -16,  -23,  -38,  -23,  -23,  -55,  -23,  -50,
     -16,  -23,  -25,  -12,  -28,    4,  -16,    4,  -39,  -34,  -21,  -34,   -4,  -21,  -27,  -23,
     -23,  -25,  -25,  -16,    4,  -23,  -25,  -16,  -25,  -25,  -25,  -25,  -27,  -27,    4,  -37,
       4,  -16,  -25,  -20,  -36,  -23,  -48,  -25,    4,    4,  -41,  -52,  -27,  -38,  -36,  -25,
     -43,  -13,  -20,  -13,  -13,  -20,  -13,  -38,  -38,  -38,  -41,  -20,   20,   20,  -25,  -59,
      25,   25,  -20,  -43,  -50,  -38,  -38,  -13,  -13,  -16,  -18,  -18,  -13,  -13,  -13,  -18,
     -43,  -18,  -13,  -12,   -5,  -40,  -12,  -38,   -8,   -3,  -11,  -10,   -5,  -40,  -18,  -18,
     -13,  -26,  -24,  -13,  -13,  -13,  -11,   -8,  -18,  -13,  -17,  -26,  -38,  -54,  -73,  -38,
       9,   -3,   -6,  -20,    5,   -3,  -13,   -6,   -7,    4,  -17,  -16,  -16,  -23,  -57,  -40,
     -70,    3,   -9,   -9,    3,  -23,  -23,  -37,  -21,   -9,  -16,   -7,  -29,  -70,  -11,   -6,
      -6,  -17,   16,   -3,  -27,  -27,  -16,  -20,  -27,   -4,
};

static constexpr EpdFontData inter_12_bold = {
    inter_12_boldBitmaps,
    inter_12_boldGlyphs,
    inter_12_boldIntervals,
    64,
    30,
    25,
    -7,
    false,
    nullptr,
    0,
    nullptr,
    nullptr,  // kernLeftClasses: built-in fonts use split arrays
    nullptr,  // kernRightClasses
    inter_12_boldKernLeftCodepoints,
    inter_12_boldKernLeftClassIds,
    inter_12_boldKernRightCodepoints,
    inter_12_boldKernRightClassIds,
    nullptr,  // kernMatrix: built-in fonts use sparse rows
    inter_12_boldKernRowOffsets,
    inter_12_boldKernSparseCols,
    inter_12_boldKernSparseValues,
    747,
    748,
    165,
    161,
    nullptr,
    0,
};
